sales_id,production_id,crop_type,crop_variety,buyer_name,buyer_type,buyer_region,channel_type,transaction_date,quantity_sold_kg,unit_price_eur,total_revenue_eur,discount_applied_eur,net_revenue_eur,shipping_cost_eur,profit_margin_pct,market_price_per_kg,price_variance
1,2874,Soybean,Yellow,Spencer-Underwood,Retailer,Hesse,Direct,2025-04-14,284.6,0.44,125.22,48.48,-8.91,85.65,12.45,0.43,0.01
2,5378,Soybean,Black,Mercado PLC,Retailer,Brandenburg,Cooperative,2025-01-03,946.8,1.13,1069.88,47.74,969.82,52.32,6.44,1.14,-0.01
3,981,Potato,Russet,Suarez-Davis,Retailer,Brandenburg,Direct,2024-07-14,621.2,0.62,385.14,31.24,339.57,14.33,19.62,0.63,-0.01
4,5762,Barley,Hulled,Thompson PLC,Wholesaler,Saxony,Cooperative,2024-11-30,426.1,0.6,255.66,45.47,127.4,82.79,21.64,0.63,-0.03
5,8281,Soybean,Black,Lawson-Lawrence,Wholesaler,Bavaria,Cooperative,2025-04-03,1091.5,0.91,993.26,47.46,910.26,35.54,5.4,0.92,-0.01
6,1885,Corn,Sweet,Tanner-Drake,Exporter,Brandenburg,Online,2025-03-20,914.4,0.62,566.93,33.25,456.82,76.86,5.69,0.58,0.04
7,7255,Wheat,Durum,Johnson-Moyer,Retailer,Hesse,Cooperative,2025-04-17,1993.1,0.98,1953.24,49.15,1843.43,60.66,11.03,1.05,-0.07
8,13297,Soybean,Yellow,Palmer PLC,Retailer,Lower Saxony,Cooperative,2025-03-08,1287.2,0.41,527.75,14.55,441.41,71.79,14.76,0.43,-0.02
9,12970,Wheat,Durum,Li-Drake,Retailer,Hesse,Cooperative,2025-02-22,849.1,0.72,611.35,15.74,545.76,49.85,13.97,0.7,0.02
10,3734,Wheat,Emmer,"Robinson, Clay and Hoffman",Retailer,Brandenburg,Direct,2025-04-19,661.6,0.67,443.27,24.35,353.68,65.24,14.16,0.64,0.03
11,10899,Corn,Sweet,Waller and Sons,Exporter,Brandenburg,Cooperative,2025-03-02,721.2,1.15,829.38,40.84,743.73,44.81,23.65,1.19,-0.04
12,3736,Corn,Dent,Young and Sons,Retailer,Lower Saxony,Direct,2024-10-29,1618.6,1.33,2152.74,17.65,2121.26,13.83,21.1,1.28,0.05
13,2509,Barley,Hulled,Olson Ltd,Retailer,Saxony,Cooperative,2025-03-14,1606.7,1.05,1687.04,13.66,1577.66,95.72,6.99,1.16,-0.11
14,10728,Potato,Russet,"Woods, Burke and Murray",Retailer,Hesse,Cooperative,2024-11-06,1144.1,0.82,938.16,18.36,832.07,87.73,21.15,0.87,-0.05
15,4532,Corn,Dent,Johnson Inc,Wholesaler,Hesse,Direct,2024-12-31,377.8,1.01,381.58,20.06,324.39,37.13,5.36,0.93,0.08
16,10715,Soybean,Yellow,Carroll Ltd,Retailer,Brandenburg,Cooperative,2024-12-06,625.7,1.49,932.29,26.61,817.06,88.62,7.73,1.43,0.06
17,10647,Barley,Hulless,"Chavez, Hansen and Caldwell",Retailer,Lower Saxony,Online,2025-05-05,1126.4,0.45,506.88,41.47,367.92,97.49,12.68,0.47,-0.02
18,14063,Potato,Red,Molina Inc,Wholesaler,Bavaria,Cooperative,2025-04-13,1809.2,1.33,2406.24,44.54,2334.75,26.95,18.09,1.22,0.11
19,2094,Corn,Sweet,Hill-Parker,Retailer,Lower Saxony,Cooperative,2025-03-29,1162.6,0.56,651.06,6.49,605.06,39.51,5.14,0.57,-0.01
20,9904,Corn,Dent,"White, Cox and Smith",Wholesaler,Hesse,Cooperative,2025-05-05,805.1,0.79,636.03,35.78,505.65,94.6,18.67,0.75,0.04
21,5296,Potato,Russet,Burke Ltd,Wholesaler,Lower Saxony,Cooperative,2024-04-10,1996.6,1.15,2296.09,43.56,2191.7,60.83,7.33,1.07,0.08
22,14076,Barley,Hulless,Smith and Sons,Retailer,Hesse,Cooperative,2024-11-01,753.3,1.15,866.29,14.73,765.5,86.06,19.35,1.17,-0.02
23,2253,Potato,Russet,Hughes LLC,Wholesaler,Saxony,Direct,2024-11-01,300.1,0.39,117.04,5.35,23.97,87.72,6.57,0.36,0.03
24,4166,Potato,Russet,Young PLC,Exporter,Brandenburg,Cooperative,2025-03-24,214.5,0.49,105.1,2.07,28.94,74.09,20.88,0.49,0.0
25,11644,Wheat,Emmer,Bowen-Compton,Wholesaler,Bavaria,Direct,2025-01-01,1791.8,0.63,1128.83,29.93,1044.17,54.73,12.6,0.69,-0.06
26,2438,Soybean,Black,"Thomas, Krueger and Trujillo",Exporter,Lower Saxony,Cooperative,2025-04-17,1115.5,0.47,524.28,2.14,464.99,57.15,7.16,0.5,-0.03
27,14307,Potato,Russet,Lynn and Sons,Retailer,Brandenburg,Online,2025-03-17,269.9,1.04,280.7,47.45,157.76,75.49,23.25,1.03,0.01
28,2088,Potato,Red,Lopez-Allen,Retailer,Brandenburg,Direct,2025-05-02,1459.1,0.96,1400.74,14.7,1307.2,78.84,12.06,0.89,0.07
29,13702,Potato,Red,Lopez Ltd,Retailer,Bavaria,Cooperative,2025-02-21,560.5,0.74,414.77,34.36,344.42,35.99,9.39,0.71,0.03
30,12244,Soybean,Black,White-Miller,Exporter,Hesse,Cooperative,2024-12-18,810.7,0.66,535.06,25.4,469.84,39.82,9.78,0.72,-0.06
31,6971,Potato,Red,"Carpenter, Baker and Smith",Exporter,Lower Saxony,Direct,2025-04-15,1984.5,1.14,2262.33,5.46,2197.86,59.01,7.26,1.06,0.08
32,12391,Soybean,Black,Martin-Clayton,Exporter,Saxony,Cooperative,2025-03-28,1573.4,0.47,739.5,46.43,679.27,13.8,23.37,0.49,-0.02
33,2688,Potato,Russet,Marshall-Johnston,Wholesaler,Brandenburg,Cooperative,2024-02-10,1446.3,0.93,1345.06,14.38,1292.93,37.75,12.19,0.85,0.08
34,12720,Barley,Hulless,Parks Inc,Retailer,Brandenburg,Cooperative,2025-04-01,1665.5,1.49,2481.59,38.99,2345.41,97.19,17.52,1.49,0.0
35,8743,Corn,Sweet,"Brown, Adams and Barnes",Retailer,Bavaria,Online,2025-05-05,222.8,1.31,291.87,36.7,172.51,82.66,12.07,1.21,0.1
36,13076,Soybean,Yellow,"Mack, Rodgers and Gibson",Exporter,Hesse,Online,2024-07-07,1922.0,0.48,922.56,19.28,867.47,35.81,18.41,0.48,0.0
37,7052,Potato,Russet,Sullivan Group,Retailer,Lower Saxony,Direct,2025-04-09,1751.9,0.36,630.68,30.15,528.86,71.67,20.08,0.34,0.02
38,2578,Potato,Red,Mitchell-Taylor,Exporter,Lower Saxony,Cooperative,2025-05-05,1013.0,1.13,1144.69,1.81,1078.55,64.33,22.36,1.07,0.06
39,94,Wheat,Emmer,"Booth, Smith and Farmer",Wholesaler,Hesse,Direct,2024-08-12,704.7,1.41,993.63,3.92,904.51,85.2,17.58,1.46,-0.05
40,11304,Potato,Red,"Page, Robinson and Liu",Wholesaler,Brandenburg,Cooperative,2024-01-24,816.5,1.04,849.16,2.18,800.68,46.3,23.67,1.02,0.02
41,11565,Barley,Hulled,Foster-Hudson,Exporter,Hesse,Direct,2025-02-26,1323.0,0.41,542.43,22.58,464.74,55.11,7.93,0.45,-0.04
42,5053,Wheat,Durum,Pollard-Harrell,Wholesaler,Brandenburg,Cooperative,2025-03-09,941.8,1.35,1271.43,13.83,1199.61,57.99,5.08,1.34,0.01
43,11802,Soybean,Black,"Bowers, Bolton and Morse",Exporter,Saxony,Online,2025-04-28,1058.9,1.04,1101.26,3.03,1085.12,13.11,12.87,0.99,0.05
44,10583,Barley,Hulless,"Jacobson, Andrews and Farley",Wholesaler,Hesse,Direct,2025-04-20,295.8,0.66,195.23,17.06,149.22,28.95,11.49,0.63,0.03
45,689,Soybean,Yellow,Hammond-Bennett,Exporter,Saxony,Online,2025-05-01,1087.9,1.05,1142.3,43.35,1029.4,69.55,6.93,1.12,-0.07
46,14381,Corn,Sweet,"Martinez, Harrison and Moore",Wholesaler,Lower Saxony,Direct,2024-11-11,1790.3,1.55,2774.96,37.87,2718.62,18.47,14.32,1.45,0.1
47,7024,Potato,Russet,Knight LLC,Retailer,Lower Saxony,Direct,2025-04-07,1404.0,0.71,996.84,30.37,917.85,48.62,8.76,0.78,-0.07
48,1739,Soybean,Black,Graham-Johnson,Retailer,Hesse,Cooperative,2025-03-25,1938.8,1.46,2830.65,1.55,2796.85,32.25,16.83,1.36,0.1
49,1240,Potato,Red,Montgomery-Tanner,Wholesaler,Lower Saxony,Cooperative,2024-08-27,975.3,0.78,760.73,2.82,712.19,45.72,5.27,0.8,-0.02
50,8961,Potato,Russet,Rodriguez-Morton,Wholesaler,Brandenburg,Direct,2025-01-21,1120.7,0.88,986.22,17.31,870.69,98.22,22.62,0.83,0.05
51,5277,Corn,Dent,Williams-Mcguire,Exporter,Hesse,Online,2024-10-03,1802.4,1.23,2216.95,2.59,2148.05,66.31,21.11,1.35,-0.12
52,1351,Wheat,Emmer,Patrick-Mcdaniel,Wholesaler,Hesse,Online,2025-05-05,1563.1,1.06,1656.89,28.28,1584.23,44.38,12.14,1.06,0.0
53,1243,Soybean,Black,"Jarvis, Kennedy and Pacheco",Exporter,Lower Saxony,Cooperative,2025-03-10,894.7,0.47,420.51,13.86,396.59,10.06,21.48,0.47,0.0
54,6918,Barley,Hulled,Robbins and Sons,Wholesaler,Hesse,Direct,2024-06-18,1386.7,1.31,1816.58,11.95,1716.14,88.49,23.07,1.34,-0.03
55,4703,Corn,Sweet,Swanson-Jackson,Wholesaler,Lower Saxony,Cooperative,2024-12-30,611.1,0.35,213.88,45.71,75.37,92.8,16.53,0.33,0.02
56,13631,Corn,Sweet,"Garcia, Smith and Edwards",Exporter,Saxony,Direct,2024-08-18,1151.5,0.64,736.96,16.17,637.67,83.12,13.79,0.7,-0.06
57,9520,Potato,Russet,Tran-Rivera,Wholesaler,Lower Saxony,Cooperative,2024-05-29,1436.9,1.14,1638.07,29.75,1562.0,46.32,20.57,1.09,0.05
58,13302,Corn,Sweet,Wheeler and Sons,Wholesaler,Bavaria,Direct,2025-01-21,1671.0,0.5,835.5,32.37,758.15,44.98,9.74,0.52,-0.02
59,8092,Potato,Russet,"Taylor, Mata and Hill",Exporter,Brandenburg,Cooperative,2024-08-31,946.6,0.38,359.71,16.02,259.3,84.39,23.63,0.4,-0.02
60,1314,Soybean,Black,Ford PLC,Retailer,Hesse,Online,2025-04-17,1450.9,1.2,1741.08,26.17,1637.91,77.0,14.31,1.27,-0.07
61,6132,Soybean,Black,Park Inc,Wholesaler,Brandenburg,Cooperative,2025-04-17,803.4,0.78,626.65,20.57,571.16,34.92,20.57,0.71,0.07
62,10001,Soybean,Yellow,Hamilton Inc,Exporter,Hesse,Online,2025-05-05,1635.6,1.32,2158.99,48.25,2081.32,29.42,15.47,1.38,-0.06
63,4715,Potato,Russet,Delgado Group,Wholesaler,Hesse,Direct,2024-08-19,735.3,0.82,602.95,36.91,493.05,72.99,9.86,0.88,-0.06
64,3174,Soybean,Black,Williams-Chan,Retailer,Brandenburg,Direct,2024-11-16,371.4,0.6,222.84,23.58,100.55,98.71,22.49,0.55,0.05
65,1747,Soybean,Black,Jackson-Herrera,Retailer,Bavaria,Direct,2025-05-05,1743.0,0.49,854.07,18.22,824.73,11.12,21.7,0.45,0.04
66,14165,Soybean,Black,Thomas Inc,Retailer,Lower Saxony,Online,2025-04-25,1858.3,1.33,2471.54,5.62,2451.98,13.94,18.38,1.28,0.05
67,11945,Soybean,Yellow,Sutton-Hughes,Exporter,Brandenburg,Cooperative,2025-04-20,1903.4,0.69,1313.35,34.75,1224.71,53.89,22.93,0.76,-0.07
68,9418,Potato,Red,"Reed, Butler and Ramos",Exporter,Lower Saxony,Online,2025-04-15,1881.1,0.89,1674.18,45.8,1616.44,11.94,16.1,0.85,0.04
69,10575,Barley,Hulless,Anderson-Patterson,Retailer,Bavaria,Cooperative,2025-03-30,1485.9,0.61,906.4,25.09,788.73,92.58,22.57,0.65,-0.04
70,2200,Soybean,Yellow,Hughes PLC,Exporter,Lower Saxony,Direct,2024-12-19,692.5,1.34,927.95,5.35,880.61,41.99,19.76,1.23,0.11
71,12788,Corn,Sweet,"Johnson, Phillips and Stewart",Retailer,Hesse,Cooperative,2025-04-06,319.3,0.34,108.56,35.2,31.17,42.19,7.14,0.37,-0.03
72,14201,Wheat,Durum,Martin Inc,Wholesaler,Saxony,Direct,2025-02-03,379.9,0.92,349.51,23.96,253.44,72.11,11.66,0.99,-0.07
73,11578,Soybean,Yellow,Mills-Johnson,Wholesaler,Brandenburg,Online,2024-04-25,1536.8,0.61,937.45,49.72,830.44,57.29,24.63,0.65,-0.04
74,10247,Potato,Russet,"Robinson, Rowe and Hanson",Exporter,Brandenburg,Direct,2025-03-17,857.5,0.82,703.15,41.66,577.91,83.58,8.61,0.9,-0.08
75,634,Soybean,Black,Parker Inc,Retailer,Bavaria,Online,2025-05-04,1865.4,1.0,1865.4,44.03,1783.99,37.38,13.34,1.02,-0.02
76,10666,Barley,Hulled,Graves-Mills,Exporter,Hesse,Cooperative,2025-05-05,920.6,0.75,690.45,32.6,564.19,93.66,12.4,0.73,0.02
77,231,Barley,Hulled,Vang Inc,Wholesaler,Bavaria,Online,2025-02-13,1883.1,0.61,1148.69,6.61,1092.61,49.47,5.38,0.57,0.04
78,8967,Wheat,Durum,Graham PLC,Retailer,Brandenburg,Direct,2024-12-07,1564.9,0.93,1455.36,38.43,1360.88,56.05,10.55,0.97,-0.04
79,8859,Wheat,Durum,Harris LLC,Retailer,Saxony,Cooperative,2024-07-19,1300.9,0.91,1183.82,5.21,1162.59,16.02,12.97,0.88,0.03
80,14076,Barley,Hulless,Mcfarland-Bates,Exporter,Lower Saxony,Cooperative,2024-12-05,242.6,1.28,310.53,9.07,210.18,91.28,12.49,1.17,0.11
81,10575,Barley,Hulless,Branch Ltd,Exporter,Lower Saxony,Direct,2024-04-25,630.5,0.64,403.52,14.67,324.43,64.42,12.68,0.65,-0.01
82,9296,Corn,Dent,Bentley PLC,Exporter,Saxony,Direct,2024-07-15,762.8,1.11,846.71,15.47,737.77,93.47,8.91,1.15,-0.04
83,8230,Barley,Hulless,Owen-Williams,Retailer,Hesse,Online,2024-05-10,1630.8,0.98,1598.18,28.97,1470.29,98.92,18.17,1.08,-0.1
84,14731,Soybean,Yellow,"Smith, Sullivan and Hebert",Wholesaler,Bavaria,Cooperative,2024-05-14,1383.1,0.35,484.08,45.56,341.08,97.44,11.25,0.33,0.02
85,5305,Wheat,Durum,Manning Inc,Exporter,Saxony,Online,2025-02-09,1757.7,0.66,1160.08,49.49,1030.25,80.34,23.4,0.66,0.0
86,11072,Soybean,Black,Moyer-Flores,Retailer,Bavaria,Cooperative,2024-08-07,511.2,0.89,454.97,34.78,321.96,98.23,16.98,0.89,0.0
87,2307,Barley,Hulless,"Miller, Mcdonald and Robbins",Wholesaler,Lower Saxony,Cooperative,2024-02-13,1328.2,0.34,451.59,30.45,361.48,59.66,11.07,0.33,0.01
88,4451,Soybean,Yellow,Jackson Ltd,Retailer,Hesse,Cooperative,2025-04-21,960.4,1.07,1027.63,22.16,961.5,43.97,19.29,1.14,-0.07
89,7620,Wheat,Durum,Rodriguez-Pruitt,Wholesaler,Brandenburg,Cooperative,2025-03-09,849.8,1.24,1053.75,2.31,966.43,85.01,9.14,1.22,0.02
90,11737,Wheat,Emmer,Hicks-Walker,Exporter,Bavaria,Direct,2024-08-15,354.2,0.49,173.56,30.39,127.43,15.74,22.31,0.53,-0.04
91,8187,Wheat,Durum,Hobbs-Lopez,Wholesaler,Brandenburg,Cooperative,2024-09-09,647.9,1.31,848.75,6.23,749.14,93.38,18.74,1.36,-0.05
92,6437,Barley,Hulless,King-Woodard,Exporter,Bavaria,Online,2025-04-02,450.9,0.6,270.54,44.63,214.71,11.2,14.38,0.63,-0.03
93,3036,Barley,Hulled,Taylor PLC,Retailer,Lower Saxony,Direct,2024-08-07,1441.0,1.03,1484.23,25.82,1385.13,73.28,6.5,0.98,0.05
94,7039,Wheat,Durum,Graham Ltd,Wholesaler,Hesse,Cooperative,2023-12-21,1084.9,0.91,987.26,11.27,906.56,69.43,23.56,0.98,-0.07
95,5883,Corn,Dent,"Ho, Wood and Edwards",Exporter,Brandenburg,Cooperative,2025-03-19,1870.4,1.23,2300.59,21.34,2264.95,14.3,9.91,1.36,-0.13
96,3584,Wheat,Durum,"Warner, Blackwell and Morse",Wholesaler,Bavaria,Direct,2025-01-15,1840.5,1.0,1840.5,4.4,1788.52,47.58,21.92,1.03,-0.03
97,7609,Potato,Red,Hale-Short,Wholesaler,Hesse,Cooperative,2025-04-14,933.1,0.79,737.15,41.48,669.27,26.4,9.38,0.8,-0.01
98,14131,Soybean,Yellow,Buckley Inc,Wholesaler,Bavaria,Online,2024-05-24,1027.2,0.58,595.78,6.6,530.78,58.4,11.41,0.6,-0.02
99,3307,Corn,Dent,Smith-Carter,Wholesaler,Saxony,Direct,2024-04-27,1559.8,1.11,1731.38,33.85,1619.55,77.98,18.64,1.02,0.09
100,10453,Corn,Dent,"Brooks, Johnson and Diaz",Exporter,Lower Saxony,Cooperative,2024-07-18,1902.8,0.37,704.04,14.35,620.25,69.44,7.21,0.4,-0.03
101,2414,Corn,Dent,"Williams, Johnson and Cox",Retailer,Brandenburg,Cooperative,2024-12-02,1472.6,1.09,1605.13,44.32,1483.52,77.29,21.97,1.11,-0.02
102,6903,Barley,Hulless,"Richardson, Raymond and Hardin",Retailer,Bavaria,Direct,2025-02-05,804.6,1.07,860.92,30.34,799.93,30.65,23.68,1.01,0.06
103,10627,Potato,Red,Webb Ltd,Retailer,Brandenburg,Direct,2024-10-11,828.8,1.16,961.41,46.89,818.86,95.66,9.86,1.23,-0.07
104,5066,Potato,Red,Dunlap PLC,Exporter,Lower Saxony,Cooperative,2024-04-25,910.5,0.64,582.72,36.32,453.92,92.48,19.24,0.67,-0.03
105,14439,Corn,Dent,"Petty, Scott and Wolf",Exporter,Hesse,Online,2025-04-15,1399.8,0.99,1385.8,39.97,1267.36,78.47,8.52,1.05,-0.06
106,12659,Corn,Dent,Saunders-Alexander,Wholesaler,Saxony,Cooperative,2024-12-28,515.3,0.96,494.69,42.74,441.79,10.16,12.37,0.94,0.02
107,8382,Barley,Hulled,"Smith, Ochoa and Walker",Exporter,Bavaria,Direct,2024-11-20,1600.9,0.54,864.49,15.89,819.47,29.13,10.36,0.57,-0.03
108,9202,Wheat,Durum,Knight PLC,Exporter,Bavaria,Online,2024-09-21,1123.6,0.77,865.17,36.52,754.01,74.64,14.64,0.85,-0.08
109,12879,Corn,Sweet,Gonzalez-Hudson,Exporter,Brandenburg,Direct,2024-06-11,1799.0,0.97,1745.03,0.05,1698.35,46.63,16.37,0.93,0.04
110,7803,Corn,Sweet,Kim Ltd,Retailer,Saxony,Online,2025-03-12,489.4,0.87,425.78,17.77,338.79,69.22,11.66,0.91,-0.04
111,1740,Barley,Hulless,Ramirez Group,Exporter,Lower Saxony,Cooperative,2024-11-30,542.1,0.92,498.73,3.02,451.86,43.85,11.7,0.86,0.06
112,2130,Corn,Sweet,"Hill, Valencia and Sanchez",Wholesaler,Saxony,Cooperative,2025-03-25,1741.3,0.66,1149.26,33.45,1045.9,69.91,23.51,0.65,0.01
113,3141,Barley,Hulless,Klein Ltd,Exporter,Saxony,Online,2024-12-01,1173.9,0.28,328.69,33.63,235.81,59.25,5.83,0.31,-0.03
114,13662,Potato,Russet,Murray Ltd,Wholesaler,Brandenburg,Online,2025-05-05,501.4,0.37,185.52,9.73,150.01,25.78,17.89,0.36,0.01
115,660,Soybean,Yellow,Schultz LLC,Wholesaler,Saxony,Cooperative,2024-06-14,1837.1,1.36,2498.46,39.12,2394.29,65.05,9.92,1.45,-0.09
116,9168,Potato,Russet,"Cook, Jackson and Saunders",Wholesaler,Brandenburg,Direct,2025-02-04,544.6,0.76,413.9,9.66,367.24,37.0,24.54,0.7,0.06
117,6742,Soybean,Yellow,Russell and Sons,Wholesaler,Lower Saxony,Online,2025-02-28,1693.4,0.48,812.83,41.97,738.77,32.09,14.51,0.44,0.04
118,11803,Barley,Hulless,"Howard, Walsh and Greer",Wholesaler,Lower Saxony,Online,2025-03-17,1051.9,1.35,1420.07,21.99,1305.97,92.11,13.58,1.27,0.08
119,9333,Soybean,Black,"Waters, Cobb and Oliver",Wholesaler,Saxony,Online,2024-12-22,1162.8,0.51,593.03,27.89,532.22,32.92,7.28,0.51,0.0
120,10317,Soybean,Black,Lewis-Hammond,Retailer,Hesse,Direct,2025-04-29,1216.1,0.95,1155.29,44.06,1032.72,78.51,18.81,1.0,-0.05
121,3517,Potato,Russet,James-Mendoza,Retailer,Saxony,Direct,2025-05-05,1105.4,0.59,652.19,5.83,620.64,25.72,18.13,0.57,0.02
122,11497,Barley,Hulled,Mccormick-Wallace,Retailer,Brandenburg,Online,2025-04-27,796.2,0.86,684.73,0.37,647.82,36.54,22.29,0.8,0.06
123,9460,Wheat,Durum,Torres-Harris,Retailer,Saxony,Online,2025-05-05,1068.8,1.41,1507.01,0.47,1427.22,79.32,21.94,1.29,0.12
124,10915,Barley,Hulled,Robinson and Sons,Exporter,Hesse,Cooperative,2024-11-07,927.1,1.28,1186.69,23.9,1141.73,21.06,16.69,1.24,0.04
125,3625,Barley,Hulless,Michael-Ortega,Retailer,Hesse,Online,2024-01-19,626.7,0.71,444.96,2.75,367.72,74.49,10.31,0.79,-0.08
126,10907,Soybean,Black,Phillips-Melton,Retailer,Saxony,Online,2025-03-03,728.2,1.28,932.1,39.86,845.3,46.94,9.83,1.27,0.01
127,10040,Corn,Sweet,Ramirez PLC,Wholesaler,Saxony,Cooperative,2025-05-05,1426.4,1.53,2182.39,47.93,2119.69,14.77,9.28,1.42,0.11
128,750,Wheat,Durum,Cisneros Inc,Retailer,Lower Saxony,Cooperative,2025-04-17,1853.1,1.26,2334.91,20.08,2237.28,77.55,6.1,1.35,-0.09
129,558,Potato,Russet,"Gates, Yang and Simmons",Exporter,Lower Saxony,Cooperative,2025-04-19,1662.2,0.88,1462.74,17.43,1405.08,40.23,7.77,0.8,0.08
130,2412,Barley,Hulless,Davis-Carter,Retailer,Hesse,Online,2025-05-03,690.0,0.6,414.0,12.37,350.07,51.56,12.3,0.65,-0.05
131,3998,Wheat,Durum,"Parker, Salazar and Taylor",Exporter,Saxony,Online,2024-11-12,1681.3,0.3,504.39,49.4,389.45,65.54,14.27,0.31,-0.01
132,11004,Wheat,Emmer,Powell-Spencer,Exporter,Bavaria,Direct,2025-03-23,1429.4,0.99,1415.11,14.65,1329.27,71.19,7.56,0.98,0.01
133,12553,Barley,Hulled,Salinas-Thompson,Exporter,Brandenburg,Online,2024-12-22,1599.8,0.68,1087.86,14.42,1038.62,34.82,7.78,0.71,-0.03
134,13928,Corn,Sweet,Fletcher Inc,Exporter,Brandenburg,Online,2024-07-31,1884.5,1.16,2186.02,1.04,2142.38,42.6,22.5,1.24,-0.08
135,3630,Barley,Hulled,Murphy-Morrison,Exporter,Hesse,Online,2025-01-05,1200.7,1.0,1200.7,36.64,1091.39,72.67,8.39,0.93,0.07
136,5409,Soybean,Yellow,Rodriguez Inc,Wholesaler,Hesse,Cooperative,2024-11-27,853.5,1.5,1280.25,22.05,1218.2,40.0,17.21,1.44,0.06
137,2625,Corn,Dent,"Jackson, Stevens and Barrera",Wholesaler,Lower Saxony,Cooperative,2024-09-15,570.1,0.41,233.74,27.17,170.74,35.83,16.29,0.42,-0.01
138,12549,Corn,Sweet,Le-Martin,Exporter,Brandenburg,Direct,2024-10-22,503.9,1.12,564.37,16.29,455.85,92.23,6.57,1.11,0.01
139,5717,Corn,Dent,Alvarez Ltd,Wholesaler,Saxony,Direct,2025-05-05,1973.8,0.71,1401.4,0.8,1334.9,65.7,18.49,0.77,-0.06
140,5732,Barley,Hulless,Martinez-Thompson,Retailer,Bavaria,Cooperative,2025-05-05,1877.1,0.65,1220.12,42.19,1102.61,75.32,8.48,0.71,-0.06
141,3813,Barley,Hulless,Hansen and Sons,Wholesaler,Hesse,Cooperative,2025-05-02,217.1,1.13,245.32,5.52,200.41,39.39,9.1,1.12,0.01
142,8874,Soybean,Yellow,"Nelson, Thompson and Wilson",Wholesaler,Saxony,Direct,2025-04-22,569.3,1.32,751.48,5.49,687.65,58.34,19.48,1.45,-0.13
143,8422,Potato,Russet,Morris-Garcia,Exporter,Saxony,Direct,2025-04-09,1704.9,0.55,937.7,3.51,861.87,72.32,22.18,0.57,-0.02
144,4494,Wheat,Emmer,"Anderson, Lane and Wilkerson",Exporter,Hesse,Direct,2025-05-05,774.7,0.45,348.62,40.6,218.25,89.77,8.7,0.49,-0.04
145,4595,Potato,Russet,Robles and Sons,Retailer,Brandenburg,Direct,2025-04-02,984.9,1.32,1300.07,36.54,1248.26,15.27,15.64,1.35,-0.03
146,1740,Barley,Hulless,"Brown, Roman and Kelly",Wholesaler,Hesse,Cooperative,2024-12-26,394.8,0.91,359.27,33.52,273.57,52.18,13.89,0.86,0.05
147,4213,Soybean,Black,Mahoney-Young,Wholesaler,Saxony,Online,2024-11-16,872.8,0.42,366.58,36.48,265.58,64.52,17.87,0.42,0.0
148,11665,Potato,Russet,Austin Group,Retailer,Bavaria,Online,2025-01-05,1507.7,1.13,1703.7,5.08,1631.83,66.79,11.39,1.21,-0.08
149,12133,Soybean,Black,Soto-Nelson,Retailer,Bavaria,Direct,2025-04-24,824.0,1.22,1005.28,49.53,918.92,36.83,23.5,1.16,0.06
150,3040,Corn,Sweet,Fernandez-Lawson,Wholesaler,Saxony,Online,2024-08-26,1234.3,1.19,1468.82,35.04,1387.9,45.88,19.54,1.18,0.01
151,14483,Barley,Hulled,"Franco, Chan and Quinn",Retailer,Saxony,Cooperative,2025-05-05,492.1,1.51,743.07,22.32,664.51,56.24,7.41,1.42,0.09
152,3614,Barley,Hulless,Greer-Wallace,Retailer,Brandenburg,Cooperative,2025-05-05,758.3,0.7,530.81,10.15,437.46,83.2,13.65,0.77,-0.07
153,12713,Wheat,Emmer,Villegas and Sons,Exporter,Saxony,Direct,2023-12-10,786.0,0.52,408.72,26.4,345.64,36.68,11.92,0.55,-0.03
154,2059,Soybean,Black,"Wilson, Clarke and Sutton",Retailer,Lower Saxony,Online,2025-04-23,1186.3,0.97,1150.71,38.32,1023.52,88.87,10.37,0.9,0.07
155,10964,Barley,Hulless,"Huff, Brown and Morrison",Exporter,Bavaria,Cooperative,2025-05-05,433.8,0.91,394.76,32.98,281.72,80.06,5.12,0.9,0.01
156,965,Wheat,Emmer,Chang-Anderson,Retailer,Lower Saxony,Online,2025-05-05,442.0,1.01,446.42,45.03,380.42,20.97,24.89,0.93,0.08
157,8394,Corn,Dent,Johnson and Sons,Exporter,Saxony,Direct,2025-01-10,1990.7,0.52,1035.16,8.44,956.81,69.91,6.28,0.48,0.04
158,9352,Wheat,Emmer,"Michael, Kelley and Johnson",Retailer,Hesse,Direct,2025-03-27,1830.5,1.47,2690.84,42.14,2595.3,53.4,16.96,1.45,0.02
159,7497,Corn,Dent,Marks PLC,Exporter,Lower Saxony,Direct,2025-03-28,542.5,0.45,244.12,22.76,141.89,79.47,10.93,0.49,-0.04
160,3278,Soybean,Yellow,"Cole, Davis and Collins",Exporter,Brandenburg,Direct,2025-01-20,1785.8,0.95,1696.51,39.44,1632.72,24.35,8.47,0.99,-0.04
161,9546,Potato,Red,Dawson Inc,Retailer,Brandenburg,Direct,2025-05-01,873.7,1.02,891.17,42.62,817.99,30.56,16.15,0.96,0.06
162,3002,Corn,Dent,"Carey, Mcbride and Grant",Wholesaler,Hesse,Online,2025-03-30,936.4,1.05,983.22,0.01,971.92,11.29,19.21,1.16,-0.11
163,3786,Soybean,Yellow,Burns-Davis,Retailer,Bavaria,Direct,2025-01-08,1308.3,0.36,470.99,35.85,362.36,72.78,19.16,0.35,0.01
164,12455,Potato,Red,Sullivan-Schwartz,Wholesaler,Brandenburg,Direct,2025-04-19,498.3,1.43,712.57,9.34,630.81,72.42,8.33,1.38,0.05
165,8476,Potato,Russet,Lawrence-Adams,Wholesaler,Brandenburg,Direct,2024-11-13,916.4,1.35,1237.14,7.0,1205.87,24.27,5.33,1.24,0.11
166,1193,Barley,Hulled,"Roberts, Grant and Huerta",Wholesaler,Hesse,Direct,2025-03-05,1199.1,0.64,767.42,11.49,734.44,21.49,16.88,0.65,-0.01
167,3542,Soybean,Black,"Day, Nicholson and Powers",Retailer,Saxony,Online,2025-03-22,1559.3,1.07,1668.45,24.22,1583.75,60.48,23.22,1.02,0.05
168,8776,Soybean,Black,Gonzales-Smith,Wholesaler,Hesse,Direct,2025-05-05,1182.6,1.15,1359.99,14.16,1257.47,88.36,5.85,1.11,0.04
169,7569,Wheat,Emmer,Tucker-Torres,Wholesaler,Brandenburg,Direct,2025-05-05,885.4,0.55,486.97,19.9,441.52,25.55,12.74,0.54,0.01
170,4658,Soybean,Yellow,Curry-Reyes,Retailer,Lower Saxony,Cooperative,2025-04-08,1694.5,0.92,1558.94,13.88,1495.41,49.65,16.9,0.85,0.07
171,9296,Corn,Dent,Barton-Hayden,Exporter,Bavaria,Online,2025-03-10,1431.8,1.2,1718.16,44.47,1609.37,64.32,9.03,1.15,0.05
172,7441,Wheat,Emmer,Mendez-Norton,Retailer,Saxony,Direct,2024-07-28,989.3,0.9,890.37,18.98,803.49,67.9,22.75,0.97,-0.07
173,6328,Corn,Dent,Ruiz-Miller,Exporter,Bavaria,Cooperative,2024-05-16,762.9,1.33,1014.66,3.57,984.48,26.61,13.92,1.33,0.0
174,9525,Potato,Russet,Stephens-Garcia,Wholesaler,Hesse,Direct,2025-01-23,291.5,1.52,443.08,15.88,374.34,52.86,15.28,1.39,0.13
175,5296,Potato,Russet,Martinez LLC,Retailer,Hesse,Direct,2024-09-23,966.5,1.14,1101.81,0.11,1041.62,60.08,5.18,1.07,0.07
176,11767,Wheat,Durum,"Wilkerson, Cochran and Key",Retailer,Brandenburg,Online,2024-12-30,507.0,1.01,512.07,23.9,451.23,36.94,10.72,0.96,0.05
177,7194,Barley,Hulled,Henry-Rodriguez,Wholesaler,Brandenburg,Direct,2024-10-04,1281.1,1.01,1293.91,43.49,1225.66,24.76,7.87,1.0,0.01
178,6483,Potato,Russet,Weaver-Myers,Retailer,Hesse,Online,2025-05-05,567.5,1.34,760.45,5.6,680.96,73.89,11.43,1.41,-0.07
179,10404,Soybean,Black,"Jenkins, Lee and Morris",Wholesaler,Lower Saxony,Online,2025-02-26,663.1,0.81,537.11,19.35,490.12,27.64,15.58,0.79,0.02
180,4818,Corn,Dent,"Gilmore, Hoover and Fuller",Wholesaler,Brandenburg,Direct,2024-10-31,1199.5,1.28,1535.36,13.34,1494.65,27.37,19.58,1.22,0.06
181,2643,Wheat,Emmer,Baker PLC,Exporter,Saxony,Cooperative,2025-04-10,1270.8,0.66,838.73,29.32,723.7,85.71,22.12,0.7,-0.04
182,1371,Wheat,Durum,Wilkins-Harris,Retailer,Bavaria,Online,2025-04-21,279.6,1.08,301.97,27.82,256.41,17.74,21.01,1.0,0.08
183,12556,Potato,Russet,"Anderson, Gutierrez and Walter",Wholesaler,Saxony,Cooperative,2024-03-08,1553.2,1.06,1646.39,35.75,1527.48,83.16,19.16,1.1,-0.04
184,3078,Barley,Hulled,"Clayton, Ford and Chase",Retailer,Lower Saxony,Online,2025-05-05,1365.9,0.49,669.29,9.54,648.44,11.31,6.7,0.48,0.01
185,13153,Corn,Sweet,Powell and Sons,Exporter,Lower Saxony,Online,2024-11-14,1252.7,1.6,2004.32,46.41,1874.78,83.13,8.76,1.48,0.12
186,12361,Barley,Hulless,Jackson Ltd,Retailer,Bavaria,Direct,2025-03-29,359.4,0.98,352.21,49.4,216.99,85.82,13.43,0.97,0.01
187,907,Wheat,Durum,"Davis, Sellers and Rodriguez",Retailer,Brandenburg,Online,2024-05-04,822.0,0.54,443.88,37.07,317.65,89.16,9.88,0.58,-0.04
188,14766,Potato,Russet,Martin PLC,Retailer,Hesse,Cooperative,2025-04-05,1787.6,1.01,1805.48,49.14,1716.1,40.24,19.08,1.12,-0.11
189,10910,Corn,Dent,Watkins-Ramsey,Wholesaler,Saxony,Online,2025-05-05,446.1,0.75,334.58,30.83,276.95,26.8,16.4,0.79,-0.04
190,7220,Corn,Dent,"Collins, White and Jones",Wholesaler,Saxony,Cooperative,2025-03-11,937.5,0.84,787.5,43.54,656.56,87.4,5.52,0.79,0.05
191,9394,Barley,Hulled,Wilson Inc,Retailer,Lower Saxony,Direct,2025-05-05,299.9,1.06,317.89,2.51,232.97,82.41,18.83,1.06,0.0
192,2664,Barley,Hulled,"Kelly, Welch and Hughes",Retailer,Hesse,Cooperative,2025-05-05,902.4,0.95,857.28,49.88,753.75,53.65,23.73,1.06,-0.11
193,7574,Potato,Russet,Sosa PLC,Exporter,Bavaria,Cooperative,2024-11-28,880.3,1.12,985.94,39.04,873.75,73.15,19.08,1.22,-0.1
194,11165,Corn,Sweet,Bush Ltd,Retailer,Bavaria,Online,2024-12-22,1563.6,1.22,1907.59,6.26,1846.43,54.9,13.17,1.17,0.05
195,3371,Soybean,Black,Pearson-Phelps,Wholesaler,Bavaria,Direct,2025-05-05,1126.9,1.14,1284.67,13.04,1172.97,98.66,20.36,1.04,0.1
196,3763,Potato,Red,"Cobb, Reese and Johnson",Retailer,Lower Saxony,Online,2024-01-08,496.9,0.94,467.09,3.79,407.78,55.52,16.85,1.02,-0.08
197,1053,Wheat,Durum,Patel Group,Retailer,Saxony,Cooperative,2024-06-16,684.1,1.24,848.28,35.4,745.37,67.51,5.07,1.37,-0.13
198,278,Barley,Hulless,Evans-Pierce,Exporter,Hesse,Online,2024-11-13,1248.2,1.05,1310.61,15.56,1234.8,60.25,17.86,0.96,0.09
199,12596,Wheat,Durum,Davis Group,Retailer,Brandenburg,Cooperative,2025-05-05,1209.8,0.93,1125.11,34.91,1010.42,79.78,14.94,0.96,-0.03
200,13717,Wheat,Emmer,"Arellano, Johnson and Wagner",Retailer,Hesse,Online,2024-08-07,1809.4,0.64,1158.02,26.35,1084.19,47.48,5.36,0.64,0.0
201,6817,Soybean,Yellow,Ponce-Hopkins,Wholesaler,Brandenburg,Cooperative,2025-03-25,710.5,1.04,738.92,23.57,700.35,15.0,8.61,1.08,-0.04
202,6508,Soybean,Yellow,Harrison-Murray,Retailer,Hesse,Cooperative,2025-02-08,274.1,1.28,350.85,27.63,294.37,28.85,6.75,1.18,0.1
203,3211,Barley,Hulless,Gallegos-Lee,Exporter,Saxony,Cooperative,2024-11-11,1555.5,1.28,1991.04,22.87,1916.99,51.18,12.14,1.31,-0.03
204,3364,Corn,Sweet,Griffin-Sawyer,Retailer,Brandenburg,Online,2024-11-16,1843.4,1.28,2359.55,2.52,2340.57,16.46,21.68,1.26,0.02
205,8981,Soybean,Yellow,Dominguez-Richards,Wholesaler,Saxony,Cooperative,2025-05-04,972.9,0.36,350.24,24.38,254.83,71.03,7.78,0.35,0.01
206,6013,Corn,Sweet,"Wilcox, Petersen and Rodriguez",Retailer,Lower Saxony,Cooperative,2024-01-31,213.5,1.39,296.76,46.43,212.83,37.5,6.08,1.42,-0.03
207,7797,Potato,Red,Fernandez PLC,Retailer,Lower Saxony,Direct,2025-03-03,344.4,0.67,230.75,35.7,135.79,59.26,6.77,0.69,-0.02
208,3193,Wheat,Emmer,Keller-Cameron,Wholesaler,Lower Saxony,Direct,2024-07-07,1992.3,1.25,2490.38,2.61,2396.24,91.53,16.87,1.16,0.09
209,10258,Wheat,Emmer,Moore LLC,Exporter,Hesse,Online,2025-05-05,613.3,0.48,294.38,1.88,214.74,77.76,8.77,0.53,-0.05
210,6620,Potato,Red,Harris and Sons,Exporter,Bavaria,Cooperative,2025-05-05,474.7,0.8,379.76,5.07,345.5,29.19,5.85,0.88,-0.08
211,11867,Soybean,Black,"Alvarado, Williams and Gates",Exporter,Bavaria,Direct,2025-04-30,1465.2,1.12,1641.02,23.43,1587.09,30.5,21.62,1.13,-0.01
212,13323,Wheat,Durum,Richards Ltd,Retailer,Hesse,Direct,2025-04-27,1098.8,0.97,1065.84,37.6,1015.16,13.08,6.77,1.04,-0.07
213,9699,Corn,Dent,Riddle LLC,Wholesaler,Bavaria,Cooperative,2025-01-24,1336.0,0.29,387.44,7.73,288.43,91.28,16.37,0.32,-0.03
214,12163,Barley,Hulled,"Torres, Wallace and Gibson",Wholesaler,Brandenburg,Direct,2024-01-08,704.4,1.09,767.8,8.37,676.09,83.34,14.72,1.03,0.06
215,2490,Barley,Hulled,"Ford, Daniels and Herring",Retailer,Hesse,Online,2025-04-07,1713.2,0.63,1079.32,44.2,974.31,60.81,19.91,0.6,0.03
216,2085,Corn,Dent,Williams-Gomez,Wholesaler,Bavaria,Direct,2024-08-06,1995.0,0.5,997.5,10.69,938.78,48.03,23.02,0.55,-0.05
217,12538,Wheat,Emmer,May LLC,Exporter,Hesse,Direct,2025-05-05,878.8,1.31,1151.23,6.66,1069.3,75.27,24.39,1.23,0.08
218,8476,Potato,Russet,Greene-Lee,Wholesaler,Bavaria,Cooperative,2024-04-04,203.7,1.2,244.44,18.33,184.52,41.59,18.16,1.24,-0.04
219,7811,Potato,Russet,Petty-Hogan,Exporter,Saxony,Direct,2024-11-16,338.4,1.44,487.3,43.35,363.75,80.2,11.8,1.5,-0.06
220,1095,Corn,Sweet,Glass-Jackson,Wholesaler,Brandenburg,Online,2024-10-27,983.8,0.42,413.2,45.28,338.45,29.47,7.74,0.43,-0.01
221,14418,Potato,Russet,Hardy-Cunningham,Retailer,Hesse,Cooperative,2024-05-24,1295.6,1.18,1528.81,48.95,1397.05,82.81,22.42,1.26,-0.08
222,9526,Wheat,Emmer,Carpenter-Bass,Retailer,Brandenburg,Direct,2025-04-14,691.4,0.6,414.84,7.13,316.15,91.56,15.64,0.62,-0.02
223,1940,Wheat,Emmer,"Keller, Gilbert and Watson",Exporter,Lower Saxony,Direct,2025-01-18,966.2,1.39,1343.02,23.77,1263.63,55.62,20.91,1.33,0.06
224,3452,Barley,Hulled,Rich LLC,Exporter,Brandenburg,Cooperative,2025-02-27,1832.2,0.42,769.52,37.06,706.33,26.13,7.76,0.42,0.0
225,4599,Barley,Hulless,Lindsey-Russell,Wholesaler,Lower Saxony,Cooperative,2025-05-05,320.1,0.38,121.64,16.57,14.35,90.72,10.63,0.42,-0.04
226,5220,Potato,Red,Miller-Green,Retailer,Lower Saxony,Online,2025-05-05,942.1,0.59,555.84,8.16,497.38,50.3,8.96,0.6,-0.01
227,12518,Corn,Dent,Brown-Clay,Wholesaler,Lower Saxony,Online,2024-11-04,1512.8,1.02,1543.06,27.62,1475.24,40.2,24.62,0.99,0.03
228,14926,Corn,Dent,Bowers-Long,Retailer,Bavaria,Direct,2025-03-11,1620.8,0.88,1426.3,23.29,1316.65,86.36,24.44,0.87,0.01
229,5044,Corn,Sweet,Gonzalez-Sherman,Wholesaler,Saxony,Direct,2024-10-05,779.0,1.05,817.95,39.58,692.62,85.75,9.19,1.11,-0.06
230,4222,Barley,Hulled,"Obrien, Walker and Skinner",Retailer,Brandenburg,Cooperative,2025-04-04,1674.4,1.21,2026.02,6.07,1944.66,75.29,24.21,1.16,0.05
231,3745,Barley,Hulless,"Montgomery, Harrell and Rodriguez",Wholesaler,Brandenburg,Cooperative,2025-04-13,536.6,1.49,799.53,26.47,736.19,36.87,17.63,1.4,0.09
232,13732,Barley,Hulless,Robinson Inc,Exporter,Saxony,Direct,2025-03-23,1903.2,1.08,2055.46,19.13,1971.25,65.08,5.69,1.12,-0.04
233,3791,Wheat,Durum,Brown-Bennett,Wholesaler,Bavaria,Online,2025-04-03,593.1,0.73,432.96,4.25,402.38,26.33,13.75,0.7,0.03
234,11962,Corn,Sweet,"Hall, Reed and Hardin",Exporter,Lower Saxony,Cooperative,2025-05-05,473.3,0.38,179.85,49.9,31.0,98.95,19.57,0.35,0.03
235,2486,Wheat,Emmer,Sanders Inc,Wholesaler,Bavaria,Online,2024-08-28,1856.7,1.12,2079.5,42.01,2002.04,35.45,19.04,1.06,0.06
236,10454,Wheat,Durum,Gonzalez-Conley,Exporter,Brandenburg,Cooperative,2025-03-29,1584.8,1.21,1917.61,39.29,1829.87,48.45,10.86,1.17,0.04
237,2238,Soybean,Yellow,Smith-Campos,Wholesaler,Bavaria,Online,2025-03-04,801.3,0.28,224.36,0.06,202.27,22.03,7.88,0.31,-0.03
238,13808,Wheat,Durum,Hall Inc,Wholesaler,Brandenburg,Direct,2025-02-14,1362.0,0.49,667.38,21.1,576.42,69.86,12.81,0.5,-0.01
239,12714,Barley,Hulless,"Jackson, Johnson and Chavez",Retailer,Saxony,Direct,2024-06-01,1846.8,0.73,1348.16,27.18,1300.32,20.66,13.4,0.69,0.04
240,5933,Barley,Hulled,Butler Ltd,Exporter,Brandenburg,Online,2025-05-05,261.4,1.27,331.98,41.92,203.72,86.34,15.57,1.3,-0.03
241,10971,Corn,Sweet,Nunez-Wallace,Retailer,Bavaria,Online,2023-11-04,1007.0,0.78,785.46,37.96,669.51,77.99,19.15,0.71,0.07
242,12826,Barley,Hulled,"Hodge, Nelson and Garcia",Exporter,Brandenburg,Online,2025-05-05,232.5,0.38,88.35,16.62,52.82,18.91,7.39,0.39,-0.01
243,14350,Wheat,Emmer,Pittman Group,Retailer,Hesse,Cooperative,2025-04-18,320.5,0.98,314.09,49.68,167.52,96.89,12.23,1.08,-0.1
244,8845,Wheat,Durum,"Lang, Thompson and Jimenez",Wholesaler,Bavaria,Online,2024-08-03,1321.7,1.34,1771.08,48.42,1651.81,70.85,17.78,1.34,0.0
245,9057,Barley,Hulled,Webb-Long,Exporter,Brandenburg,Direct,2025-05-05,777.5,0.87,676.42,14.84,567.1,94.48,16.18,0.84,0.03
246,9472,Wheat,Durum,"Riggs, Trujillo and Sanchez",Exporter,Brandenburg,Online,2025-05-05,673.5,0.39,262.67,49.03,121.51,92.13,24.65,0.37,0.02
247,13524,Potato,Russet,Campbell Ltd,Wholesaler,Lower Saxony,Direct,2024-09-20,543.9,1.52,826.73,23.5,731.07,72.16,23.62,1.38,0.14
248,6614,Barley,Hulled,Santana Group,Exporter,Saxony,Cooperative,2025-02-16,978.2,1.21,1183.62,7.8,1116.36,59.46,23.93,1.17,0.04
249,7258,Barley,Hulled,Jacobs-Buchanan,Exporter,Brandenburg,Direct,2024-03-10,1969.0,0.99,1949.31,29.27,1876.8,43.24,13.0,1.05,-0.06
250,2290,Potato,Red,Cook LLC,Retailer,Lower Saxony,Online,2024-05-21,1263.1,0.29,366.3,9.64,344.75,11.91,20.71,0.3,-0.01
251,7063,Wheat,Emmer,"Nelson, Mack and Lee",Retailer,Lower Saxony,Direct,2024-08-20,1375.6,1.0,1375.6,28.67,1309.81,37.12,12.63,0.99,0.01
252,6572,Potato,Russet,"Smith, Mccullough and Williams",Wholesaler,Saxony,Cooperative,2025-05-05,395.6,1.4,553.84,21.64,452.14,80.06,17.65,1.36,0.04
253,3049,Soybean,Black,"Perry, Jones and Patterson",Wholesaler,Bavaria,Online,2024-12-15,659.6,0.52,342.99,49.91,242.18,50.9,19.68,0.57,-0.05
254,5564,Wheat,Emmer,"Brown, Burgess and Johnson",Wholesaler,Hesse,Direct,2025-03-19,906.9,0.71,643.9,23.26,562.56,58.08,18.49,0.77,-0.06
255,11750,Soybean,Yellow,Smith-Fritz,Exporter,Lower Saxony,Cooperative,2024-07-26,1234.3,1.24,1530.53,36.25,1414.97,79.31,21.31,1.32,-0.08
256,3898,Corn,Sweet,Wilkerson-Mcguire,Retailer,Brandenburg,Online,2025-05-05,272.9,0.9,245.61,49.81,159.78,36.02,5.58,0.82,0.08
257,7265,Soybean,Black,"Nolan, Harrington and Fernandez",Retailer,Brandenburg,Direct,2025-05-03,1663.0,0.46,764.98,24.84,645.32,94.82,23.39,0.47,-0.01
258,742,Wheat,Durum,Gordon-Dalton,Retailer,Hesse,Online,2024-12-09,1998.5,1.11,2218.34,45.32,2095.25,77.77,20.29,1.18,-0.07
259,1934,Soybean,Yellow,Sanchez-Banks,Wholesaler,Hesse,Online,2024-08-18,1241.2,0.73,906.08,27.36,819.65,59.07,13.66,0.77,-0.04
260,1151,Corn,Dent,Alexander-Shah,Retailer,Saxony,Cooperative,2024-03-22,1390.6,0.3,417.18,24.67,318.57,73.94,9.52,0.33,-0.03
261,462,Soybean,Yellow,Bass-Lewis,Retailer,Lower Saxony,Direct,2025-03-31,1955.3,0.56,1094.97,37.43,990.67,66.87,24.15,0.54,0.02
262,9284,Soybean,Black,"Mann, Carr and Frazier",Wholesaler,Hesse,Online,2024-12-09,1993.3,0.91,1813.9,44.47,1674.01,95.42,16.59,0.88,0.03
263,10212,Wheat,Emmer,"Jones, Powell and Walker",Exporter,Hesse,Cooperative,2025-04-05,1843.8,0.71,1309.1,2.18,1255.78,51.14,8.3,0.76,-0.05
264,3028,Corn,Dent,Todd Group,Retailer,Bavaria,Cooperative,2025-05-05,373.3,1.11,414.36,43.22,289.74,81.4,7.14,1.16,-0.05
265,469,Corn,Sweet,Peck PLC,Wholesaler,Lower Saxony,Cooperative,2025-05-03,1246.9,1.51,1882.82,9.12,1812.41,61.29,15.91,1.42,0.09
266,2601,Wheat,Emmer,"Stevens, Klein and Vega",Wholesaler,Lower Saxony,Online,2025-05-05,377.3,0.48,181.1,29.48,125.22,26.4,23.47,0.5,-0.02
267,5332,Wheat,Durum,"Lopez, Castillo and Ellis",Exporter,Brandenburg,Cooperative,2025-04-21,313.6,0.36,112.9,25.28,-2.87,90.49,9.98,0.34,0.02
268,8858,Corn,Sweet,Beard-Zuniga,Wholesaler,Brandenburg,Online,2025-01-03,1868.9,1.35,2523.02,45.18,2445.56,32.28,22.69,1.46,-0.11
269,1368,Wheat,Durum,Olson-Wilson,Retailer,Brandenburg,Direct,2024-07-17,1251.0,1.26,1576.26,13.24,1467.32,95.7,21.49,1.18,0.08
270,14634,Corn,Sweet,Ramirez-Allen,Wholesaler,Saxony,Cooperative,2024-08-09,713.0,0.69,491.97,32.7,440.52,18.75,17.83,0.73,-0.04
271,10411,Potato,Russet,"Roberts, Palmer and Williams",Wholesaler,Hesse,Direct,2025-05-05,552.9,1.01,558.43,11.49,475.73,71.21,20.37,0.92,0.09
272,13302,Corn,Sweet,Reese-Barrett,Retailer,Lower Saxony,Direct,2025-02-28,424.8,0.56,237.89,40.75,148.17,48.97,8.1,0.52,0.04
273,9972,Wheat,Emmer,Olson-Cantu,Wholesaler,Brandenburg,Direct,2024-07-13,1675.0,0.51,854.25,46.17,740.25,67.83,17.22,0.51,0.0
274,7976,Barley,Hulless,"Morgan, Guzman and Cline",Retailer,Bavaria,Online,2025-04-19,742.9,1.21,898.91,7.57,855.22,36.12,7.92,1.3,-0.09
275,4015,Soybean,Black,"Griffin, Parker and Hernandez",Retailer,Hesse,Online,2025-02-23,1082.6,1.25,1353.25,48.07,1279.1,26.08,6.43,1.2,0.05
276,7744,Potato,Russet,Tran Inc,Wholesaler,Saxony,Direct,2025-03-05,379.2,1.12,424.7,9.64,388.64,26.42,16.86,1.18,-0.06
277,9935,Corn,Dent,Galvan Ltd,Wholesaler,Lower Saxony,Direct,2025-04-15,1866.9,1.32,2464.31,40.87,2327.86,95.58,12.93,1.33,-0.01
278,507,Potato,Red,"Cervantes, Melendez and Kim",Wholesaler,Saxony,Direct,2024-09-29,1905.1,1.5,2857.65,33.59,2762.3,61.76,6.65,1.46,0.04
279,7040,Barley,Hulled,Cruz-Garcia,Wholesaler,Bavaria,Cooperative,2024-11-25,1152.0,0.66,760.32,39.14,648.85,72.33,7.95,0.7,-0.04
280,12942,Soybean,Black,Quinn-Young,Retailer,Lower Saxony,Direct,2024-10-02,1389.4,1.38,1917.37,24.29,1808.11,84.97,7.4,1.28,0.1
281,11668,Soybean,Black,Rodriguez Group,Wholesaler,Hesse,Direct,2025-02-11,1931.4,0.76,1467.86,36.08,1368.21,63.57,10.12,0.74,0.02
282,6651,Wheat,Emmer,Goodwin LLC,Exporter,Bavaria,Online,2025-05-05,1054.0,0.81,853.74,2.27,798.89,52.58,23.25,0.77,0.04
283,6957,Barley,Hulled,"Ramirez, Kim and Young",Retailer,Bavaria,Direct,2025-05-05,1328.0,1.18,1567.04,34.71,1512.54,19.79,8.53,1.08,0.1
284,5862,Corn,Dent,"Garcia, Fox and Henderson",Exporter,Lower Saxony,Cooperative,2024-10-29,434.6,0.89,386.79,45.62,264.41,76.76,17.53,0.88,0.01
285,14949,Wheat,Durum,Hopkins PLC,Retailer,Brandenburg,Direct,2024-11-28,1727.8,1.07,1848.75,33.09,1751.97,63.69,15.62,1.13,-0.06
286,11632,Corn,Sweet,Schneider-Simmons,Exporter,Bavaria,Direct,2024-11-14,1956.9,0.96,1878.62,10.54,1835.38,32.7,20.58,0.92,0.04
287,14810,Corn,Dent,"Wright, Gutierrez and Sanchez",Wholesaler,Hesse,Cooperative,2025-04-21,1182.0,0.3,354.6,23.71,284.33,46.56,5.91,0.32,-0.02
288,10140,Wheat,Emmer,Meyer-Davis,Retailer,Hesse,Online,2025-03-21,414.4,0.46,190.62,1.47,142.65,46.5,19.03,0.45,0.01
289,12192,Wheat,Durum,Garcia-Martinez,Wholesaler,Brandenburg,Online,2024-01-15,368.9,0.76,280.36,46.85,212.8,20.71,6.52,0.74,0.02
290,861,Barley,Hulless,Erickson PLC,Wholesaler,Saxony,Online,2025-05-05,577.2,1.15,663.78,34.77,533.04,95.97,18.72,1.05,0.1
291,2669,Potato,Red,Malone-Jones,Wholesaler,Bavaria,Direct,2025-05-05,1983.1,1.08,2141.75,3.77,2039.46,98.52,15.81,1.07,0.01
292,5677,Wheat,Durum,Hampton and Sons,Retailer,Lower Saxony,Direct,2024-10-24,1000.6,1.35,1350.81,45.0,1226.0,79.81,15.97,1.29,0.06
293,9656,Wheat,Emmer,Rodriguez-Robbins,Wholesaler,Hesse,Online,2025-05-05,1015.1,0.62,629.36,35.14,550.52,43.7,11.57,0.64,-0.02
294,14732,Barley,Hulled,Garcia-Mckay,Exporter,Brandenburg,Cooperative,2025-02-22,1644.3,1.23,2022.49,24.79,1944.0,53.7,13.45,1.17,0.06
295,13944,Potato,Russet,"Garcia, Davenport and Gonzales",Exporter,Bavaria,Direct,2025-03-11,1288.1,0.8,1030.48,20.47,910.23,99.78,9.37,0.78,0.02
296,7749,Wheat,Durum,"Mitchell, Mccann and Baker",Retailer,Brandenburg,Online,2025-05-02,1139.6,0.53,603.99,46.37,524.34,33.28,24.98,0.56,-0.03
297,13426,Barley,Hulless,Garcia Ltd,Retailer,Saxony,Online,2024-03-30,1322.1,1.47,1943.49,14.94,1868.87,59.68,23.31,1.35,0.12
298,13388,Wheat,Durum,Lewis-Brown,Retailer,Brandenburg,Online,2025-05-05,1783.0,1.51,2692.33,38.5,2637.5,16.33,5.48,1.38,0.13
299,7445,Corn,Sweet,"Paul, Holmes and Tate",Wholesaler,Bavaria,Cooperative,2025-03-12,647.6,1.25,809.5,13.99,727.73,67.78,8.42,1.38,-0.13
300,6582,Soybean,Yellow,Evans-Smith,Exporter,Lower Saxony,Direct,2025-03-02,1270.2,1.53,1943.41,29.78,1900.15,13.48,22.23,1.43,0.1
301,2010,Barley,Hulled,Murphy Group,Wholesaler,Bavaria,Cooperative,2024-10-21,241.9,0.62,149.98,22.42,104.97,22.59,17.66,0.57,0.05
302,127,Soybean,Black,"Crawford, House and Bell",Retailer,Hesse,Cooperative,2025-04-24,617.0,0.87,536.79,2.58,471.49,62.72,8.38,0.81,0.06
303,7848,Barley,Hulled,"Johnston, Hernandez and Cohen",Retailer,Hesse,Direct,2025-01-15,1407.9,0.38,535.0,28.13,442.3,64.57,11.94,0.38,0.0
304,3840,Barley,Hulless,Guzman LLC,Exporter,Lower Saxony,Online,2025-01-31,373.5,1.18,440.73,47.15,371.95,21.63,14.03,1.19,-0.01
305,2257,Soybean,Yellow,Carson-Cross,Retailer,Brandenburg,Direct,2025-05-05,1252.4,1.54,1928.7,6.12,1897.71,24.87,5.72,1.43,0.11
306,784,Corn,Sweet,Barrett Inc,Exporter,Lower Saxony,Online,2025-05-05,703.5,0.6,422.1,45.54,305.38,71.18,12.2,0.61,-0.01
307,111,Corn,Dent,Smith-Parker,Wholesaler,Lower Saxony,Direct,2024-04-08,890.3,1.41,1255.32,33.28,1164.02,58.02,13.34,1.34,0.07
308,2386,Corn,Dent,Martinez-Smith,Wholesaler,Hesse,Direct,2024-05-15,246.6,0.68,167.69,2.56,132.12,33.01,10.22,0.73,-0.05
309,13661,Corn,Dent,Cooper and Sons,Wholesaler,Hesse,Online,2025-02-20,1524.1,0.45,685.84,26.88,573.8,85.16,12.02,0.42,0.03
310,9195,Barley,Hulless,Carlson-West,Exporter,Bavaria,Direct,2025-02-11,1317.6,1.42,1870.99,10.5,1828.09,32.4,8.75,1.45,-0.03
311,3823,Corn,Dent,Smith LLC,Wholesaler,Bavaria,Direct,2025-05-05,1368.8,1.18,1615.18,47.67,1534.16,33.35,6.68,1.28,-0.1
312,1879,Potato,Russet,"Jones, Mitchell and Parker",Wholesaler,Hesse,Direct,2025-03-31,358.3,0.6,214.98,17.64,124.45,72.89,9.08,0.58,0.02
313,10735,Potato,Russet,"Castillo, Nunez and Guzman",Exporter,Lower Saxony,Cooperative,2024-06-25,907.2,0.82,743.9,19.33,631.59,92.98,16.84,0.82,0.0
314,167,Soybean,Black,"Johnson, Mendoza and George",Exporter,Lower Saxony,Online,2024-06-28,1574.6,1.37,2157.2,15.25,2096.93,45.02,24.03,1.36,0.01
315,3990,Potato,Red,Anderson-Jenkins,Retailer,Lower Saxony,Cooperative,2025-04-30,1365.0,0.43,586.95,19.07,552.56,15.32,5.99,0.42,0.01
316,12062,Soybean,Black,"Johnson, Martin and Hunter",Wholesaler,Lower Saxony,Cooperative,2025-01-31,960.9,0.98,941.68,48.3,881.91,11.47,22.68,0.91,0.07
317,10660,Barley,Hulless,Ford Ltd,Retailer,Bavaria,Cooperative,2025-05-03,905.1,0.44,398.24,16.87,296.69,84.68,24.63,0.4,0.04
318,1733,Barley,Hulless,Hunter-Williams,Wholesaler,Bavaria,Online,2025-02-08,1526.8,0.87,1328.32,20.8,1241.47,66.05,22.58,0.81,0.06
319,14756,Barley,Hulled,Daniels-Hancock,Exporter,Hesse,Cooperative,2025-01-19,364.1,0.53,192.97,45.4,85.37,62.2,16.15,0.53,0.0
320,8313,Potato,Russet,Taylor and Sons,Wholesaler,Saxony,Online,2025-01-21,664.4,0.96,637.82,8.53,553.49,75.8,14.45,1.05,-0.09
321,2306,Soybean,Black,"Garcia, White and Tucker",Wholesaler,Lower Saxony,Online,2025-05-05,1325.6,0.93,1232.81,3.96,1190.81,38.04,12.38,0.97,-0.04
322,11169,Potato,Russet,Edwards Inc,Exporter,Saxony,Online,2024-12-31,1030.8,1.33,1370.96,34.57,1301.15,35.24,7.47,1.46,-0.13
323,4456,Potato,Russet,Valdez Ltd,Exporter,Bavaria,Online,2024-08-26,943.0,1.37,1291.91,31.09,1244.3,16.52,14.72,1.25,0.12
324,7954,Potato,Red,Ritter-Brooks,Wholesaler,Brandenburg,Cooperative,2025-05-05,1051.6,1.22,1282.95,44.4,1168.56,69.99,10.59,1.12,0.1
325,7077,Wheat,Durum,Chang-Martinez,Wholesaler,Bavaria,Online,2024-07-30,1347.9,0.43,579.6,45.64,452.34,81.62,5.31,0.43,0.0
326,9454,Wheat,Emmer,Burns-Turner,Exporter,Bavaria,Online,2025-02-16,1886.4,0.65,1226.16,1.66,1159.0,65.5,24.06,0.68,-0.03
327,11758,Potato,Red,Jordan-Charles,Exporter,Hesse,Cooperative,2024-07-09,301.6,0.3,90.48,17.03,9.39,64.06,19.16,0.31,-0.01
328,1609,Soybean,Yellow,"Walker, Thomas and Torres",Exporter,Saxony,Direct,2025-05-05,692.5,0.5,346.25,15.14,313.61,17.5,12.52,0.54,-0.04
329,11494,Corn,Sweet,Foster Group,Exporter,Saxony,Direct,2024-01-04,952.9,0.75,714.68,0.64,679.16,34.88,14.58,0.77,-0.02
330,7106,Barley,Hulless,Logan Ltd,Exporter,Hesse,Online,2025-04-24,1684.3,0.33,555.82,30.38,504.45,20.99,12.29,0.31,0.02
331,9979,Barley,Hulled,Solis-Olson,Retailer,Brandenburg,Cooperative,2024-04-23,863.6,0.66,569.98,37.0,520.8,12.18,19.54,0.71,-0.05
332,9578,Barley,Hulled,Peterson Inc,Retailer,Brandenburg,Direct,2024-09-09,1117.9,0.5,558.95,30.4,484.29,44.26,23.5,0.49,0.01
333,1847,Potato,Russet,Wells-Woodard,Wholesaler,Saxony,Online,2024-02-29,1108.8,0.48,532.22,11.12,493.57,27.53,14.57,0.44,0.04
334,9551,Corn,Dent,"Payne, Meyer and Peterson",Exporter,Saxony,Cooperative,2025-01-18,1586.0,0.32,507.52,17.08,443.71,46.73,9.94,0.34,-0.02
335,5457,Soybean,Yellow,"Fisher, Nelson and Sanford",Exporter,Lower Saxony,Online,2024-10-30,251.8,1.37,344.97,19.65,225.83,99.49,11.06,1.38,-0.01
336,9072,Corn,Dent,Maddox-Alexander,Exporter,Hesse,Direct,2024-11-24,1478.7,0.53,783.71,44.83,688.87,50.01,13.53,0.53,0.0
337,4453,Soybean,Yellow,Foster-Peterson,Exporter,Brandenburg,Online,2025-05-05,1512.0,1.27,1920.24,36.02,1813.75,70.47,6.61,1.19,0.08
338,3300,Soybean,Yellow,Williams PLC,Wholesaler,Hesse,Direct,2025-05-05,1024.6,0.4,409.84,31.3,289.64,88.9,11.92,0.41,-0.01
339,12685,Potato,Russet,"Cook, Patterson and Mitchell",Wholesaler,Lower Saxony,Direct,2025-05-05,485.8,0.37,179.75,43.5,92.44,43.81,22.89,0.4,-0.03
340,12559,Potato,Red,"Smith, Hawkins and Gray",Exporter,Bavaria,Cooperative,2025-03-04,1683.9,0.36,606.2,15.38,528.58,62.24,16.53,0.35,0.01
341,10032,Potato,Russet,"Ayala, Gordon and Duncan",Exporter,Lower Saxony,Online,2025-04-20,830.1,1.39,1153.84,36.47,1092.16,25.21,18.73,1.3,0.09
342,12197,Barley,Hulless,Golden-Bush,Exporter,Lower Saxony,Direct,2025-04-29,321.3,1.1,353.43,19.06,267.02,67.35,21.06,1.02,0.08
343,8760,Soybean,Black,"Stevenson, Roman and Martin",Wholesaler,Saxony,Direct,2024-11-15,1960.4,1.21,2372.08,49.98,2254.68,67.42,11.82,1.32,-0.11
344,2321,Soybean,Black,"Le, Kelley and Martinez",Wholesaler,Bavaria,Direct,2025-05-05,1491.9,1.01,1506.82,10.87,1420.78,75.17,8.3,1.03,-0.02
345,1667,Corn,Sweet,"Armstrong, Lee and Ayers",Exporter,Lower Saxony,Cooperative,2025-03-12,540.7,1.23,665.06,6.91,565.96,92.19,18.41,1.31,-0.08
346,7355,Soybean,Yellow,Pearson Ltd,Retailer,Bavaria,Cooperative,2024-11-02,1670.0,0.97,1619.9,0.21,1546.59,73.1,9.55,0.98,-0.01
347,1263,Wheat,Durum,Jackson Group,Exporter,Brandenburg,Cooperative,2024-10-29,1201.9,0.43,516.82,14.73,411.84,90.25,19.26,0.47,-0.04
348,10991,Corn,Dent,"Ford, Williams and Chambers",Exporter,Lower Saxony,Online,2025-04-29,440.7,0.54,237.98,6.82,217.81,13.35,20.44,0.5,0.04
349,14160,Corn,Dent,Martin LLC,Exporter,Saxony,Direct,2025-05-05,1258.5,0.7,880.95,30.14,804.03,46.78,17.5,0.64,0.06
350,6464,Potato,Red,"Douglas, Johnson and Cooper",Retailer,Bavaria,Direct,2024-06-14,446.9,1.05,469.24,24.8,391.28,53.16,14.07,1.08,-0.03
351,1892,Corn,Sweet,"Wood, Watson and Castillo",Wholesaler,Hesse,Direct,2025-05-05,1695.3,0.89,1508.82,29.7,1416.13,62.99,17.5,0.81,0.08
352,4881,Potato,Russet,Barnes-Rodriguez,Wholesaler,Bavaria,Direct,2025-03-31,640.5,1.16,742.98,34.22,649.6,59.16,23.04,1.1,0.06
353,11159,Potato,Red,"Simmons, Smith and Cervantes",Exporter,Bavaria,Direct,2024-08-27,1675.0,0.84,1407.0,12.93,1335.57,58.5,7.26,0.87,-0.03
354,2703,Corn,Dent,Hamilton-Douglas,Retailer,Bavaria,Direct,2024-07-11,1511.4,0.48,725.47,28.3,679.08,18.09,24.48,0.53,-0.05
355,6169,Barley,Hulless,"Richards, Johns and Castillo",Retailer,Hesse,Direct,2025-05-05,1807.8,0.55,994.29,15.76,925.53,53.0,14.87,0.54,0.01
356,1831,Barley,Hulled,Huerta LLC,Retailer,Hesse,Direct,2025-05-05,254.7,1.44,366.77,45.87,274.63,46.27,7.45,1.37,0.07
357,12026,Barley,Hulless,Bowen Group,Exporter,Lower Saxony,Cooperative,2024-01-19,1563.7,1.34,2095.36,47.75,1982.9,64.71,5.63,1.45,-0.11
358,7964,Potato,Russet,Knox-Rodriguez,Retailer,Hesse,Online,2025-04-05,1724.7,0.45,776.12,47.79,717.52,10.81,6.88,0.48,-0.03
359,3157,Corn,Sweet,"Payne, Harrison and Hansen",Wholesaler,Saxony,Cooperative,2025-02-12,699.0,0.59,412.41,25.4,340.58,46.43,16.49,0.66,-0.07
360,4925,Corn,Sweet,"Kim, Ruiz and Hicks",Retailer,Brandenburg,Direct,2024-06-20,791.8,0.35,277.13,30.79,185.49,60.85,18.26,0.32,0.03
361,10423,Corn,Dent,Carter Ltd,Wholesaler,Hesse,Direct,2024-12-10,1244.0,0.88,1094.72,1.04,1042.08,51.6,12.43,0.85,0.03
362,7117,Soybean,Yellow,Garcia PLC,Retailer,Bavaria,Direct,2024-05-16,681.9,1.15,784.18,44.66,701.74,37.78,22.44,1.07,0.08
363,5794,Potato,Russet,Miller-Lozano,Wholesaler,Bavaria,Cooperative,2025-05-05,942.5,1.0,942.5,6.72,859.98,75.8,21.67,1.04,-0.04
364,6545,Wheat,Durum,"Watson, Cruz and Nichols",Retailer,Saxony,Cooperative,2024-09-13,234.2,0.61,142.86,43.7,66.16,33.0,13.29,0.64,-0.03
365,211,Potato,Red,Waller LLC,Wholesaler,Bavaria,Online,2024-10-21,208.6,0.57,118.9,0.43,72.65,45.82,15.07,0.55,0.02
366,4627,Potato,Russet,Miller-Mason,Exporter,Saxony,Online,2025-03-24,561.6,0.48,269.57,37.59,143.67,88.31,6.84,0.48,0.0
367,13731,Barley,Hulled,Anderson and Sons,Wholesaler,Hesse,Direct,2024-09-15,581.9,0.79,459.7,17.08,360.19,82.43,6.44,0.84,-0.05
368,1209,Barley,Hulled,Johnson-Thompson,Retailer,Hesse,Cooperative,2025-04-03,1106.2,0.81,896.02,41.56,766.12,88.34,14.82,0.78,0.03
369,6684,Wheat,Emmer,Clark-Dean,Wholesaler,Brandenburg,Direct,2025-05-05,1382.3,0.57,787.91,5.97,755.34,26.6,13.98,0.59,-0.02
370,9269,Potato,Red,"Harris, Allen and Chavez",Exporter,Hesse,Direct,2023-12-22,1772.5,0.91,1612.98,47.71,1544.51,20.76,5.48,1.0,-0.09
371,9085,Corn,Dent,"Cooley, Conrad and Lewis",Retailer,Hesse,Cooperative,2025-05-04,436.0,1.08,470.88,17.15,420.23,33.5,21.4,1.07,0.01
372,3668,Corn,Dent,Wiley-Arias,Retailer,Saxony,Direct,2023-12-02,835.6,0.85,710.26,47.41,610.77,52.08,7.7,0.94,-0.09
373,5389,Potato,Russet,"Alvarez, Armstrong and Garcia",Retailer,Saxony,Cooperative,2024-12-04,257.6,1.59,409.58,14.2,355.79,39.59,5.76,1.47,0.12
374,1786,Soybean,Yellow,"Hernandez, Collier and Davis",Wholesaler,Hesse,Online,2025-05-05,1620.2,0.99,1604.0,40.86,1493.44,69.7,15.89,0.91,0.08
375,172,Corn,Dent,"Heath, Saunders and Morris",Exporter,Brandenburg,Online,2025-02-14,1543.6,0.93,1435.55,36.72,1366.05,32.78,7.9,0.99,-0.06
376,5095,Wheat,Durum,Landry PLC,Retailer,Hesse,Direct,2024-12-25,1637.9,1.29,2112.89,4.66,2038.4,69.83,13.43,1.35,-0.06
377,13098,Wheat,Durum,Jefferson LLC,Retailer,Bavaria,Cooperative,2024-10-10,1170.5,1.02,1193.91,23.05,1144.01,26.85,11.77,1.05,-0.03
378,8684,Wheat,Durum,Singh Group,Exporter,Bavaria,Cooperative,2025-05-05,1455.9,1.11,1616.05,49.05,1517.32,49.68,18.8,1.13,-0.02
379,2208,Corn,Dent,Smith-Kline,Wholesaler,Saxony,Online,2023-12-06,1053.2,1.14,1200.65,12.91,1104.03,83.71,20.75,1.2,-0.06
380,1832,Soybean,Yellow,"Jackson, Hahn and Miller",Retailer,Hesse,Online,2024-11-05,1006.8,0.42,422.86,44.13,344.91,33.82,24.72,0.41,0.01
381,9493,Wheat,Emmer,Snyder-Blackburn,Wholesaler,Lower Saxony,Cooperative,2024-12-07,1053.0,0.47,494.91,44.43,354.07,96.41,13.47,0.43,0.04
382,13959,Corn,Sweet,Long-Berry,Exporter,Saxony,Cooperative,2025-05-05,321.0,1.25,401.25,46.61,342.26,12.38,17.41,1.2,0.05
383,6600,Soybean,Yellow,Miles Group,Exporter,Saxony,Online,2024-05-10,482.3,0.93,448.54,28.98,396.93,22.63,19.23,0.97,-0.04
384,14083,Soybean,Yellow,"Gonzalez, Baker and Hardin",Exporter,Hesse,Direct,2024-10-12,341.4,0.95,324.33,15.68,210.36,98.29,23.66,1.01,-0.06
385,7554,Corn,Sweet,Miles-Anderson,Retailer,Lower Saxony,Direct,2024-03-25,416.9,0.64,266.82,38.81,206.26,21.75,21.44,0.7,-0.06
386,11417,Wheat,Emmer,"Hall, Crawford and Butler",Exporter,Saxony,Online,2024-10-26,850.7,0.54,459.38,3.63,439.73,16.02,11.9,0.58,-0.04
387,12614,Barley,Hulless,"Thomas, Christian and Baker",Exporter,Hesse,Cooperative,2024-01-18,1666.7,0.53,883.35,46.5,818.25,18.6,6.75,0.57,-0.04
388,1416,Corn,Dent,Davis and Sons,Wholesaler,Saxony,Cooperative,2025-04-17,1672.7,0.37,618.9,38.64,533.89,46.37,11.2,0.38,-0.01
389,1026,Soybean,Yellow,Taylor Group,Retailer,Saxony,Cooperative,2024-11-15,1712.9,0.53,907.84,9.63,874.3,23.91,10.98,0.52,0.01
390,2640,Corn,Dent,Martin and Sons,Retailer,Saxony,Cooperative,2024-11-06,321.1,1.14,366.05,29.82,322.22,14.01,6.14,1.14,0.0
391,948,Barley,Hulled,Villa-Jones,Wholesaler,Saxony,Online,2025-03-26,569.3,0.79,449.75,38.28,354.82,56.65,21.45,0.84,-0.05
392,3273,Potato,Russet,Martinez-Davis,Wholesaler,Lower Saxony,Direct,2025-03-14,1575.4,1.42,2237.07,40.21,2164.09,32.77,14.71,1.3,0.12
393,7245,Wheat,Emmer,"Sanchez, Krause and Spencer",Retailer,Hesse,Direct,2025-05-03,281.6,1.02,287.23,1.98,240.44,44.81,12.97,1.0,0.02
394,863,Potato,Red,Hancock and Sons,Exporter,Saxony,Cooperative,2025-04-15,895.9,0.39,349.4,31.59,231.5,86.31,24.11,0.43,-0.04
395,8599,Wheat,Emmer,Lee and Sons,Retailer,Saxony,Cooperative,2025-01-08,1663.6,1.46,2428.86,20.72,2324.35,83.79,15.6,1.37,0.09
396,302,Soybean,Yellow,"Hanson, Decker and Sutton",Retailer,Bavaria,Cooperative,2025-04-01,622.2,1.56,970.63,31.44,883.4,55.79,11.54,1.45,0.11
397,5619,Corn,Sweet,"Ward, Hays and Miller",Retailer,Brandenburg,Cooperative,2025-01-08,832.5,1.0,832.5,49.82,765.83,16.85,17.61,1.07,-0.07
398,11693,Corn,Dent,Morse-Silva,Exporter,Saxony,Online,2024-08-24,1509.2,0.36,543.31,44.69,417.4,81.22,20.54,0.38,-0.02
399,543,Corn,Dent,Adams Inc,Exporter,Brandenburg,Direct,2025-05-05,276.0,0.82,226.32,21.33,178.51,26.48,19.33,0.75,0.07
400,12895,Wheat,Emmer,"Moore, Finley and Novak",Wholesaler,Bavaria,Cooperative,2025-03-29,602.2,0.78,469.72,1.16,402.39,66.17,19.36,0.83,-0.05
401,6745,Soybean,Black,Fisher Ltd,Retailer,Lower Saxony,Cooperative,2025-01-07,1780.2,0.85,1513.17,44.05,1442.83,26.29,22.46,0.78,0.07
402,8861,Corn,Sweet,"Webb, West and Lang",Wholesaler,Saxony,Cooperative,2025-03-06,711.0,0.52,369.72,3.73,351.37,14.62,5.52,0.51,0.01
403,12024,Barley,Hulless,"Fisher, Watkins and Gutierrez",Exporter,Saxony,Cooperative,2024-05-18,1179.1,1.33,1568.2,8.49,1528.49,31.22,18.61,1.29,0.04
404,11381,Soybean,Black,Garcia-Burgess,Wholesaler,Brandenburg,Direct,2025-04-15,746.0,1.28,954.88,20.22,886.55,48.11,12.02,1.36,-0.08
405,14620,Wheat,Emmer,Bush-Jordan,Retailer,Lower Saxony,Online,2025-03-13,947.8,0.43,407.55,24.17,342.94,40.44,12.75,0.42,0.01
406,1433,Soybean,Yellow,"Anderson, Ortiz and Nguyen",Exporter,Brandenburg,Cooperative,2025-05-03,1383.7,1.39,1923.34,41.18,1847.22,34.94,20.89,1.27,0.12
407,7534,Potato,Red,Jones Group,Retailer,Saxony,Direct,2023-12-15,1135.8,0.87,988.15,8.93,895.57,83.65,12.25,0.82,0.05
408,7516,Wheat,Durum,Webb-Fuller,Retailer,Brandenburg,Cooperative,2024-09-24,791.0,0.79,624.89,41.45,532.41,51.03,18.6,0.84,-0.05
409,7059,Barley,Hulless,Shepherd LLC,Exporter,Bavaria,Cooperative,2025-05-03,925.8,0.9,833.22,47.86,710.81,74.55,10.92,0.94,-0.04
410,5139,Wheat,Emmer,Decker LLC,Wholesaler,Lower Saxony,Cooperative,2025-03-28,276.0,0.72,198.72,32.82,103.9,62.0,7.16,0.74,-0.02
411,12773,Wheat,Durum,Ross PLC,Retailer,Saxony,Online,2024-12-20,1844.3,1.09,2010.29,42.51,1903.35,64.43,6.26,1.08,0.01
412,6101,Soybean,Yellow,"Hopkins, Jackson and Cook",Wholesaler,Lower Saxony,Online,2024-03-10,302.6,0.55,166.43,8.06,138.87,19.5,11.98,0.59,-0.04
413,7677,Wheat,Emmer,"Parrish, Dean and Bennett",Wholesaler,Lower Saxony,Online,2025-05-05,1352.8,0.48,649.34,9.69,573.97,65.68,19.48,0.47,0.01
414,14943,Potato,Red,Fields-Jimenez,Exporter,Lower Saxony,Online,2025-03-07,991.0,0.98,971.18,28.24,882.56,60.38,10.06,1.03,-0.05
415,9378,Wheat,Emmer,Kemp LLC,Exporter,Bavaria,Direct,2025-05-05,860.4,1.1,946.44,26.37,837.11,82.96,14.12,1.12,-0.02
416,4402,Soybean,Black,Crane-Griffin,Exporter,Saxony,Direct,2025-03-20,1007.3,1.16,1168.47,27.64,1049.55,91.28,17.02,1.28,-0.12
417,4650,Barley,Hulled,Drake-Jarvis,Exporter,Brandenburg,Direct,2024-04-06,316.2,0.78,246.64,47.45,120.16,79.03,19.87,0.84,-0.06
418,13402,Soybean,Yellow,"Morris, Graham and Casey",Retailer,Lower Saxony,Cooperative,2025-05-05,632.4,0.65,411.06,28.04,358.41,24.61,12.48,0.61,0.04
419,7116,Corn,Sweet,"Nelson, Smith and Brown",Retailer,Saxony,Online,2025-03-23,630.2,0.43,270.99,3.56,241.75,25.68,14.22,0.44,-0.01
420,5245,Soybean,Black,Guerrero LLC,Wholesaler,Hesse,Direct,2025-04-18,1109.1,0.68,754.19,2.55,674.63,77.01,22.75,0.67,0.01
421,7876,Wheat,Emmer,Gregory-Meza,Exporter,Brandenburg,Direct,2025-04-16,1206.0,1.15,1386.9,13.43,1292.08,81.39,6.99,1.11,0.04
422,2954,Potato,Russet,Harrington PLC,Retailer,Lower Saxony,Online,2024-06-26,392.7,1.24,486.95,10.53,436.49,39.93,24.79,1.17,0.07
423,11289,Potato,Red,"Dean, Torres and Bowen",Wholesaler,Bavaria,Cooperative,2024-08-09,244.6,1.15,281.29,1.27,239.46,40.56,19.7,1.06,0.09
424,3243,Corn,Sweet,Massey Inc,Retailer,Brandenburg,Cooperative,2025-02-18,1410.9,0.46,649.01,14.68,586.74,47.59,19.95,0.42,0.04
425,11381,Soybean,Black,Bowers PLC,Retailer,Bavaria,Cooperative,2025-04-23,1390.7,1.4,1946.98,8.36,1863.81,74.81,6.61,1.36,0.04
426,3889,Corn,Dent,"Davis, Mckenzie and Henry",Retailer,Hesse,Cooperative,2024-07-18,1459.7,0.3,437.91,15.82,340.13,81.96,17.47,0.31,-0.01
427,6137,Corn,Sweet,Dunlap-Kaiser,Wholesaler,Lower Saxony,Cooperative,2025-03-13,795.8,0.65,517.27,20.92,448.04,48.31,12.42,0.68,-0.03
428,4308,Corn,Sweet,Jackson-Jones,Retailer,Brandenburg,Online,2025-05-05,1492.5,0.66,985.05,32.8,927.4,24.85,16.46,0.67,-0.01
429,5713,Soybean,Yellow,"Carey, Ware and Smith",Retailer,Saxony,Online,2025-04-17,566.3,1.56,883.43,16.53,840.43,26.47,8.67,1.5,0.06
430,10575,Barley,Hulless,"Santana, Andrews and Powers",Retailer,Bavaria,Cooperative,2025-01-21,811.3,0.69,559.8,42.07,421.06,96.67,16.45,0.65,0.04
431,5936,Soybean,Black,"Archer, Wright and Webster",Exporter,Bavaria,Direct,2025-05-05,1713.6,0.77,1319.47,40.3,1263.81,15.36,9.43,0.71,0.06
432,14117,Soybean,Black,"Thompson, Brown and Hays",Exporter,Lower Saxony,Direct,2025-05-05,1703.0,0.61,1038.83,5.76,973.48,59.59,5.08,0.59,0.02
433,7138,Corn,Dent,Jimenez and Sons,Wholesaler,Hesse,Online,2024-09-01,1344.8,0.88,1183.42,48.51,1037.93,96.98,6.86,0.89,-0.01
434,13599,Corn,Sweet,Allison-Martinez,Exporter,Saxony,Online,2024-07-12,335.9,1.36,456.82,48.08,356.35,52.39,12.35,1.3,0.06
435,8226,Barley,Hulled,Duncan-Rowe,Retailer,Saxony,Cooperative,2024-11-20,1097.0,1.08,1184.76,49.32,1056.8,78.64,11.42,1.08,0.0
436,2968,Corn,Sweet,"Dominguez, Rubio and Munoz",Wholesaler,Saxony,Online,2024-02-08,515.4,1.19,613.33,35.87,526.46,51.0,11.62,1.19,0.0
437,9808,Wheat,Emmer,"Webb, Bennett and Chen",Exporter,Bavaria,Online,2024-05-04,913.3,0.96,876.77,15.74,792.81,68.22,17.73,0.9,0.06
438,4038,Wheat,Durum,Haas-Rhodes,Wholesaler,Brandenburg,Cooperative,2025-04-20,880.9,1.37,1206.83,0.65,1189.71,16.47,6.73,1.49,-0.12
439,8429,Potato,Red,Yang-Carroll,Retailer,Bavaria,Direct,2024-03-17,1005.8,1.39,1398.06,35.24,1318.82,44.0,20.95,1.34,0.05
440,14845,Potato,Red,Jackson PLC,Wholesaler,Saxony,Online,2025-03-31,1539.7,0.84,1293.35,23.49,1201.5,68.36,10.42,0.84,0.0
441,4811,Potato,Russet,Monroe Group,Wholesaler,Lower Saxony,Direct,2025-01-27,1165.0,1.42,1654.3,44.75,1576.53,33.02,5.81,1.41,0.01
442,2860,Potato,Red,Frye-Gonzales,Retailer,Saxony,Online,2025-03-10,1786.8,0.69,1232.89,13.6,1125.44,93.85,20.78,0.72,-0.03
443,1519,Wheat,Emmer,Collins Group,Wholesaler,Bavaria,Cooperative,2025-05-05,852.7,0.71,605.42,44.8,490.4,70.22,6.55,0.73,-0.02
444,13336,Wheat,Durum,Watson-Nelson,Wholesaler,Bavaria,Direct,2025-05-05,1273.0,0.35,445.55,36.88,353.09,55.58,14.59,0.36,-0.01
445,4612,Wheat,Durum,"Tanner, Reid and Thomas",Exporter,Brandenburg,Online,2024-09-03,1720.8,0.91,1565.93,18.75,1505.54,41.64,7.5,0.97,-0.06
446,12511,Corn,Sweet,"Hays, Dawson and Patterson",Exporter,Saxony,Direct,2024-06-04,893.4,0.36,321.62,3.73,256.19,61.7,9.63,0.36,0.0
447,12257,Corn,Dent,Webb-Collins,Retailer,Bavaria,Direct,2025-03-16,816.4,1.55,1265.42,6.2,1185.77,73.45,8.88,1.43,0.12
448,454,Potato,Red,Mccoy-Owens,Wholesaler,Lower Saxony,Cooperative,2024-05-14,1412.5,1.48,2090.5,9.66,1992.95,87.89,7.27,1.49,-0.01
449,12209,Corn,Sweet,Hernandez-James,Exporter,Saxony,Direct,2025-02-27,1694.6,0.78,1321.79,2.9,1274.85,44.04,18.42,0.84,-0.06
450,12742,Corn,Dent,Baird Inc,Retailer,Hesse,Direct,2025-03-17,230.8,0.44,101.55,27.03,15.31,59.21,15.35,0.44,0.0
451,6639,Potato,Red,"Johnson, Smith and Leblanc",Wholesaler,Hesse,Online,2025-05-05,1256.7,1.31,1646.28,25.41,1592.96,27.91,16.74,1.35,-0.04
452,7810,Soybean,Black,"Brown, Patterson and Higgins",Wholesaler,Hesse,Cooperative,2025-01-15,408.6,0.34,138.92,12.23,64.79,61.9,21.53,0.33,0.01
453,2359,Potato,Russet,Clark and Sons,Retailer,Bavaria,Online,2025-05-05,1958.6,0.39,763.85,23.53,708.38,31.94,5.17,0.42,-0.03
454,2893,Soybean,Black,Norton-Barajas,Wholesaler,Bavaria,Online,2025-05-01,602.2,0.46,277.01,43.69,169.61,63.71,8.3,0.45,0.01
455,10884,Soybean,Black,White Ltd,Exporter,Saxony,Cooperative,2024-08-08,1818.7,1.47,2673.49,46.74,2609.67,17.08,17.59,1.49,-0.02
456,2795,Soybean,Yellow,Kelly Ltd,Exporter,Brandenburg,Online,2025-01-30,533.8,1.38,736.64,31.43,614.04,91.17,22.73,1.45,-0.07
457,5868,Wheat,Durum,Perez-Scott,Exporter,Bavaria,Cooperative,2025-02-22,1321.2,0.66,871.99,46.84,755.24,69.91,19.22,0.67,-0.01
458,5087,Wheat,Emmer,Hopkins PLC,Wholesaler,Brandenburg,Cooperative,2025-05-05,365.0,1.51,551.15,6.23,493.63,51.29,14.41,1.38,0.13
459,8736,Soybean,Black,"Smith, White and Wilson",Wholesaler,Bavaria,Cooperative,2025-05-05,737.1,0.82,604.42,11.95,542.55,49.92,15.19,0.9,-0.08
460,11675,Wheat,Emmer,Wilson-Tran,Wholesaler,Saxony,Online,2025-03-31,1564.5,0.89,1392.4,40.35,1335.1,16.95,14.44,0.81,0.08
461,4319,Wheat,Durum,Lopez Group,Retailer,Hesse,Direct,2025-02-28,1586.7,1.24,1967.51,12.65,1895.29,59.57,8.83,1.26,-0.02
462,11213,Corn,Sweet,Cruz Ltd,Wholesaler,Brandenburg,Cooperative,2025-05-02,1622.1,1.1,1784.31,36.4,1678.29,69.62,11.0,1.12,-0.02
463,8908,Potato,Red,Booth Group,Exporter,Brandenburg,Online,2025-04-27,1689.6,1.39,2348.54,29.14,2234.46,84.94,21.93,1.39,0.0
464,384,Potato,Red,"King, Coleman and Whitehead",Wholesaler,Hesse,Cooperative,2025-03-13,508.0,0.54,274.32,37.25,152.23,84.84,22.13,0.55,-0.01
465,13619,Wheat,Durum,Arnold-Johnson,Wholesaler,Lower Saxony,Direct,2024-11-09,1974.8,0.37,730.68,18.39,658.73,53.56,5.02,0.36,0.01
466,10606,Soybean,Yellow,"May, Porter and Ingram",Exporter,Brandenburg,Direct,2025-05-04,1900.4,0.36,684.14,12.96,597.61,73.57,17.44,0.34,0.02
467,8198,Potato,Red,"Kramer, Khan and Williams",Wholesaler,Bavaria,Cooperative,2024-09-08,240.6,0.75,180.45,17.56,125.58,37.31,10.05,0.69,0.06
468,7227,Barley,Hulled,Rasmussen and Sons,Retailer,Saxony,Cooperative,2025-05-05,1010.9,1.2,1213.08,31.44,1166.55,15.09,5.13,1.23,-0.03
469,11909,Barley,Hulled,Parrish and Sons,Wholesaler,Hesse,Online,2024-01-12,1490.0,0.35,521.5,33.97,403.4,84.13,24.33,0.33,0.02
470,9438,Corn,Dent,"Campbell, Wallace and Singleton",Wholesaler,Lower Saxony,Direct,2025-04-06,1415.2,0.68,962.34,11.83,919.48,31.03,16.64,0.68,0.0
471,7933,Barley,Hulless,Henderson PLC,Retailer,Saxony,Online,2023-12-31,1436.5,0.51,732.62,29.17,675.39,28.06,8.71,0.55,-0.04
472,13809,Potato,Russet,Cohen PLC,Wholesaler,Hesse,Online,2024-11-30,1736.5,0.44,764.06,7.48,700.15,56.43,18.15,0.46,-0.02
473,947,Potato,Russet,Clark-Williams,Retailer,Brandenburg,Direct,2024-12-27,1967.2,1.14,2242.61,15.32,2152.06,75.23,17.49,1.23,-0.09
474,1652,Wheat,Emmer,"Washington, Escobar and Lara",Exporter,Bavaria,Direct,2025-01-16,1562.2,0.79,1234.14,36.64,1164.52,32.98,13.33,0.8,-0.01
475,14269,Barley,Hulled,"Clark, Lambert and Schultz",Exporter,Hesse,Direct,2024-11-02,1802.6,0.96,1730.5,27.44,1617.73,85.33,9.87,0.95,0.01
476,3660,Wheat,Durum,Richard-Lewis,Exporter,Hesse,Online,2024-11-18,1567.9,0.58,909.38,29.41,863.09,16.88,13.28,0.58,0.0
477,780,Wheat,Emmer,Reeves-Robinson,Retailer,Bavaria,Direct,2025-05-05,751.0,0.49,367.99,12.58,320.94,34.47,15.56,0.49,0.0
478,1873,Corn,Sweet,Bridges-Williams,Wholesaler,Bavaria,Online,2024-02-05,1769.0,0.74,1309.06,42.7,1247.95,18.41,6.25,0.79,-0.05
479,2809,Wheat,Durum,Lewis-Paul,Retailer,Bavaria,Direct,2025-05-05,1667.1,0.89,1483.72,46.35,1403.65,33.72,7.19,0.96,-0.07
480,5159,Soybean,Yellow,Bailey LLC,Wholesaler,Lower Saxony,Direct,2025-05-05,1059.3,1.19,1260.57,31.81,1200.69,28.07,18.11,1.14,0.05
481,10234,Soybean,Black,Olson Ltd,Exporter,Brandenburg,Online,2025-04-07,447.7,1.11,496.95,49.08,427.19,20.68,15.85,1.12,-0.01
482,13902,Potato,Russet,"Johnson, Ellison and Joseph",Retailer,Brandenburg,Direct,2025-02-19,477.5,0.96,458.4,45.92,377.69,34.79,17.16,0.92,0.04
483,3549,Corn,Sweet,Carroll-Sherman,Wholesaler,Lower Saxony,Cooperative,2024-12-10,1076.0,0.86,925.36,19.89,863.06,42.41,18.27,0.91,-0.05
484,859,Soybean,Yellow,Martinez-Walker,Retailer,Saxony,Direct,2024-11-20,747.1,0.38,283.9,41.15,197.22,45.53,21.29,0.36,0.02
485,5332,Wheat,Durum,Dyer-Ward,Wholesaler,Lower Saxony,Online,2025-03-06,1989.5,0.31,616.74,12.01,542.03,62.7,11.21,0.34,-0.03
486,4722,Wheat,Durum,Shaw PLC,Exporter,Brandenburg,Cooperative,2025-03-27,1906.0,1.18,2249.08,38.6,2146.5,63.98,10.83,1.2,-0.02
487,4292,Wheat,Emmer,Cline-Byrd,Retailer,Hesse,Direct,2025-05-05,498.9,1.5,748.35,42.49,694.71,11.15,23.49,1.46,0.04
488,13447,Corn,Dent,Glover-Atkinson,Exporter,Saxony,Online,2025-01-14,1218.5,1.37,1669.34,26.37,1564.37,78.6,7.25,1.27,0.1
489,13403,Wheat,Emmer,"Grant, Butler and Taylor",Wholesaler,Bavaria,Cooperative,2025-03-27,925.2,0.94,869.69,3.99,826.29,39.41,24.42,0.98,-0.04
490,3638,Barley,Hulled,Howell and Sons,Retailer,Brandenburg,Online,2024-11-02,412.3,1.12,461.78,21.53,373.67,66.58,21.95,1.08,0.04
491,4521,Potato,Russet,"Hunt, Reilly and Henderson",Exporter,Bavaria,Direct,2024-08-18,908.1,0.9,817.29,43.57,754.48,19.24,20.79,0.97,-0.07
492,3822,Potato,Russet,Watson PLC,Retailer,Hesse,Direct,2024-08-26,1530.3,0.9,1377.27,13.14,1315.24,48.89,23.11,0.91,-0.01
493,3940,Corn,Dent,Skinner Inc,Retailer,Brandenburg,Direct,2024-10-21,1730.2,1.2,2076.24,30.46,2014.22,31.56,9.34,1.14,0.06
494,9526,Wheat,Emmer,Dalton Inc,Retailer,Bavaria,Online,2025-04-24,857.2,0.64,548.61,35.92,451.17,61.52,5.24,0.62,0.02
495,2889,Corn,Dent,Smith-Williams,Exporter,Hesse,Online,2025-01-29,1223.7,1.16,1419.49,13.86,1355.51,50.12,16.88,1.16,0.0
496,9917,Wheat,Emmer,Mueller Ltd,Retailer,Bavaria,Direct,2024-10-11,960.1,1.15,1104.12,17.33,1064.23,22.56,12.29,1.26,-0.11
497,5119,Wheat,Durum,Ferguson LLC,Wholesaler,Hesse,Cooperative,2025-01-14,462.8,1.02,472.06,37.5,411.13,23.43,10.65,1.08,-0.06
498,10730,Corn,Sweet,"Hernandez, Gonzales and Church",Retailer,Saxony,Online,2025-04-28,1710.9,1.26,2155.73,0.62,2093.97,61.14,20.5,1.15,0.11
499,12803,Barley,Hulless,Ross-Mcfarland,Wholesaler,Brandenburg,Online,2024-12-20,931.9,0.71,661.65,18.94,583.27,59.44,15.49,0.75,-0.04
500,5404,Barley,Hulled,Fox-Hernandez,Exporter,Lower Saxony,Direct,2024-07-22,842.0,1.2,1010.4,16.94,978.01,15.45,22.01,1.33,-0.13
501,5526,Soybean,Black,Simpson-Carter,Wholesaler,Hesse,Cooperative,2025-05-04,1227.6,0.7,859.32,28.61,744.14,86.57,7.15,0.69,0.01
502,12045,Potato,Russet,Sanders PLC,Wholesaler,Brandenburg,Online,2024-12-25,1907.0,1.25,2383.75,17.58,2310.69,55.48,17.95,1.23,0.02
503,13012,Potato,Russet,Jackson LLC,Exporter,Brandenburg,Cooperative,2025-04-26,1608.3,1.37,2203.37,21.93,2081.9,99.54,19.73,1.33,0.04
504,9422,Wheat,Durum,Hale-Mcfarland,Retailer,Lower Saxony,Cooperative,2025-04-21,1837.0,1.13,2075.81,0.21,2029.31,46.29,22.54,1.14,-0.01
505,4819,Wheat,Durum,Woodward-Christensen,Exporter,Saxony,Online,2025-05-05,1102.7,1.08,1190.92,34.85,1060.76,95.31,23.11,1.0,0.08
506,12293,Wheat,Emmer,Miles-Walters,Wholesaler,Bavaria,Online,2023-12-24,1978.0,1.39,2749.42,7.93,2715.49,26.0,19.16,1.4,-0.01
507,7330,Soybean,Black,Mack-Zamora,Exporter,Lower Saxony,Online,2025-05-05,1552.0,1.48,2296.96,42.59,2201.39,52.98,21.97,1.36,0.12
508,9330,Wheat,Emmer,Lee Group,Retailer,Brandenburg,Cooperative,2025-05-05,1031.4,0.44,453.82,14.06,376.79,62.97,20.56,0.41,0.03
509,5214,Corn,Sweet,Hood-Robles,Wholesaler,Brandenburg,Cooperative,2024-12-21,1463.3,1.22,1785.23,16.55,1683.8,84.88,17.33,1.17,0.05
510,12939,Potato,Red,Stone-Lee,Retailer,Saxony,Cooperative,2025-03-25,1844.1,0.39,719.2,17.71,658.43,43.06,6.01,0.43,-0.04
511,5340,Barley,Hulless,Alvarez LLC,Wholesaler,Saxony,Online,2025-03-23,1750.7,0.63,1102.94,5.7,1047.97,49.27,14.16,0.65,-0.02
512,7979,Barley,Hulless,Arnold-Pittman,Wholesaler,Saxony,Cooperative,2023-10-23,261.1,0.36,94.0,18.93,-9.65,84.72,14.39,0.4,-0.04
513,11516,Barley,Hulled,Luna Ltd,Exporter,Lower Saxony,Online,2024-11-15,1648.2,1.06,1747.09,4.69,1730.53,11.87,7.69,1.13,-0.07
514,5394,Soybean,Yellow,Jones-Watts,Wholesaler,Saxony,Cooperative,2024-12-31,541.7,0.97,525.45,14.78,415.77,94.9,12.98,1.08,-0.11
515,6697,Corn,Dent,"Torres, Davis and Jones",Wholesaler,Saxony,Online,2024-07-27,1929.5,1.19,2296.1,33.31,2174.48,88.31,16.48,1.09,0.1
516,3272,Corn,Sweet,Strickland-Chang,Exporter,Lower Saxony,Online,2024-09-09,1313.7,1.19,1563.3,4.65,1517.79,40.86,10.09,1.14,0.05
517,5954,Corn,Dent,Lopez PLC,Retailer,Lower Saxony,Direct,2024-02-27,854.4,0.95,811.68,31.82,750.8,29.06,17.35,0.97,-0.02
518,928,Corn,Dent,"Clayton, Murray and Kim",Exporter,Brandenburg,Cooperative,2025-04-09,1971.4,1.03,2030.54,3.93,2004.88,21.73,23.8,1.01,0.02
519,5837,Potato,Russet,"Garcia, Walters and Hatfield",Exporter,Bavaria,Direct,2025-04-25,1733.9,0.58,1005.66,19.11,954.72,31.83,14.52,0.57,0.01
520,10294,Potato,Red,Davis and Sons,Exporter,Bavaria,Cooperative,2024-06-28,1646.5,0.88,1448.92,3.79,1421.1,24.03,5.76,0.96,-0.08
521,14861,Potato,Russet,Jimenez Group,Wholesaler,Bavaria,Cooperative,2025-05-05,1222.9,1.36,1663.14,41.49,1532.0,89.65,10.17,1.37,-0.01
522,4662,Soybean,Yellow,"Smith, Valenzuela and Wright",Retailer,Hesse,Online,2025-04-29,1654.0,1.45,2398.3,5.35,2333.79,59.16,8.76,1.39,0.06
523,5195,Corn,Dent,Salinas-Garcia,Retailer,Brandenburg,Online,2025-04-26,1463.5,1.14,1668.39,4.41,1569.34,94.64,14.37,1.07,0.07
524,13076,Soybean,Yellow,Warren-Bowman,Exporter,Hesse,Online,2024-07-05,571.7,0.44,251.55,0.37,203.63,47.55,24.12,0.48,-0.04
525,5113,Barley,Hulled,"Parker, Walton and Brooks",Wholesaler,Bavaria,Online,2024-12-24,1236.4,0.51,630.56,34.93,585.23,10.4,11.09,0.54,-0.03
526,14820,Soybean,Yellow,Padilla Ltd,Wholesaler,Saxony,Online,2025-04-19,982.3,0.66,648.32,11.82,554.26,82.24,14.87,0.68,-0.02
527,10979,Corn,Sweet,"Sanders, Sims and Robinson",Exporter,Saxony,Online,2025-05-02,488.5,1.09,532.46,21.23,489.4,21.83,9.05,1.18,-0.09
528,5243,Wheat,Emmer,Mccullough-Lucas,Wholesaler,Saxony,Online,2025-04-21,1276.2,0.55,701.91,13.3,606.93,81.68,6.95,0.57,-0.02
529,12622,Soybean,Yellow,Harrell PLC,Wholesaler,Hesse,Direct,2025-03-01,1120.8,1.07,1199.26,36.75,1073.68,88.83,24.66,1.0,0.07
530,9429,Corn,Dent,Watson and Sons,Wholesaler,Brandenburg,Online,2024-09-30,1569.2,0.64,1004.29,33.15,912.27,58.87,11.78,0.6,0.04
531,14592,Potato,Red,Rich and Sons,Wholesaler,Bavaria,Cooperative,2024-06-20,1557.2,1.52,2366.94,46.16,2249.19,71.59,22.98,1.5,0.02
532,11274,Soybean,Black,Little-Nguyen,Wholesaler,Bavaria,Direct,2025-01-10,1576.9,1.3,2049.97,24.05,1962.2,63.72,19.14,1.28,0.02
533,3006,Wheat,Emmer,Fowler-Parker,Retailer,Saxony,Direct,2025-03-14,1425.3,1.16,1653.35,15.14,1546.73,91.48,7.14,1.1,0.06
534,1798,Soybean,Black,Schmitt-Scott,Exporter,Lower Saxony,Direct,2025-03-09,1198.5,1.03,1234.46,19.01,1162.59,52.86,13.46,1.06,-0.03
535,806,Soybean,Yellow,Singh LLC,Wholesaler,Saxony,Online,2025-01-11,690.1,1.18,814.32,16.81,723.89,73.62,18.21,1.1,0.08
536,5763,Wheat,Emmer,"Richards, Lane and Moreno",Wholesaler,Hesse,Direct,2025-05-05,1812.0,0.49,887.88,24.36,845.9,17.62,18.08,0.46,0.03
537,14729,Potato,Russet,Lambert PLC,Retailer,Saxony,Online,2025-04-22,822.9,1.23,1012.17,38.15,956.5,17.52,9.54,1.22,0.01
538,14932,Wheat,Emmer,Wilson LLC,Exporter,Bavaria,Cooperative,2025-01-10,1679.7,1.4,2351.58,4.7,2301.89,44.99,18.48,1.34,0.06
539,9593,Soybean,Black,"Sparks, West and Davila",Retailer,Lower Saxony,Online,2024-09-12,1623.8,0.62,1006.76,24.36,901.74,80.66,23.39,0.65,-0.03
540,9897,Wheat,Durum,Gonzalez-Avery,Exporter,Lower Saxony,Online,2024-11-08,1152.4,0.55,633.82,35.31,545.85,52.66,10.39,0.61,-0.06
541,11306,Potato,Red,"Lopez, Smith and Morris",Retailer,Lower Saxony,Cooperative,2023-12-22,1727.4,0.8,1381.92,16.51,1293.49,71.92,5.41,0.86,-0.06
542,4774,Potato,Red,Carson-Montgomery,Wholesaler,Hesse,Online,2025-05-05,1830.9,0.52,952.07,3.81,909.13,39.13,17.49,0.49,0.03
543,4070,Potato,Red,Wilson-Cortez,Retailer,Lower Saxony,Cooperative,2025-05-01,658.3,1.27,836.04,29.33,731.68,75.03,10.07,1.26,0.01
544,9551,Corn,Dent,Rivera PLC,Retailer,Saxony,Online,2024-10-07,1587.6,0.32,508.03,7.49,463.09,37.45,13.88,0.34,-0.02
545,12189,Corn,Dent,"Barton, Scott and Little",Wholesaler,Brandenburg,Online,2025-03-16,1886.9,0.57,1075.53,5.04,1014.0,56.49,9.93,0.57,0.0
546,7505,Potato,Red,Turner-Olson,Wholesaler,Bavaria,Cooperative,2024-12-19,624.7,0.36,224.89,24.48,108.4,92.01,23.78,0.33,0.03
547,9763,Wheat,Durum,Nichols-Moore,Wholesaler,Bavaria,Online,2024-10-10,629.6,0.45,283.32,27.65,179.12,76.55,11.07,0.42,0.03
548,6089,Barley,Hulless,Love and Sons,Wholesaler,Hesse,Cooperative,2025-03-11,822.2,1.18,970.2,12.83,877.95,79.42,11.85,1.3,-0.12
549,4386,Potato,Russet,Franco-Franklin,Wholesaler,Bavaria,Online,2025-03-05,1895.9,0.59,1118.58,42.28,1001.09,75.21,24.29,0.58,0.01
550,420,Corn,Sweet,Ortiz and Sons,Exporter,Lower Saxony,Direct,2025-05-05,1663.1,0.42,698.5,30.24,629.2,39.06,21.88,0.46,-0.04
551,5812,Barley,Hulled,Strickland Ltd,Retailer,Lower Saxony,Direct,2024-10-03,1968.1,0.62,1220.22,28.11,1128.6,63.51,20.97,0.6,0.02
552,6326,Corn,Dent,"Andrews, Johns and Meyers",Retailer,Bavaria,Online,2024-10-27,1948.2,0.95,1850.79,30.11,1732.18,88.5,19.1,1.01,-0.06
553,7620,Wheat,Durum,Brown Group,Wholesaler,Lower Saxony,Online,2024-07-23,989.6,1.27,1256.79,14.18,1175.05,67.56,7.61,1.22,0.05
554,5317,Corn,Sweet,Johns-Wolfe,Retailer,Lower Saxony,Cooperative,2025-04-19,834.4,1.14,951.22,40.87,815.93,94.42,15.55,1.05,0.09
555,7315,Soybean,Yellow,"Yang, Moore and Thomas",Retailer,Bavaria,Cooperative,2024-03-13,619.3,1.26,780.32,34.53,694.09,51.7,15.84,1.3,-0.04
556,12353,Corn,Dent,Mahoney-Hart,Retailer,Saxony,Online,2025-04-03,1999.7,0.83,1659.75,48.32,1571.88,39.55,20.89,0.86,-0.03
557,8878,Wheat,Durum,Jackson-Fox,Wholesaler,Hesse,Online,2024-08-01,987.6,0.87,859.21,29.32,780.92,48.97,7.05,0.88,-0.01
558,13024,Potato,Red,Simpson LLC,Exporter,Bavaria,Online,2025-04-20,680.9,0.99,674.09,34.74,580.27,59.08,11.84,0.99,0.0
559,9782,Corn,Sweet,"Dunn, Smith and Scott",Retailer,Saxony,Cooperative,2025-02-09,1087.9,0.5,543.95,13.63,453.0,77.32,16.59,0.51,-0.01
560,9410,Soybean,Black,West-Meza,Exporter,Bavaria,Direct,2025-02-07,421.9,1.45,611.76,33.62,504.29,73.85,23.57,1.5,-0.05
561,10187,Corn,Dent,Walton-Cole,Exporter,Saxony,Online,2024-07-19,1419.8,0.86,1221.03,40.37,1089.05,91.61,21.45,0.93,-0.07
562,14880,Soybean,Black,"Martinez, Waters and Butler",Retailer,Saxony,Cooperative,2024-10-25,856.3,1.4,1198.82,47.0,1097.22,54.6,8.99,1.47,-0.07
563,4969,Corn,Sweet,"White, Daniels and Blake",Wholesaler,Bavaria,Cooperative,2024-12-11,782.8,1.64,1283.79,43.34,1162.15,78.3,7.22,1.49,0.15
564,6697,Corn,Dent,"Dennis, Knight and Nelson",Wholesaler,Bavaria,Online,2024-07-10,1231.3,1.12,1379.06,48.33,1241.65,89.08,22.79,1.09,0.03
565,3160,Corn,Sweet,Wise-Mccormick,Wholesaler,Saxony,Direct,2025-05-05,892.7,0.76,678.45,16.05,567.65,94.75,9.57,0.74,0.02
566,4726,Barley,Hulled,Doyle-Andrews,Exporter,Lower Saxony,Direct,2024-08-12,587.5,1.21,710.88,10.38,638.3,62.2,23.79,1.23,-0.02
567,8828,Barley,Hulless,Harrison Group,Exporter,Hesse,Online,2025-04-05,660.2,1.21,798.84,20.44,717.93,60.47,15.08,1.19,0.02
568,6207,Wheat,Durum,"Miller, Thompson and Lewis",Wholesaler,Hesse,Online,2024-09-14,1582.3,1.29,2041.17,1.62,1965.38,74.17,12.77,1.36,-0.07
569,12106,Soybean,Yellow,"Robinson, Ferguson and Patterson",Exporter,Hesse,Direct,2024-08-01,1253.6,0.5,626.8,23.28,520.94,82.58,6.57,0.46,0.04
570,7501,Corn,Sweet,Rodriguez PLC,Exporter,Saxony,Online,2025-04-29,620.6,0.64,397.18,17.05,335.59,44.54,20.66,0.61,0.03
571,4337,Corn,Sweet,Smith and Sons,Exporter,Lower Saxony,Direct,2024-08-16,1158.3,1.08,1250.96,12.53,1216.51,21.92,6.53,1.04,0.04
572,3178,Wheat,Durum,Marshall-Dixon,Wholesaler,Bavaria,Online,2025-04-27,1764.7,0.49,864.7,40.26,741.74,82.7,7.04,0.52,-0.03
573,8584,Soybean,Yellow,Warren-Campbell,Wholesaler,Saxony,Direct,2025-05-05,1248.9,0.47,586.98,26.43,469.06,91.49,5.63,0.46,0.01
574,2256,Soybean,Yellow,Martin-Cook,Retailer,Bavaria,Direct,2024-12-14,711.0,1.5,1066.5,8.48,1037.43,20.59,23.61,1.45,0.05
575,4999,Soybean,Black,Watson-Ayers,Exporter,Saxony,Direct,2024-03-01,483.5,1.15,556.02,2.39,516.31,37.32,12.97,1.13,0.02
576,9805,Corn,Dent,Costa-Morgan,Wholesaler,Brandenburg,Direct,2025-04-09,1958.8,0.77,1508.28,44.17,1400.31,63.8,11.1,0.79,-0.02
577,4381,Potato,Red,"Mack, Smith and Davis",Exporter,Brandenburg,Direct,2024-12-05,1295.7,0.63,816.29,37.68,743.66,34.95,19.92,0.59,0.04
578,6378,Soybean,Black,Harris-Gordon,Exporter,Brandenburg,Direct,2024-06-03,1841.6,0.66,1215.46,44.76,1135.87,34.83,16.89,0.68,-0.02
579,8092,Potato,Russet,Romero and Sons,Retailer,Brandenburg,Direct,2024-12-20,629.7,0.43,270.77,39.37,150.41,80.99,9.92,0.4,0.03
580,5498,Soybean,Black,"Garcia, Valencia and Wilson",Exporter,Bavaria,Direct,2024-08-04,1789.8,1.14,2040.37,35.74,1985.05,19.58,5.54,1.12,0.02
581,12361,Barley,Hulless,Owen-Gutierrez,Wholesaler,Lower Saxony,Online,2025-04-23,1855.0,0.88,1632.4,1.31,1557.24,73.85,13.15,0.97,-0.09
582,1861,Corn,Dent,Wall LLC,Retailer,Hesse,Online,2025-02-03,1326.2,0.91,1206.84,2.04,1133.51,71.29,9.13,0.93,-0.02
583,5886,Potato,Russet,Stevens LLC,Exporter,Bavaria,Online,2025-05-05,530.0,1.31,694.3,37.1,634.95,22.25,24.57,1.45,-0.14
584,5988,Corn,Sweet,Barnes-Reynolds,Wholesaler,Brandenburg,Online,2024-12-27,1257.1,1.37,1722.23,6.43,1643.77,72.03,22.16,1.34,0.03
585,4901,Potato,Red,Smith-Davis,Wholesaler,Bavaria,Online,2024-10-25,458.7,1.2,550.44,11.13,471.15,68.16,8.56,1.12,0.08
586,8441,Soybean,Black,"Carpenter, Barnes and Ward",Wholesaler,Hesse,Direct,2024-04-15,1026.7,0.48,492.82,36.33,365.64,90.85,11.14,0.49,-0.01
587,4377,Barley,Hulless,Wilson and Sons,Exporter,Bavaria,Online,2025-05-05,1071.5,0.98,1050.07,1.08,981.94,67.05,7.72,0.97,0.01
588,2402,Potato,Russet,Walker and Sons,Wholesaler,Saxony,Online,2025-05-05,1264.9,0.81,1024.57,21.8,990.17,12.6,22.39,0.86,-0.05
589,3301,Barley,Hulless,"Fowler, Gilmore and Evans",Wholesaler,Brandenburg,Online,2025-01-07,503.8,1.2,604.56,42.35,481.86,80.35,15.78,1.18,0.02
590,14541,Soybean,Black,Johnson PLC,Retailer,Hesse,Cooperative,2025-05-05,1386.7,0.43,596.28,17.84,533.89,44.55,15.23,0.41,0.02
591,2528,Barley,Hulless,"Mills, Bowen and Hoffman",Retailer,Lower Saxony,Online,2024-07-18,332.5,0.54,179.55,0.34,108.68,70.53,13.1,0.58,-0.04
592,7480,Potato,Russet,White Group,Wholesaler,Hesse,Cooperative,2025-05-05,550.7,1.3,715.91,1.28,678.28,36.35,14.61,1.4,-0.1
593,8579,Potato,Red,"Buck, Guzman and Burns",Exporter,Hesse,Cooperative,2023-12-14,305.6,0.41,125.3,38.6,53.86,32.84,21.52,0.44,-0.03
594,13161,Soybean,Black,White Inc,Retailer,Brandenburg,Direct,2024-03-02,699.3,0.99,692.31,4.26,643.24,44.81,21.51,1.05,-0.06
595,1756,Soybean,Yellow,Palmer Group,Wholesaler,Brandenburg,Direct,2024-01-06,1200.4,0.41,492.16,32.84,443.91,15.41,16.18,0.41,0.0
596,7939,Corn,Dent,Hall-Hensley,Wholesaler,Saxony,Online,2025-05-05,1743.8,1.15,2005.37,30.08,1888.77,86.52,12.36,1.21,-0.06
597,12560,Barley,Hulled,"Hudson, Meyer and Sawyer",Exporter,Bavaria,Cooperative,2023-10-15,503.8,0.47,236.79,10.57,195.68,30.54,17.33,0.51,-0.04
598,6686,Corn,Dent,"Castaneda, Atkinson and Jones",Retailer,Hesse,Cooperative,2024-01-10,653.9,1.45,948.16,27.49,890.35,30.32,11.53,1.48,-0.03
599,9500,Soybean,Yellow,Fox-Walsh,Exporter,Hesse,Direct,2024-12-16,1443.3,0.65,938.14,10.14,914.12,13.88,7.02,0.62,0.03
600,11370,Corn,Dent,Campbell PLC,Retailer,Saxony,Online,2024-11-13,751.7,1.08,811.84,21.27,757.39,33.18,24.46,1.01,0.07
601,1968,Wheat,Emmer,"Lynch, Collins and Reyes",Retailer,Bavaria,Direct,2024-07-17,1525.0,0.93,1418.25,9.08,1386.22,22.95,7.42,0.89,0.04
602,89,Potato,Russet,Vasquez Inc,Wholesaler,Lower Saxony,Cooperative,2025-02-05,220.7,0.36,79.45,1.26,2.89,75.3,24.41,0.4,-0.04
603,1562,Wheat,Durum,Sims Ltd,Exporter,Brandenburg,Direct,2025-04-09,1399.9,1.2,1679.88,38.06,1628.04,13.78,5.23,1.33,-0.13
604,2099,Potato,Red,Reed-Holmes,Retailer,Lower Saxony,Direct,2024-11-11,917.7,1.47,1349.02,10.61,1296.88,41.53,11.65,1.5,-0.03
605,14141,Wheat,Durum,"Gordon, Russell and Richmond",Wholesaler,Saxony,Direct,2025-04-17,1144.8,1.21,1385.21,1.5,1299.41,84.3,11.2,1.1,0.11
606,4202,Barley,Hulled,Morgan Group,Retailer,Lower Saxony,Direct,2025-03-03,1285.4,1.0,1285.4,37.98,1208.67,38.75,14.62,0.92,0.08
607,11722,Corn,Sweet,Nelson-Davidson,Exporter,Lower Saxony,Direct,2024-08-29,1827.5,0.48,877.2,23.7,792.9,60.6,16.58,0.47,0.01
608,8109,Wheat,Durum,Cantrell-Cruz,Wholesaler,Lower Saxony,Direct,2025-04-02,455.2,0.9,409.68,17.82,330.8,61.06,18.38,0.97,-0.07
609,5651,Wheat,Emmer,"Key, Madden and Page",Retailer,Saxony,Direct,2025-05-05,1582.4,1.35,2136.24,26.6,2075.5,34.14,14.3,1.28,0.07
610,1085,Barley,Hulless,Copeland-Robertson,Exporter,Saxony,Direct,2024-04-24,1166.4,1.48,1726.27,12.78,1646.21,67.28,15.95,1.49,-0.01
611,5729,Corn,Dent,"Smith, Leonard and Roberts",Wholesaler,Brandenburg,Direct,2024-11-10,1504.2,1.21,1820.08,4.49,1749.18,66.41,7.61,1.32,-0.11
612,1623,Potato,Red,Nunez and Sons,Wholesaler,Brandenburg,Cooperative,2024-10-11,1354.2,0.52,704.18,44.33,622.41,37.44,21.99,0.53,-0.01
613,88,Potato,Red,"Gonzalez, Sanchez and Donovan",Exporter,Brandenburg,Online,2024-08-11,409.2,0.44,180.05,12.65,73.7,93.7,7.48,0.4,0.04
614,7590,Barley,Hulled,Wheeler PLC,Exporter,Saxony,Cooperative,2025-02-02,1031.4,0.97,1000.46,19.6,894.59,86.27,21.96,0.97,0.0
615,9392,Potato,Red,Phillips and Sons,Wholesaler,Brandenburg,Online,2025-04-01,1680.0,1.17,1965.6,5.01,1936.66,23.93,24.12,1.19,-0.02
616,12228,Wheat,Durum,Welch-Martin,Wholesaler,Bavaria,Online,2025-04-29,350.1,1.33,465.63,40.06,354.81,70.76,16.26,1.32,0.01
617,807,Potato,Red,Patel PLC,Retailer,Lower Saxony,Cooperative,2025-01-17,1894.2,1.09,2064.68,16.76,1950.18,97.74,12.16,1.05,0.04
618,13429,Wheat,Durum,Miller LLC,Exporter,Bavaria,Cooperative,2025-05-05,1157.7,0.68,787.24,20.83,704.52,61.89,24.24,0.74,-0.06
619,10636,Wheat,Durum,"Sexton, Cummings and Harris",Retailer,Bavaria,Cooperative,2025-04-29,811.8,0.98,795.56,45.82,660.34,89.4,20.63,0.97,0.01
620,3901,Wheat,Emmer,"Larson, Hernandez and Sullivan",Wholesaler,Bavaria,Cooperative,2024-12-12,1994.5,0.33,658.18,15.49,629.37,13.32,19.98,0.33,0.0
621,13466,Corn,Sweet,"Bass, Hurley and Wiley",Exporter,Lower Saxony,Online,2025-04-15,622.6,0.93,579.02,0.94,548.69,29.39,19.02,0.88,0.05
622,1684,Corn,Dent,Sanders-Farmer,Exporter,Bavaria,Online,2025-01-26,393.9,1.33,523.89,32.67,443.75,47.47,21.65,1.23,0.1
623,14937,Soybean,Black,"Pierce, Hall and Ingram",Exporter,Lower Saxony,Online,2025-04-29,1404.7,0.68,955.2,43.59,879.65,31.96,22.84,0.7,-0.02
624,2125,Potato,Russet,Clark Group,Wholesaler,Bavaria,Direct,2024-11-02,1817.4,1.3,2362.62,33.06,2237.31,92.25,16.57,1.21,0.09
625,2400,Soybean,Yellow,"Kane, Jarvis and Acosta",Retailer,Bavaria,Cooperative,2024-10-31,1590.9,0.33,525.0,21.2,426.68,77.12,16.65,0.31,0.02
626,6795,Potato,Red,Alexander-Mcneil,Retailer,Brandenburg,Cooperative,2024-11-25,248.0,1.52,376.96,7.54,299.29,70.13,11.59,1.49,0.03
627,3585,Wheat,Durum,Pena and Sons,Wholesaler,Lower Saxony,Online,2024-10-16,319.9,0.86,275.11,25.63,199.62,49.86,12.89,0.84,0.02
628,12633,Wheat,Emmer,Flores-Richards,Wholesaler,Saxony,Cooperative,2025-05-03,1226.9,1.23,1509.09,16.38,1402.18,90.53,14.96,1.28,-0.05
629,1574,Barley,Hulless,Tran Group,Retailer,Hesse,Cooperative,2025-02-17,684.3,0.93,636.4,38.75,572.71,24.94,16.7,0.91,0.02
630,3407,Soybean,Yellow,Cervantes-Hamilton,Exporter,Brandenburg,Direct,2024-08-23,1700.2,0.53,901.11,48.94,755.37,96.8,19.07,0.48,0.05
631,2232,Corn,Dent,Hebert and Sons,Retailer,Hesse,Online,2024-12-05,1354.0,0.39,528.06,39.53,440.03,48.5,6.84,0.39,0.0
632,2950,Corn,Dent,"Parker, Stevens and Tyler",Wholesaler,Brandenburg,Online,2024-12-14,955.6,0.71,678.48,40.93,617.36,20.19,5.63,0.7,0.01
633,7751,Wheat,Emmer,Smith-Weiss,Retailer,Saxony,Direct,2025-03-24,1619.6,0.51,826.0,41.6,769.61,14.79,18.73,0.52,-0.01
634,10906,Wheat,Durum,Harvey-Martinez,Exporter,Saxony,Cooperative,2025-04-10,1349.0,0.93,1254.57,42.05,1179.74,32.78,21.39,1.02,-0.09
635,7943,Wheat,Emmer,Rubio-Fisher,Wholesaler,Bavaria,Direct,2024-12-02,1513.2,0.6,907.92,35.56,800.65,71.71,19.5,0.56,0.04
636,12518,Corn,Dent,Collins-Davis,Retailer,Bavaria,Cooperative,2025-04-05,956.3,0.92,879.8,23.24,832.4,24.16,11.67,0.99,-0.07
637,12122,Corn,Sweet,Brown LLC,Retailer,Bavaria,Cooperative,2025-05-05,609.8,0.34,207.33,7.92,185.56,13.85,17.6,0.32,0.02
638,10041,Wheat,Durum,Chung-Fisher,Retailer,Saxony,Direct,2024-09-11,1084.4,0.46,498.82,28.32,430.03,40.47,11.68,0.47,-0.01
639,458,Corn,Sweet,Burton PLC,Wholesaler,Brandenburg,Direct,2024-11-28,1384.5,0.81,1121.45,46.97,983.55,90.93,18.11,0.79,0.02
640,4416,Wheat,Durum,Bailey-Cain,Retailer,Brandenburg,Direct,2025-05-05,202.0,0.82,165.64,18.75,133.21,13.68,12.35,0.82,0.0
641,4372,Corn,Sweet,Huff Ltd,Wholesaler,Brandenburg,Online,2024-11-15,706.1,1.06,748.47,30.5,676.47,41.5,7.22,1.15,-0.09
642,1531,Barley,Hulled,Terrell LLC,Exporter,Lower Saxony,Direct,2025-04-18,1129.0,1.29,1456.41,44.4,1363.23,48.78,22.4,1.32,-0.03
643,5654,Potato,Russet,Fleming-Morgan,Wholesaler,Bavaria,Cooperative,2024-06-03,1598.0,0.73,1166.54,26.51,1122.4,17.63,21.48,0.75,-0.02
644,4587,Barley,Hulled,"Thompson, Wilson and Davis",Retailer,Brandenburg,Cooperative,2024-10-18,1146.2,0.4,458.48,3.74,413.79,40.95,12.68,0.42,-0.02
645,838,Potato,Red,Good-Hansen,Exporter,Hesse,Direct,2025-03-22,515.6,0.65,335.14,20.12,222.1,92.92,13.65,0.7,-0.05
646,11002,Soybean,Black,"Johnson, Rivera and Hernandez",Wholesaler,Saxony,Online,2024-04-16,929.8,0.72,669.46,48.93,550.23,70.3,20.46,0.73,-0.01
647,2725,Potato,Red,Perez-Jones,Wholesaler,Bavaria,Direct,2024-05-25,1404.2,0.47,659.97,26.04,602.18,31.75,12.17,0.47,0.0
648,12033,Corn,Dent,Everett-Smith,Exporter,Lower Saxony,Online,2025-03-14,1486.0,0.91,1352.26,23.13,1229.81,99.32,8.79,0.83,0.08
649,4768,Barley,Hulled,"Edwards, Boyle and Lawson",Exporter,Bavaria,Cooperative,2025-03-10,1892.5,0.35,662.38,48.22,588.24,25.92,15.8,0.36,-0.01
650,4200,Corn,Dent,"Ellis, Richardson and Dickson",Exporter,Saxony,Cooperative,2025-05-05,633.3,1.23,778.96,0.75,761.72,16.49,15.69,1.27,-0.04
651,13327,Soybean,Yellow,Collier Inc,Exporter,Hesse,Direct,2024-12-13,295.7,1.16,343.01,4.07,263.55,75.39,16.9,1.26,-0.1
652,7314,Potato,Red,Lopez Inc,Wholesaler,Lower Saxony,Direct,2025-04-19,1457.6,1.13,1647.09,30.41,1538.38,78.3,17.21,1.18,-0.05
653,9925,Potato,Russet,Wiggins-Tate,Exporter,Bavaria,Online,2025-03-25,956.4,1.2,1147.68,15.28,1040.71,91.69,23.12,1.1,0.1
654,11853,Wheat,Emmer,"Jackson, Shaffer and Parrish",Wholesaler,Brandenburg,Cooperative,2025-01-08,965.8,0.7,676.06,18.52,627.29,30.25,14.3,0.71,-0.01
655,12341,Soybean,Black,Martinez and Sons,Exporter,Lower Saxony,Direct,2025-04-03,378.8,0.4,151.52,17.66,41.67,92.19,23.1,0.42,-0.02
656,99,Wheat,Emmer,Collier-Barajas,Exporter,Brandenburg,Direct,2024-03-24,760.9,0.8,608.72,1.95,522.82,83.95,20.64,0.86,-0.06
657,6401,Corn,Dent,Compton-Maldonado,Retailer,Bavaria,Online,2025-04-19,319.2,1.1,351.12,9.85,258.2,83.07,24.66,1.1,0.0
658,6726,Corn,Dent,Coleman-Schmidt,Retailer,Hesse,Direct,2025-01-27,879.8,1.32,1161.34,19.76,1096.95,44.63,16.87,1.43,-0.11
659,4800,Potato,Russet,Herrera PLC,Wholesaler,Hesse,Online,2025-04-27,1142.7,0.55,628.49,32.08,500.65,95.76,12.8,0.52,0.03
660,651,Barley,Hulled,Brown-Allen,Exporter,Lower Saxony,Direct,2025-05-05,1168.6,0.48,560.93,6.92,482.68,71.33,9.88,0.47,0.01
661,9165,Wheat,Durum,Foster-Horne,Retailer,Bavaria,Direct,2025-05-05,1018.1,0.72,733.03,5.29,666.99,60.75,19.62,0.68,0.04
662,12027,Wheat,Durum,Gill Group,Wholesaler,Bavaria,Cooperative,2025-04-17,686.8,0.96,659.33,5.52,616.77,37.04,22.22,1.06,-0.1
663,4049,Wheat,Emmer,"Brady, Rios and May",Exporter,Hesse,Direct,2025-05-05,1890.8,1.39,2628.21,23.39,2517.68,87.14,5.11,1.43,-0.04
664,10490,Soybean,Black,Alexander Group,Wholesaler,Saxony,Direct,2023-10-29,1501.7,0.71,1066.21,28.64,961.07,76.5,22.87,0.67,0.04
665,4036,Soybean,Black,Jefferson Group,Wholesaler,Bavaria,Direct,2025-03-01,1132.1,0.35,396.23,36.47,302.67,57.09,16.6,0.35,0.0
666,6763,Corn,Dent,Johnson LLC,Wholesaler,Lower Saxony,Cooperative,2025-03-29,387.9,0.87,337.47,49.45,207.2,80.82,11.62,0.93,-0.06
667,2936,Corn,Dent,Douglas-Lloyd,Wholesaler,Lower Saxony,Cooperative,2025-03-03,1421.8,1.05,1492.89,48.9,1403.86,40.13,14.76,0.96,0.09
668,3965,Potato,Russet,Becker-Waller,Retailer,Brandenburg,Direct,2025-03-12,1227.0,0.93,1141.11,4.44,1084.25,52.42,19.1,0.98,-0.05
669,3875,Barley,Hulless,Evans LLC,Exporter,Lower Saxony,Cooperative,2024-11-05,259.1,0.59,152.87,25.74,96.4,30.73,20.51,0.59,0.0
670,12937,Soybean,Black,Lewis-Wagner,Retailer,Brandenburg,Cooperative,2025-05-05,375.3,0.43,161.38,17.07,128.36,15.95,10.2,0.4,0.03
671,9075,Corn,Sweet,"Martinez, Arnold and Powell",Exporter,Brandenburg,Online,2023-10-27,1796.5,0.56,1006.04,31.52,904.26,70.26,7.55,0.52,0.04
672,5233,Barley,Hulless,Payne and Sons,Exporter,Bavaria,Direct,2023-11-20,469.4,1.06,497.56,22.8,440.99,33.77,11.0,1.09,-0.03
673,6031,Barley,Hulless,Smith Group,Exporter,Lower Saxony,Direct,2025-04-13,1671.2,1.31,2189.27,2.28,2106.63,80.36,8.92,1.45,-0.14
674,2582,Soybean,Yellow,Williams-Rios,Wholesaler,Saxony,Cooperative,2025-02-03,1693.4,1.42,2404.63,6.88,2372.17,25.58,22.46,1.43,-0.01
675,7912,Soybean,Black,"Mcconnell, Koch and Rodriguez",Retailer,Brandenburg,Direct,2025-02-22,1668.0,0.84,1401.12,32.64,1300.72,67.76,10.32,0.91,-0.07
676,2722,Potato,Russet,Hernandez Group,Wholesaler,Bavaria,Online,2025-04-30,771.5,1.12,864.08,18.11,784.91,61.06,6.85,1.23,-0.11
677,619,Barley,Hulless,Martin-Price,Exporter,Saxony,Online,2025-04-14,498.3,0.89,443.49,0.86,360.74,81.89,15.69,0.82,0.07
678,5441,Potato,Red,Levy LLC,Wholesaler,Hesse,Direct,2024-09-23,1374.1,1.13,1552.73,25.21,1461.46,66.06,10.96,1.07,0.06
679,6151,Corn,Sweet,Mcgee Group,Exporter,Bavaria,Direct,2025-03-26,894.0,0.6,536.4,11.42,494.2,30.78,14.42,0.56,0.04
680,5218,Corn,Sweet,Riley PLC,Exporter,Brandenburg,Direct,2024-08-08,591.6,0.82,485.11,23.35,371.65,90.11,10.29,0.85,-0.03
681,14348,Barley,Hulless,"King, Hayes and Norman",Exporter,Saxony,Cooperative,2024-08-09,603.6,1.1,663.96,16.73,633.15,14.08,17.0,1.02,0.08
682,12005,Corn,Dent,Vaughn-Logan,Wholesaler,Lower Saxony,Direct,2024-10-16,220.8,0.8,176.64,35.46,107.65,33.53,11.19,0.81,-0.01
683,12141,Soybean,Yellow,Schwartz PLC,Wholesaler,Hesse,Cooperative,2025-05-05,1008.8,0.61,615.37,43.11,541.68,30.58,8.33,0.63,-0.02
684,13411,Wheat,Durum,Lee-Jones,Wholesaler,Brandenburg,Direct,2024-08-29,782.7,1.03,806.18,43.22,731.18,31.78,21.81,0.95,0.08
685,12607,Soybean,Yellow,Hodges Group,Retailer,Brandenburg,Online,2025-04-10,1728.3,0.79,1365.36,3.71,1325.34,36.31,18.35,0.83,-0.04
686,4801,Barley,Hulless,Barnes-Bruce,Exporter,Brandenburg,Cooperative,2024-08-24,874.6,0.42,367.33,0.83,313.02,53.48,17.47,0.45,-0.03
687,1840,Soybean,Black,"Livingston, Turner and Stephens",Retailer,Hesse,Online,2025-02-20,1138.4,0.54,614.74,27.11,544.5,43.13,17.19,0.51,0.03
688,7719,Wheat,Emmer,White-Marshall,Exporter,Saxony,Online,2025-02-09,1571.1,1.18,1853.9,29.37,1747.95,76.58,20.49,1.23,-0.05
689,1531,Barley,Hulled,Camacho-Ross,Retailer,Saxony,Online,2025-02-02,369.0,1.26,464.94,12.62,431.76,20.56,5.03,1.32,-0.06
690,12612,Potato,Red,Smith LLC,Wholesaler,Brandenburg,Cooperative,2024-12-29,976.5,1.08,1054.62,45.05,910.33,99.24,7.25,1.02,0.06
691,13959,Corn,Sweet,Whitehead LLC,Exporter,Brandenburg,Direct,2025-05-05,819.2,1.1,901.12,15.26,837.6,48.26,19.97,1.2,-0.1
692,9576,Soybean,Black,"Nguyen, Turner and Pacheco",Exporter,Hesse,Online,2024-11-29,1564.2,1.28,2002.18,29.25,1874.93,98.0,21.36,1.23,0.05
693,3370,Soybean,Black,Shelton-Morgan,Wholesaler,Saxony,Online,2024-12-30,1118.9,0.47,525.88,6.85,445.74,73.29,11.2,0.43,0.04
694,12443,Corn,Sweet,Brown-Price,Exporter,Brandenburg,Direct,2025-01-22,1360.8,0.35,476.28,17.59,420.03,38.66,17.09,0.33,0.02
695,1987,Corn,Dent,Hamilton-Nelson,Retailer,Bavaria,Online,2024-10-18,1566.8,1.25,1958.5,15.77,1866.19,76.54,18.38,1.19,0.06
696,3117,Wheat,Emmer,Hunt-Guzman,Exporter,Brandenburg,Direct,2025-04-20,859.7,0.79,679.16,44.55,562.23,72.38,14.17,0.84,-0.05
697,9872,Soybean,Black,"Blanchard, Arnold and Haynes",Wholesaler,Saxony,Online,2024-09-11,1454.9,1.02,1484.0,44.52,1377.83,61.65,10.23,0.94,0.08
698,1636,Potato,Red,Miranda-Petersen,Retailer,Brandenburg,Direct,2025-02-26,1564.5,0.89,1392.4,4.21,1360.62,27.57,13.84,0.9,-0.01
699,8596,Potato,Russet,Bond-Myers,Retailer,Hesse,Direct,2025-03-19,1770.2,0.5,885.1,27.9,767.02,90.18,8.73,0.54,-0.04
700,4532,Corn,Dent,Johnson Group,Retailer,Hesse,Cooperative,2024-06-12,1021.1,1.0,1021.1,38.1,887.51,95.49,17.1,0.93,0.07
701,4696,Soybean,Black,"Mitchell, Peterson and Dillon",Retailer,Bavaria,Online,2025-03-28,1632.1,0.95,1550.5,0.79,1499.85,49.86,16.67,0.91,0.04
702,14538,Wheat,Durum,Bryant Inc,Exporter,Hesse,Cooperative,2024-09-21,1716.3,1.27,2179.7,7.91,2161.54,10.25,18.44,1.23,0.04
703,12160,Soybean,Yellow,"Ramirez, Hernandez and Torres",Exporter,Bavaria,Online,2025-01-23,1029.9,0.84,865.12,24.44,801.09,39.59,5.16,0.84,0.0
704,8244,Corn,Sweet,"Young, Humphrey and Harris",Exporter,Saxony,Online,2025-05-05,1010.6,0.54,545.72,33.82,500.97,10.93,7.3,0.56,-0.02
705,3063,Barley,Hulled,Ortiz Ltd,Retailer,Hesse,Direct,2024-09-01,1276.6,1.22,1557.45,43.29,1441.24,72.92,15.28,1.33,-0.11
706,11633,Wheat,Durum,Keller-Rodriguez,Exporter,Bavaria,Online,2024-08-19,1040.9,1.07,1113.76,17.73,1046.72,49.31,19.17,1.03,0.04
707,1802,Barley,Hulled,"Young, Sanders and Stanton",Exporter,Hesse,Direct,2025-05-02,372.7,0.96,357.79,23.81,275.18,58.8,15.66,1.06,-0.1
708,10425,Potato,Red,Murray-Oliver,Retailer,Lower Saxony,Direct,2024-10-17,1481.6,0.69,1022.3,32.61,926.28,63.41,9.81,0.66,0.03
709,1542,Corn,Dent,Garcia-Gallegos,Wholesaler,Lower Saxony,Online,2024-06-04,429.6,0.84,360.86,47.74,299.5,13.62,7.61,0.79,0.05
710,4314,Barley,Hulless,Hall Inc,Retailer,Hesse,Direct,2024-10-16,1549.2,1.49,2308.31,37.44,2179.8,91.07,20.97,1.49,0.0
711,195,Wheat,Emmer,"Edwards, Gilbert and Weeks",Retailer,Saxony,Cooperative,2025-04-21,1042.3,1.46,1521.76,11.5,1493.14,17.12,16.5,1.36,0.1
712,7971,Wheat,Emmer,Sanders-Miranda,Retailer,Saxony,Direct,2025-03-20,1640.3,0.81,1328.64,36.93,1253.07,38.64,19.29,0.77,0.04
713,8072,Potato,Red,Hicks-Richardson,Exporter,Brandenburg,Direct,2025-01-02,1290.7,1.41,1819.89,33.74,1755.71,30.44,9.95,1.31,0.1
714,948,Barley,Hulled,Benjamin PLC,Wholesaler,Bavaria,Direct,2024-04-15,646.3,0.87,562.28,18.78,455.59,87.91,19.56,0.84,0.03
715,10565,Potato,Russet,Clark Inc,Retailer,Saxony,Direct,2025-04-30,242.8,1.19,288.93,10.08,237.35,41.5,20.26,1.15,0.04
716,12881,Potato,Red,Roberts LLC,Exporter,Brandenburg,Cooperative,2024-06-01,1044.5,0.86,898.27,13.32,872.65,12.3,17.42,0.84,0.02
717,13075,Potato,Red,"Turner, Zuniga and Jackson",Wholesaler,Hesse,Online,2025-04-23,256.3,0.91,233.23,1.21,166.76,65.26,14.16,0.91,0.0
718,12710,Corn,Sweet,"Kelly, Robinson and Sanders",Exporter,Lower Saxony,Online,2024-10-19,1869.0,0.91,1700.79,28.57,1597.66,74.56,11.06,0.99,-0.08
719,281,Wheat,Durum,"Lee, Anderson and Erickson",Wholesaler,Bavaria,Cooperative,2025-03-27,1198.8,1.02,1222.78,39.82,1084.92,98.04,11.86,1.12,-0.1
720,13470,Soybean,Black,Jackson LLC,Retailer,Saxony,Online,2025-04-29,408.0,1.32,538.56,4.03,442.13,92.4,15.55,1.23,0.09
721,4901,Potato,Red,"Lowe, Wright and Perez",Wholesaler,Lower Saxony,Online,2024-07-31,697.0,1.23,857.31,29.96,745.37,81.98,21.53,1.12,0.11
722,11190,Soybean,Yellow,Black Ltd,Exporter,Lower Saxony,Direct,2025-04-29,356.5,1.14,406.41,46.93,264.91,94.57,23.48,1.07,0.07
723,8878,Wheat,Durum,"Woods, Brown and Fuller",Exporter,Hesse,Direct,2025-01-28,1084.3,0.92,997.56,22.74,881.56,93.26,19.31,0.88,0.04
724,7206,Potato,Russet,James-Thomas,Wholesaler,Saxony,Cooperative,2025-03-18,814.7,1.24,1010.23,17.33,921.29,71.61,13.12,1.18,0.06
725,2113,Potato,Russet,"Martin, Johnson and Thornton",Wholesaler,Brandenburg,Cooperative,2024-05-01,477.6,0.41,195.82,38.35,106.61,50.86,10.61,0.42,-0.01
726,5403,Barley,Hulless,Gilbert-Campbell,Wholesaler,Bavaria,Online,2025-04-27,1401.3,0.39,546.51,37.29,434.79,74.43,10.17,0.36,0.03
727,3094,Soybean,Black,Gibbs and Sons,Wholesaler,Lower Saxony,Cooperative,2024-01-31,1761.9,0.3,528.57,31.64,456.42,40.51,20.24,0.32,-0.02
728,6883,Soybean,Yellow,Berger-Smith,Exporter,Saxony,Cooperative,2025-01-04,535.2,1.15,615.48,5.11,518.44,91.93,9.54,1.06,0.09
729,5860,Potato,Red,Newman LLC,Exporter,Bavaria,Online,2024-12-13,760.9,0.44,334.8,6.72,289.25,38.83,22.51,0.44,0.0
730,6678,Barley,Hulled,Jones Ltd,Exporter,Bavaria,Cooperative,2024-03-19,1050.2,1.17,1228.73,47.39,1120.18,61.16,21.69,1.23,-0.06
731,2070,Soybean,Yellow,"Kim, White and Cook",Retailer,Bavaria,Direct,2024-11-10,1845.4,1.32,2435.93,1.73,2373.27,60.93,16.63,1.41,-0.09
732,7163,Corn,Sweet,Blackwell-Davis,Exporter,Brandenburg,Online,2024-11-10,409.9,1.44,590.26,46.57,483.08,60.61,8.22,1.45,-0.01
733,2528,Barley,Hulless,Klein-Merritt,Retailer,Hesse,Cooperative,2024-06-23,1857.8,0.6,1114.68,18.05,1060.18,36.45,24.44,0.58,0.02
734,8190,Corn,Sweet,"Murray, Williams and Miller",Wholesaler,Bavaria,Online,2024-06-05,1380.2,0.28,386.46,15.81,326.92,43.73,8.23,0.3,-0.02
735,14338,Potato,Russet,"Valencia, Collins and Payne",Exporter,Saxony,Online,2024-07-11,1653.6,0.47,777.19,38.34,693.19,45.66,8.08,0.51,-0.04
736,424,Soybean,Yellow,"Jones, Haynes and Willis",Retailer,Brandenburg,Direct,2025-03-01,449.5,0.67,301.17,48.41,153.57,99.19,5.58,0.74,-0.07
737,9882,Potato,Russet,Collier-Hill,Exporter,Hesse,Direct,2025-04-05,966.8,1.09,1053.81,4.73,974.91,74.17,7.08,1.11,-0.02
738,198,Soybean,Yellow,"Gomez, Martin and Hall",Wholesaler,Hesse,Online,2024-05-11,525.4,1.55,814.37,30.52,705.69,78.16,15.46,1.48,0.07
739,2247,Potato,Red,Bishop-Park,Wholesaler,Hesse,Cooperative,2025-04-03,768.1,0.6,460.86,49.74,313.48,97.64,5.74,0.56,0.04
740,7078,Barley,Hulless,"Richardson, Miles and Morgan",Wholesaler,Brandenburg,Direct,2025-05-05,1615.6,1.16,1874.1,40.25,1744.67,89.18,22.14,1.13,0.03
741,4207,Barley,Hulless,"Reynolds, Tyler and Flynn",Retailer,Lower Saxony,Online,2025-04-25,1033.2,1.59,1642.79,29.98,1528.42,84.39,18.89,1.46,0.13
742,5829,Wheat,Emmer,Wilson-Moore,Wholesaler,Hesse,Online,2025-03-22,1583.2,1.17,1852.34,43.05,1795.47,13.82,5.3,1.19,-0.02
743,9028,Corn,Dent,"Newman, Benton and Montoya",Wholesaler,Hesse,Cooperative,2025-04-15,1314.4,0.94,1235.54,44.69,1123.72,67.13,7.08,1.02,-0.08
744,3854,Corn,Dent,"Reyes, Schneider and Holloway",Wholesaler,Lower Saxony,Direct,2025-02-02,1879.0,0.65,1221.35,11.27,1149.36,60.72,16.19,0.66,-0.01
745,13763,Potato,Russet,Armstrong-Lopez,Exporter,Brandenburg,Cooperative,2025-01-20,1538.2,1.27,1953.51,46.56,1859.26,47.69,13.81,1.29,-0.02
746,1159,Corn,Dent,Smith-Sparks,Wholesaler,Hesse,Online,2024-10-19,1162.3,0.62,720.63,27.51,649.12,44.0,12.3,0.58,0.04
747,11132,Potato,Russet,Boone Inc,Exporter,Brandenburg,Online,2025-05-05,992.1,0.33,327.39,12.54,266.07,48.78,13.31,0.34,-0.01
748,13770,Potato,Russet,"Hurley, Taylor and Brewer",Retailer,Bavaria,Direct,2025-05-04,1151.8,1.04,1197.87,17.86,1160.48,19.53,17.95,1.07,-0.03
749,8718,Corn,Sweet,Wilson-Roberts,Wholesaler,Brandenburg,Direct,2024-08-18,1339.9,1.12,1500.69,14.11,1443.5,43.08,17.08,1.06,0.06
750,4067,Barley,Hulled,"Mendoza, Frey and Washington",Retailer,Bavaria,Direct,2025-05-05,699.0,0.73,510.27,31.45,402.54,76.28,15.02,0.77,-0.04
751,3017,Potato,Red,Castro-Brown,Wholesaler,Hesse,Direct,2025-04-22,1108.5,0.77,853.54,11.44,772.11,69.99,6.41,0.74,0.03
752,6220,Corn,Dent,Grant Ltd,Retailer,Saxony,Direct,2024-06-24,917.7,0.56,513.91,45.08,379.67,89.16,24.81,0.57,-0.01
753,11945,Soybean,Yellow,Hayes PLC,Retailer,Saxony,Online,2025-04-24,1772.3,0.73,1293.78,4.93,1238.62,50.23,11.92,0.76,-0.03
754,14314,Corn,Sweet,"Ferrell, White and Tucker",Retailer,Saxony,Online,2024-03-02,909.1,1.11,1009.1,36.75,898.26,74.09,12.26,1.12,-0.01
755,5658,Wheat,Durum,"Perez, Haas and Stephens",Wholesaler,Brandenburg,Online,2025-05-05,1492.2,0.68,1014.7,33.52,945.1,36.08,22.7,0.69,-0.01
756,873,Corn,Sweet,"Williams, Huang and Russell",Retailer,Saxony,Direct,2024-11-07,663.0,0.44,291.72,41.46,200.65,49.61,5.83,0.44,0.0
757,12840,Soybean,Yellow,Cook-Wood,Retailer,Brandenburg,Direct,2025-03-07,1862.3,1.3,2420.99,23.19,2305.24,92.56,17.39,1.42,-0.12
758,12666,Wheat,Emmer,"Reed, Anderson and Smith",Exporter,Saxony,Cooperative,2025-02-10,1705.7,0.92,1569.24,24.66,1501.61,42.97,15.99,0.91,0.01
759,1889,Barley,Hulled,Curtis-Rodriguez,Retailer,Bavaria,Online,2025-05-05,1872.6,1.41,2640.37,35.13,2546.86,58.38,19.85,1.36,0.05
760,3877,Wheat,Emmer,Hicks PLC,Wholesaler,Saxony,Direct,2024-12-10,313.2,1.37,429.08,33.3,331.85,63.93,22.61,1.26,0.11
761,4594,Potato,Red,Soto PLC,Retailer,Hesse,Direct,2024-08-21,1991.3,0.34,677.04,18.41,581.68,76.95,8.45,0.35,-0.01
762,5728,Potato,Russet,Craig-Cunningham,Retailer,Lower Saxony,Cooperative,2025-03-14,957.8,1.18,1130.2,11.75,1095.36,23.09,21.52,1.19,-0.01
763,11876,Wheat,Durum,"Tran, Klein and Garcia",Retailer,Saxony,Online,2025-04-05,1211.4,0.91,1102.37,42.51,1021.75,38.11,18.88,0.95,-0.04
764,14415,Wheat,Emmer,"Stephens, Cole and Jenkins",Exporter,Saxony,Cooperative,2025-05-05,1385.5,0.68,942.14,7.61,888.84,45.69,18.3,0.69,-0.01
765,3820,Potato,Red,Hall Group,Retailer,Brandenburg,Online,2025-02-07,551.1,0.54,297.59,36.99,175.46,85.14,14.9,0.57,-0.03
766,1926,Wheat,Durum,"Nelson, Smith and Wilson",Retailer,Brandenburg,Online,2025-01-11,1256.9,1.49,1872.78,48.93,1748.29,75.56,6.19,1.45,0.04
767,8348,Corn,Sweet,Roach-Cook,Wholesaler,Lower Saxony,Cooperative,2025-05-02,652.4,0.33,215.29,20.27,104.6,90.42,24.91,0.35,-0.02
768,3837,Barley,Hulless,Smith-Miller,Retailer,Lower Saxony,Online,2025-04-22,1988.5,0.89,1769.76,36.72,1652.37,80.67,23.39,0.92,-0.03
769,1413,Soybean,Yellow,Cruz-Elliott,Wholesaler,Saxony,Cooperative,2025-01-30,1681.8,0.49,824.08,34.95,725.46,63.67,9.84,0.54,-0.05
770,4216,Wheat,Durum,"Hurst, Hahn and Bennett",Wholesaler,Hesse,Direct,2025-05-05,1972.1,1.4,2760.94,13.98,2673.32,73.64,5.03,1.42,-0.02
771,1303,Potato,Red,"Banks, Clark and Khan",Exporter,Saxony,Direct,2024-06-18,1079.6,0.96,1036.42,7.19,991.41,37.82,10.09,0.89,0.07
772,6903,Barley,Hulless,Valentine-Walker,Retailer,Brandenburg,Direct,2025-04-20,1088.1,1.01,1098.98,16.11,1025.34,57.53,18.52,1.01,0.0
773,518,Corn,Dent,Gibson Ltd,Wholesaler,Saxony,Online,2025-01-05,992.5,0.94,932.95,34.73,885.32,12.9,8.7,0.86,0.08
774,4931,Wheat,Emmer,Huerta and Sons,Exporter,Hesse,Online,2024-05-17,1150.4,0.64,736.26,30.82,641.31,64.13,21.17,0.69,-0.05
775,10528,Potato,Red,"Jones, Williamson and Jimenez",Wholesaler,Hesse,Direct,2025-02-02,411.7,0.36,148.21,35.48,49.67,63.06,21.43,0.35,0.01
776,5267,Barley,Hulled,"Hill, Mills and Jones",Wholesaler,Hesse,Direct,2025-03-31,1375.8,0.54,742.93,27.74,668.9,46.29,18.52,0.53,0.01
777,204,Corn,Dent,Gomez-Jones,Retailer,Saxony,Cooperative,2025-03-01,816.3,1.34,1093.84,6.98,1035.81,51.05,15.6,1.27,0.07
778,9123,Wheat,Emmer,Brown-Kane,Retailer,Bavaria,Online,2023-10-15,850.8,1.2,1020.96,4.27,946.21,70.48,6.57,1.2,0.0
779,4114,Barley,Hulless,Hernandez-Hampton,Retailer,Bavaria,Direct,2025-04-10,1232.6,0.82,1010.73,19.87,963.3,27.56,17.42,0.89,-0.07
780,4101,Corn,Sweet,Morton-Marks,Retailer,Bavaria,Online,2025-05-05,1260.3,0.64,806.59,47.87,729.52,29.2,18.68,0.59,0.05
781,13059,Corn,Sweet,Edwards-Thomas,Exporter,Saxony,Direct,2024-06-13,417.7,0.37,154.55,27.17,58.21,69.17,16.73,0.41,-0.04
782,6987,Barley,Hulled,Brown Group,Exporter,Hesse,Direct,2025-02-01,468.8,0.77,360.98,17.11,251.34,92.53,23.33,0.73,0.04
783,9857,Potato,Red,Tanner LLC,Retailer,Bavaria,Online,2024-02-05,1467.6,1.14,1673.06,30.01,1576.23,66.82,17.56,1.2,-0.06
784,8071,Corn,Dent,Taylor Ltd,Exporter,Brandenburg,Direct,2025-05-05,517.0,0.39,201.63,17.21,89.18,95.24,20.89,0.36,0.03
785,1756,Soybean,Yellow,Watkins LLC,Retailer,Bavaria,Cooperative,2024-06-07,1084.2,0.44,477.05,47.1,357.05,72.9,23.51,0.41,0.03
786,4374,Wheat,Durum,"Nelson, Lutz and Flores",Retailer,Lower Saxony,Cooperative,2024-12-15,1540.5,1.1,1694.55,1.87,1646.48,46.2,7.69,1.09,0.01
787,11677,Potato,Red,"Miller, Rose and Marshall",Retailer,Brandenburg,Cooperative,2024-12-05,884.1,0.71,627.71,6.22,561.79,59.7,14.58,0.71,0.0
788,11428,Wheat,Durum,Bryan-Rogers,Exporter,Bavaria,Cooperative,2023-11-06,327.0,0.79,258.33,33.49,142.8,82.04,14.79,0.78,0.01
789,2965,Soybean,Yellow,Ellis PLC,Exporter,Lower Saxony,Cooperative,2025-05-05,944.3,0.3,283.29,32.21,193.71,57.37,9.07,0.32,-0.02
790,5698,Barley,Hulled,"Harris, Williams and Contreras",Wholesaler,Brandenburg,Online,2025-03-29,1746.8,1.18,2061.22,9.41,1994.26,57.55,9.41,1.18,0.0
791,7555,Soybean,Black,"Wilson, Walters and Taylor",Wholesaler,Brandenburg,Direct,2025-05-05,483.1,1.47,710.16,25.81,638.03,46.32,22.34,1.47,0.0
792,3095,Corn,Dent,Orr-Williamson,Wholesaler,Brandenburg,Direct,2024-06-08,1706.3,0.72,1228.54,42.96,1091.1,94.48,23.94,0.8,-0.08
793,4887,Barley,Hulless,Bean-Simpson,Wholesaler,Saxony,Cooperative,2024-12-17,1635.2,0.48,784.9,14.84,718.2,51.86,11.98,0.48,0.0
794,5132,Soybean,Yellow,Coleman-Keller,Wholesaler,Brandenburg,Online,2024-08-18,587.0,1.61,945.07,32.41,819.82,92.84,16.89,1.49,0.12
795,5034,Corn,Sweet,"Mitchell, Smith and Garrett",Exporter,Hesse,Cooperative,2024-05-17,1731.6,0.99,1714.28,13.92,1645.13,55.23,9.81,0.99,0.0
796,5991,Barley,Hulless,Davis LLC,Exporter,Bavaria,Direct,2025-04-24,1995.0,0.86,1715.7,15.52,1633.72,66.46,5.4,0.95,-0.09
797,10848,Corn,Sweet,Miller Ltd,Exporter,Brandenburg,Cooperative,2025-02-21,857.1,0.96,822.82,13.69,747.02,62.11,17.22,0.91,0.05
798,5985,Wheat,Durum,"Howard, Blankenship and Conner",Wholesaler,Lower Saxony,Direct,2025-05-02,842.8,0.72,606.82,43.98,523.98,38.86,23.77,0.74,-0.02
799,11143,Potato,Red,Nichols Group,Wholesaler,Saxony,Direct,2025-03-21,708.3,1.38,977.45,15.62,916.19,45.64,6.94,1.39,-0.01
800,13083,Corn,Dent,Floyd-Oconnor,Exporter,Saxony,Direct,2024-08-21,1001.6,0.67,671.07,28.98,612.45,29.64,8.8,0.73,-0.06
801,8308,Soybean,Black,"Ponce, Smith and Hester",Wholesaler,Hesse,Direct,2025-01-16,1370.6,1.17,1603.6,37.12,1505.37,61.11,18.36,1.13,0.04
802,13301,Wheat,Emmer,Mitchell LLC,Wholesaler,Lower Saxony,Direct,2025-02-01,799.9,0.61,487.94,47.29,349.85,90.8,15.58,0.6,0.01
803,4774,Potato,Red,Wilson-Roman,Wholesaler,Bavaria,Cooperative,2025-05-05,622.2,0.45,279.99,39.65,188.59,51.75,24.86,0.49,-0.04
804,7349,Wheat,Durum,Mccann Inc,Retailer,Brandenburg,Cooperative,2025-02-26,848.9,0.62,526.32,8.58,428.67,89.07,19.35,0.66,-0.04
805,702,Barley,Hulled,Hopkins LLC,Wholesaler,Lower Saxony,Online,2024-03-29,371.7,0.32,118.94,45.85,33.82,39.27,21.18,0.31,0.01
806,8553,Corn,Sweet,Rivers-Mcgee,Exporter,Saxony,Cooperative,2025-02-22,1325.2,1.2,1590.24,48.27,1508.51,33.46,15.79,1.16,0.04
807,1305,Potato,Russet,Sampson Ltd,Exporter,Bavaria,Online,2025-01-15,1201.3,0.67,804.87,33.88,729.18,41.81,18.05,0.74,-0.07
808,14887,Corn,Sweet,Lopez Group,Retailer,Hesse,Online,2025-05-05,915.1,0.75,686.32,39.56,626.67,20.09,23.66,0.74,0.01
809,11794,Corn,Sweet,"David, Hernandez and Cook",Wholesaler,Lower Saxony,Online,2024-09-08,1531.3,0.46,704.4,6.27,607.12,91.01,24.53,0.47,-0.01
810,13168,Barley,Hulless,"Smith, Boyd and Schultz",Wholesaler,Bavaria,Direct,2025-02-20,1746.7,0.82,1432.29,41.11,1325.08,66.1,11.97,0.78,0.04
811,2017,Barley,Hulled,Morgan Ltd,Wholesaler,Saxony,Cooperative,2024-04-07,853.9,1.34,1144.23,20.35,1025.0,98.88,12.63,1.22,0.12
812,4335,Corn,Sweet,Lawrence PLC,Wholesaler,Brandenburg,Cooperative,2025-05-05,982.3,1.37,1345.75,42.32,1281.18,22.25,21.0,1.44,-0.07
813,10808,Barley,Hulless,Olson Inc,Retailer,Saxony,Cooperative,2024-03-06,567.2,0.53,300.62,42.38,178.81,79.43,11.98,0.52,0.01
814,7042,Potato,Red,"Esparza, Mendez and Griffin",Wholesaler,Brandenburg,Direct,2024-02-15,794.9,0.35,278.21,1.88,259.86,16.47,15.64,0.36,-0.01
815,11607,Soybean,Black,Terrell-Bailey,Exporter,Brandenburg,Direct,2024-12-11,380.3,0.36,136.91,38.94,20.13,77.84,18.58,0.39,-0.03
816,6328,Corn,Dent,Little-Long,Wholesaler,Lower Saxony,Direct,2024-07-30,1756.9,1.2,2108.28,41.3,2018.74,48.24,19.22,1.33,-0.13
817,1917,Soybean,Yellow,Richardson-Evans,Exporter,Saxony,Online,2025-03-18,448.4,1.19,533.6,27.56,482.03,24.01,11.27,1.2,-0.01
818,10456,Barley,Hulless,"Gonzalez, Silva and Barnett",Exporter,Hesse,Online,2024-04-19,1382.6,0.76,1050.78,34.05,996.15,20.58,14.61,0.77,-0.01
819,7284,Wheat,Emmer,Rhodes LLC,Wholesaler,Saxony,Online,2024-01-23,1466.1,1.03,1510.08,32.12,1413.33,64.63,8.97,0.98,0.05
820,3056,Wheat,Durum,Washington Ltd,Wholesaler,Hesse,Online,2025-04-02,908.1,0.72,653.83,46.86,536.86,70.11,20.55,0.75,-0.03
821,11020,Soybean,Black,Stephenson Inc,Retailer,Hesse,Direct,2025-03-13,1812.7,0.9,1631.43,13.08,1590.75,27.6,8.38,0.86,0.04
822,2766,Soybean,Yellow,Lee PLC,Wholesaler,Hesse,Direct,2024-03-31,605.8,1.34,811.77,10.64,712.57,88.56,21.19,1.32,0.02
823,13217,Wheat,Emmer,"Lawrence, Dixon and Long",Wholesaler,Brandenburg,Online,2025-05-05,1937.6,1.02,1976.35,19.09,1937.1,20.16,18.86,1.08,-0.06
824,13736,Wheat,Durum,"Lam, Phillips and Jenkins",Retailer,Hesse,Direct,2025-01-29,829.0,1.24,1027.96,11.1,933.75,83.11,22.54,1.18,0.06
825,1428,Soybean,Yellow,Mcdonald-Pitts,Wholesaler,Lower Saxony,Online,2024-11-19,1435.8,1.35,1938.33,29.49,1898.01,10.83,16.74,1.4,-0.05
826,14420,Potato,Russet,Harrison Group,Retailer,Lower Saxony,Direct,2025-03-04,1153.3,0.65,749.64,23.52,663.44,62.68,24.32,0.68,-0.03
827,8465,Corn,Dent,Walker Inc,Exporter,Saxony,Direct,2024-05-03,1912.6,1.08,2065.61,37.62,1961.83,66.16,22.5,1.02,0.06
828,2118,Potato,Red,Smith and Sons,Exporter,Hesse,Online,2025-05-05,752.8,0.48,361.34,7.03,324.52,29.79,5.91,0.47,0.01
829,1653,Potato,Russet,"Davis, Williams and Taylor",Retailer,Lower Saxony,Cooperative,2024-10-17,1593.6,1.16,1848.58,34.74,1773.59,40.25,12.4,1.24,-0.08
830,381,Potato,Red,Williams Inc,Wholesaler,Saxony,Online,2024-07-25,1736.3,1.09,1892.57,25.07,1791.07,76.43,9.53,1.08,0.01
831,13636,Corn,Sweet,Wheeler-Ortega,Retailer,Saxony,Online,2025-05-04,1754.1,0.42,736.72,21.96,697.07,17.69,14.94,0.45,-0.03
832,2870,Potato,Red,"Jackson, Gross and Newman",Exporter,Bavaria,Direct,2024-11-19,995.3,1.44,1433.23,35.49,1319.85,77.89,21.58,1.43,0.01
833,8543,Soybean,Yellow,Young Group,Exporter,Saxony,Cooperative,2024-05-17,1615.8,0.73,1179.53,13.06,1133.34,33.13,14.5,0.71,0.02
834,3617,Potato,Russet,Boyd-Oconnell,Exporter,Hesse,Cooperative,2025-05-05,1995.6,0.99,1975.64,9.73,1883.12,82.79,12.71,1.02,-0.03
835,11754,Corn,Dent,Chapman Ltd,Exporter,Brandenburg,Direct,2025-04-25,705.4,0.88,620.75,36.81,496.48,87.46,5.19,0.87,0.01
836,14917,Corn,Dent,Martinez-Williams,Wholesaler,Bavaria,Cooperative,2024-04-07,396.7,1.32,523.64,12.84,497.81,12.99,12.58,1.39,-0.07
837,5959,Wheat,Durum,Underwood-Solis,Wholesaler,Hesse,Cooperative,2024-03-21,1576.5,1.19,1876.04,17.83,1795.13,63.08,18.76,1.1,0.09
838,5670,Wheat,Emmer,Maynard and Sons,Wholesaler,Brandenburg,Online,2024-05-14,788.6,1.49,1175.01,39.64,1087.36,48.01,7.68,1.45,0.04
839,2248,Barley,Hulless,"Boone, Lewis and Padilla",Wholesaler,Saxony,Direct,2025-05-05,528.0,0.64,337.92,16.08,303.91,17.93,20.9,0.67,-0.03
840,13733,Potato,Russet,Huber LLC,Exporter,Bavaria,Direct,2024-12-09,1327.8,1.28,1699.58,4.91,1603.03,91.64,13.89,1.31,-0.03
841,1087,Barley,Hulled,"Kelley, Gonzales and Allen",Wholesaler,Hesse,Online,2025-04-03,1413.9,1.39,1965.32,25.8,1864.59,74.93,15.22,1.37,0.02
842,6314,Wheat,Durum,Gibson Inc,Wholesaler,Bavaria,Online,2025-03-05,374.3,1.45,542.74,10.6,476.62,55.52,20.19,1.4,0.05
843,2022,Soybean,Black,"French, Bennett and Russell",Exporter,Bavaria,Online,2023-12-18,1221.4,0.85,1038.19,24.16,923.45,90.58,11.13,0.84,0.01
844,6022,Potato,Red,Nelson-Osborne,Retailer,Hesse,Cooperative,2025-03-19,849.9,0.54,458.95,3.66,395.41,59.88,19.82,0.56,-0.02
845,1382,Wheat,Emmer,Nolan Group,Wholesaler,Saxony,Cooperative,2025-04-22,394.3,0.87,343.04,8.09,243.06,91.89,6.9,0.95,-0.08
846,9324,Soybean,Black,"Adams, Bowman and Love",Exporter,Brandenburg,Online,2025-02-27,287.4,0.47,135.08,0.59,41.66,92.83,24.98,0.52,-0.05
847,8216,Potato,Red,"Wagner, Doyle and Ponce",Retailer,Hesse,Direct,2025-05-05,746.9,1.39,1038.19,7.82,1019.03,11.34,10.43,1.31,0.08
848,9328,Potato,Red,"Wells, Kelley and Fletcher",Wholesaler,Hesse,Cooperative,2025-04-27,770.4,1.12,862.85,19.8,798.13,44.92,7.63,1.05,0.07
849,8912,Barley,Hulled,"Young, Hamilton and Wilcox",Retailer,Saxony,Online,2025-05-01,592.7,1.48,877.2,7.42,819.41,50.37,18.94,1.45,0.03
850,6893,Potato,Russet,Nguyen-Cameron,Retailer,Bavaria,Cooperative,2025-01-06,1644.6,1.18,1940.63,6.7,1894.32,39.61,19.51,1.07,0.11
851,13667,Barley,Hulled,"Vargas, Adams and Contreras",Wholesaler,Lower Saxony,Direct,2025-01-01,548.8,1.4,768.32,47.15,623.59,97.58,22.42,1.43,-0.03
852,3574,Wheat,Durum,Craig and Sons,Exporter,Saxony,Direct,2025-05-05,319.1,0.91,290.38,48.41,219.59,22.38,19.46,0.96,-0.05
853,13006,Barley,Hulless,Garrett-Wilcox,Exporter,Bavaria,Direct,2025-04-14,1287.1,0.55,707.9,43.59,610.78,53.53,10.5,0.55,0.0
854,8300,Barley,Hulless,Jones Inc,Wholesaler,Lower Saxony,Cooperative,2025-05-05,451.1,0.56,252.62,40.39,177.7,34.53,5.97,0.58,-0.02
855,9038,Corn,Dent,Parrish Group,Wholesaler,Bavaria,Direct,2025-04-24,1666.6,0.29,483.31,24.95,441.2,17.16,15.3,0.32,-0.03
856,5785,Soybean,Yellow,Mueller Ltd,Wholesaler,Brandenburg,Online,2025-05-05,632.5,0.97,613.52,39.48,485.17,88.87,11.41,0.93,0.04
857,1512,Barley,Hulled,Black-Cunningham,Wholesaler,Bavaria,Online,2024-08-09,654.8,0.86,563.13,45.26,452.57,65.3,23.15,0.89,-0.03
858,3020,Wheat,Durum,Turner PLC,Exporter,Brandenburg,Direct,2025-05-05,1808.7,0.99,1790.61,18.54,1689.49,82.58,6.09,1.04,-0.05
859,14550,Corn,Dent,Sherman and Sons,Wholesaler,Saxony,Direct,2025-03-15,817.1,0.65,531.12,10.57,450.63,69.92,6.81,0.7,-0.05
860,12276,Barley,Hulled,Williams-Harding,Exporter,Saxony,Online,2024-12-07,1492.6,0.97,1447.82,18.73,1386.6,42.49,21.78,0.9,0.07
861,5799,Potato,Red,"Mckinney, Thomas and Lang",Wholesaler,Brandenburg,Cooperative,2025-04-23,1938.0,0.45,872.1,3.6,786.92,81.58,13.87,0.48,-0.03
862,11944,Barley,Hulled,"Little, Williams and Maddox",Wholesaler,Saxony,Direct,2025-01-02,206.6,0.59,121.89,6.3,78.59,37.0,18.29,0.54,0.05
863,9103,Corn,Sweet,Khan Inc,Retailer,Lower Saxony,Direct,2024-07-21,763.0,0.99,755.37,13.12,672.64,69.61,7.39,0.98,0.01
864,3163,Soybean,Yellow,"Bennett, Ward and Curry",Exporter,Saxony,Cooperative,2024-08-17,1690.4,0.6,1014.24,4.63,919.99,89.62,12.08,0.66,-0.06
865,9037,Potato,Red,"Schmidt, Fleming and Aguilar",Wholesaler,Lower Saxony,Cooperative,2024-08-01,1292.1,1.18,1524.68,47.73,1466.7,10.25,22.34,1.2,-0.02
866,6877,Soybean,Yellow,Smith and Sons,Exporter,Lower Saxony,Online,2024-11-30,1989.4,1.17,2327.6,43.62,2267.5,16.48,5.58,1.15,0.02
867,12066,Wheat,Durum,"Parker, Lynn and Valenzuela",Wholesaler,Hesse,Direct,2025-03-03,1389.5,0.47,653.06,48.08,573.98,31.0,12.62,0.48,-0.01
868,12200,Soybean,Yellow,Miller-Mcintosh,Exporter,Saxony,Online,2025-05-05,1383.7,0.48,664.18,4.25,566.97,92.96,12.97,0.46,0.02
869,5833,Wheat,Durum,Gonzalez-Miller,Retailer,Hesse,Online,2024-09-19,530.9,0.99,525.59,33.51,398.93,93.15,6.81,1.06,-0.07
870,2494,Barley,Hulled,"Cooper, Warren and Ochoa",Wholesaler,Lower Saxony,Cooperative,2024-12-24,1717.1,1.31,2249.4,4.7,2155.26,89.44,7.8,1.25,0.06
871,4145,Potato,Russet,Johnson Ltd,Exporter,Lower Saxony,Direct,2025-05-05,475.4,0.36,171.14,11.58,81.98,77.58,21.7,0.35,0.01
872,6401,Corn,Dent,Bell-Maxwell,Retailer,Saxony,Cooperative,2025-04-27,1097.5,1.03,1130.42,25.75,1045.67,59.0,17.76,1.1,-0.07
873,2508,Wheat,Emmer,"Thompson, Brooks and Myers",Wholesaler,Bavaria,Online,2025-04-06,552.8,0.46,254.29,32.82,165.22,56.25,11.01,0.44,0.02
874,7379,Soybean,Black,"Gallegos, Hendrix and Thomas",Exporter,Saxony,Online,2025-05-05,256.4,1.35,346.14,26.51,242.7,76.93,16.25,1.36,-0.01
875,4702,Corn,Sweet,Diaz-Joyce,Wholesaler,Bavaria,Direct,2025-03-29,414.9,0.68,282.13,37.89,190.69,53.55,17.75,0.63,0.05
876,8326,Potato,Russet,Lopez-Berg,Retailer,Saxony,Direct,2024-02-26,1178.4,0.95,1119.48,21.52,1038.02,59.94,12.88,0.88,0.07
877,611,Wheat,Emmer,"Mcdowell, Burns and Diaz",Retailer,Bavaria,Cooperative,2024-07-15,278.5,1.13,314.7,46.75,176.5,91.45,19.76,1.05,0.08
878,9505,Potato,Red,"Parks, Cannon and Mcdonald",Retailer,Brandenburg,Online,2025-05-05,1211.9,0.61,739.26,3.83,692.69,42.74,16.62,0.61,0.0
879,1598,Barley,Hulled,Nelson PLC,Exporter,Hesse,Direct,2025-02-23,1424.9,1.3,1852.37,10.81,1788.87,52.69,9.57,1.41,-0.11
880,10478,Wheat,Emmer,Terrell-Gonzalez,Wholesaler,Saxony,Direct,2025-03-12,963.2,1.4,1348.48,24.11,1247.71,76.66,9.78,1.29,0.11
881,13953,Potato,Red,Cunningham and Sons,Wholesaler,Hesse,Cooperative,2025-03-31,505.6,0.89,449.98,46.22,311.64,92.12,8.54,0.85,0.04
882,10240,Corn,Sweet,"Bowen, Parker and Moss",Wholesaler,Lower Saxony,Direct,2025-01-17,1041.6,0.93,968.69,39.67,905.42,23.6,16.01,1.01,-0.08
883,10923,Potato,Red,Thompson-Hudson,Retailer,Hesse,Direct,2025-04-14,1426.8,1.35,1926.18,3.1,1832.08,91.0,19.64,1.29,0.06
884,14642,Barley,Hulless,Dixon-Rush,Retailer,Hesse,Direct,2025-05-05,711.3,0.4,284.52,22.92,223.73,37.87,12.59,0.4,0.0
885,13178,Soybean,Black,Pugh-Griffin,Retailer,Bavaria,Online,2024-10-19,714.9,1.32,943.67,25.81,864.11,53.75,11.6,1.22,0.1
886,9407,Barley,Hulless,Hunt Inc,Retailer,Bavaria,Online,2024-12-09,974.4,1.1,1071.84,17.36,1005.08,49.4,7.96,1.14,-0.04
887,12600,Soybean,Yellow,Parrish-Phillips,Wholesaler,Saxony,Direct,2025-02-16,1672.3,1.02,1705.75,3.09,1661.13,41.53,11.29,0.93,0.09
888,10095,Wheat,Emmer,Patterson-Pope,Retailer,Brandenburg,Cooperative,2025-03-18,354.5,1.37,485.66,5.13,403.36,77.17,12.08,1.38,-0.01
889,12199,Corn,Dent,"Dixon, Taylor and Heath",Retailer,Brandenburg,Cooperative,2025-04-07,758.8,0.69,523.57,46.95,377.1,99.52,9.79,0.67,0.02
890,13039,Wheat,Emmer,"Byrd, Hall and Mcdowell",Retailer,Bavaria,Direct,2024-06-18,524.7,0.9,472.23,35.15,372.63,64.45,21.01,0.89,0.01
891,1713,Corn,Sweet,Mann-Smith,Retailer,Bavaria,Cooperative,2025-05-05,1499.0,0.42,629.58,48.84,547.11,33.63,20.03,0.43,-0.01
892,8131,Soybean,Black,"Baker, Smith and Wilson",Retailer,Hesse,Online,2024-11-18,1391.9,1.15,1600.68,34.21,1515.55,50.92,16.07,1.12,0.03
893,13121,Soybean,Yellow,Kane Inc,Wholesaler,Saxony,Direct,2025-04-25,1743.9,0.93,1621.83,35.07,1503.97,82.79,8.29,1.0,-0.07
894,2514,Soybean,Black,Frazier Group,Retailer,Saxony,Cooperative,2025-04-22,1721.9,0.29,499.35,20.83,398.57,79.95,17.76,0.31,-0.02
895,6209,Potato,Red,Osborne Group,Wholesaler,Bavaria,Online,2025-05-05,510.3,0.43,219.43,15.15,146.75,57.53,22.19,0.4,0.03
896,1818,Potato,Russet,Green-Stevens,Retailer,Lower Saxony,Cooperative,2025-03-07,1447.9,1.13,1636.13,19.96,1595.03,21.14,16.39,1.2,-0.07
897,1654,Barley,Hulless,Hill LLC,Exporter,Hesse,Direct,2025-05-05,220.8,0.95,209.76,30.98,154.82,23.96,12.5,0.87,0.08
898,9082,Wheat,Emmer,Jordan LLC,Exporter,Saxony,Direct,2025-04-04,1051.5,1.41,1482.62,19.49,1418.44,44.69,19.08,1.44,-0.03
899,6047,Barley,Hulled,"Schmitt, Novak and Kelly",Wholesaler,Brandenburg,Direct,2025-01-03,1929.1,1.33,2565.7,44.71,2491.95,29.04,17.71,1.37,-0.04
900,8215,Soybean,Yellow,Smith-Harris,Wholesaler,Brandenburg,Direct,2025-05-05,1485.1,0.91,1351.44,7.71,1292.26,51.47,5.42,0.88,0.03
901,5261,Potato,Red,Johnson Ltd,Retailer,Hesse,Direct,2025-05-05,1470.4,0.58,852.83,41.24,717.83,93.76,18.53,0.53,0.05
902,4458,Wheat,Emmer,Jones Inc,Exporter,Lower Saxony,Online,2025-02-13,758.4,1.29,978.34,23.27,873.94,81.13,14.54,1.31,-0.02
903,9848,Wheat,Durum,Harris PLC,Exporter,Hesse,Cooperative,2025-05-02,1949.7,1.17,2281.15,16.88,2201.23,63.04,23.39,1.2,-0.03
904,2661,Potato,Russet,Levy Ltd,Wholesaler,Saxony,Cooperative,2025-03-11,767.0,0.31,237.77,14.51,135.31,87.95,20.4,0.3,0.01
905,9078,Soybean,Yellow,Lewis Inc,Retailer,Hesse,Online,2025-04-02,375.2,1.49,559.05,25.67,521.47,11.91,9.56,1.46,0.03
906,9523,Soybean,Black,Henson-Young,Exporter,Saxony,Online,2025-05-05,1770.6,1.18,2089.31,26.53,2025.73,37.05,17.51,1.3,-0.12
907,3163,Soybean,Yellow,Warren Group,Wholesaler,Brandenburg,Direct,2024-04-02,612.7,0.72,441.14,41.36,317.63,82.15,9.32,0.66,0.06
908,6022,Potato,Red,Hooper Ltd,Exporter,Lower Saxony,Direct,2024-08-25,752.2,0.55,413.71,37.24,298.79,77.68,11.24,0.56,-0.01
909,11699,Potato,Red,Gregory-Church,Retailer,Bavaria,Online,2024-08-09,959.1,1.12,1074.19,48.39,991.06,34.74,20.33,1.19,-0.07
910,14761,Wheat,Durum,Snyder-Patterson,Exporter,Brandenburg,Cooperative,2024-11-13,540.5,0.92,497.26,8.34,407.83,81.09,15.52,0.85,0.07
911,13000,Barley,Hulled,Collins Group,Wholesaler,Brandenburg,Direct,2024-01-29,1313.6,1.35,1773.36,27.8,1676.83,68.73,23.91,1.44,-0.09
912,10466,Potato,Red,"Zimmerman, Adams and Young",Exporter,Hesse,Online,2024-05-29,1691.8,0.71,1201.18,48.6,1108.42,44.16,7.33,0.77,-0.06
913,13867,Barley,Hulless,Rodriguez-Mccoy,Exporter,Bavaria,Direct,2025-04-04,695.4,0.51,354.65,46.98,291.43,16.24,20.01,0.56,-0.05
914,1025,Wheat,Durum,Bradley PLC,Exporter,Brandenburg,Cooperative,2024-10-06,294.8,1.05,309.54,43.56,178.9,87.08,10.46,1.13,-0.08
915,11288,Wheat,Emmer,Crosby Group,Exporter,Brandenburg,Cooperative,2025-01-07,343.6,0.32,109.95,12.58,13.76,83.61,19.81,0.34,-0.02
916,13171,Potato,Red,"Vasquez, Young and Simmons",Retailer,Saxony,Direct,2024-11-27,624.3,0.44,274.69,0.74,193.93,80.02,5.86,0.46,-0.02
917,14155,Wheat,Emmer,Holloway-Norman,Wholesaler,Lower Saxony,Online,2024-11-06,1524.8,1.24,1890.75,45.62,1778.7,66.43,17.13,1.2,0.04
918,11950,Barley,Hulless,Carter-Bridges,Wholesaler,Brandenburg,Cooperative,2025-03-23,461.0,0.62,285.82,37.91,165.13,82.78,19.9,0.62,0.0
919,7807,Corn,Dent,Lee PLC,Retailer,Lower Saxony,Online,2024-02-24,1476.5,0.36,531.54,48.81,446.98,35.75,16.0,0.38,-0.02
920,11644,Wheat,Emmer,Watts Ltd,Wholesaler,Hesse,Online,2025-01-26,898.3,0.71,637.79,17.66,610.01,10.12,14.46,0.69,0.02
921,13900,Wheat,Emmer,Brown and Sons,Exporter,Lower Saxony,Cooperative,2025-05-05,1818.7,0.55,1000.29,3.4,911.86,85.03,18.56,0.6,-0.05
922,12633,Wheat,Emmer,"Patterson, Walker and Miles",Exporter,Saxony,Direct,2025-05-04,892.1,1.26,1124.05,34.93,1070.38,18.74,16.15,1.28,-0.02
923,12700,Potato,Red,"Torres, Wells and Mays",Wholesaler,Saxony,Cooperative,2025-05-05,1818.4,0.48,872.83,9.49,845.33,18.01,15.87,0.46,0.02
924,4504,Corn,Sweet,Villegas-Robinson,Retailer,Lower Saxony,Direct,2025-05-05,1790.1,0.59,1056.16,47.29,923.31,85.56,16.73,0.57,0.02
925,3859,Soybean,Black,"Pugh, Daniels and Davis",Wholesaler,Lower Saxony,Direct,2025-05-05,1829.5,0.31,567.14,9.85,488.82,68.47,19.37,0.32,-0.01
926,12079,Soybean,Black,Sullivan-Hoover,Wholesaler,Lower Saxony,Cooperative,2025-04-18,831.5,0.53,440.7,27.44,391.73,21.53,10.8,0.49,0.04
927,8035,Soybean,Yellow,Coleman Group,Exporter,Bavaria,Online,2025-05-05,1786.1,1.18,2107.6,36.21,1998.19,73.2,21.08,1.14,0.04
928,1565,Wheat,Emmer,"Juarez, Martinez and Flores",Wholesaler,Brandenburg,Online,2024-12-15,392.6,1.02,400.45,8.02,296.59,95.84,23.14,1.09,-0.07
929,4275,Barley,Hulless,Cunningham-Durham,Wholesaler,Saxony,Cooperative,2025-03-30,1486.2,1.06,1575.37,48.76,1448.91,77.7,22.91,1.09,-0.03
930,10644,Barley,Hulless,Gardner-Horn,Exporter,Hesse,Direct,2024-12-02,1747.3,1.21,2114.23,16.82,2030.58,66.83,6.31,1.2,0.01
931,1492,Barley,Hulled,Dickerson-Barron,Exporter,Lower Saxony,Online,2024-07-12,1378.8,1.02,1406.38,1.51,1329.29,75.58,23.71,1.09,-0.07
932,1725,Corn,Sweet,Salas Ltd,Retailer,Lower Saxony,Direct,2025-03-06,507.4,1.48,750.95,39.79,662.43,48.73,20.17,1.35,0.13
933,13360,Soybean,Yellow,Jacobson LLC,Retailer,Saxony,Direct,2025-04-08,1602.6,0.6,961.56,21.04,879.15,61.37,6.71,0.63,-0.03
934,1255,Wheat,Emmer,Burch Ltd,Wholesaler,Brandenburg,Direct,2025-05-05,979.0,1.32,1292.28,49.17,1165.62,77.49,21.17,1.25,0.07
935,744,Corn,Dent,"Sullivan, Gonzalez and Martin",Retailer,Bavaria,Online,2025-05-05,1499.9,1.31,1964.87,5.05,1949.59,10.23,8.64,1.24,0.07
936,5457,Soybean,Yellow,Miller-Ortega,Retailer,Hesse,Cooperative,2025-01-12,1894.6,1.46,2766.12,29.76,2709.29,27.07,8.17,1.38,0.08
937,410,Soybean,Black,"Carson, Green and Conway",Retailer,Brandenburg,Online,2025-03-31,750.7,0.97,728.18,48.18,597.56,82.44,16.56,0.89,0.08
938,3045,Corn,Dent,Barnett-Ingram,Wholesaler,Hesse,Cooperative,2024-10-19,1968.0,0.86,1692.48,24.15,1597.32,71.01,8.64,0.93,-0.07
939,3815,Potato,Russet,Welch Group,Retailer,Saxony,Direct,2025-04-09,1461.8,1.61,2353.5,43.12,2240.28,70.1,24.43,1.49,0.12
940,4528,Wheat,Emmer,Williams Inc,Retailer,Saxony,Direct,2025-05-04,946.0,1.18,1116.28,35.47,991.13,89.68,8.49,1.21,-0.03
941,4259,Corn,Sweet,Turner-Walker,Exporter,Bavaria,Direct,2025-01-01,1976.9,0.78,1541.98,12.25,1452.47,77.26,14.88,0.78,0.0
942,1014,Barley,Hulless,Brown Group,Exporter,Saxony,Cooperative,2025-05-05,612.4,1.13,692.01,6.51,595.91,89.59,21.9,1.07,0.06
943,287,Potato,Russet,"Lee, Simmons and Walker",Wholesaler,Brandenburg,Cooperative,2024-08-02,509.9,0.6,305.94,45.43,247.05,13.46,16.65,0.66,-0.06
944,2784,Potato,Russet,Russo PLC,Exporter,Bavaria,Cooperative,2025-02-26,487.3,1.49,726.08,46.18,662.19,17.71,24.2,1.46,0.03
945,9889,Soybean,Yellow,Shaw PLC,Exporter,Brandenburg,Direct,2025-03-24,1770.7,1.02,1806.11,33.96,1682.56,89.59,17.25,1.0,0.02
946,6842,Barley,Hulless,"Mason, Griffin and Gutierrez",Wholesaler,Hesse,Online,2024-10-12,1719.9,0.55,945.95,22.21,835.87,87.87,15.78,0.56,-0.01
947,13740,Soybean,Yellow,Williams PLC,Retailer,Saxony,Direct,2024-02-03,339.7,0.34,115.5,18.67,75.19,21.64,15.86,0.37,-0.03
948,14148,Wheat,Durum,"Jacobs, Gilbert and Hernandez",Retailer,Lower Saxony,Cooperative,2025-04-08,1118.6,0.79,883.69,24.11,784.49,75.09,12.0,0.84,-0.05
949,8834,Corn,Sweet,Robles Inc,Exporter,Brandenburg,Online,2024-08-14,1121.7,0.62,695.45,43.84,557.84,93.77,15.68,0.58,0.04
950,14623,Wheat,Emmer,"Maynard, Jackson and Sherman",Retailer,Brandenburg,Online,2025-05-05,1946.6,1.32,2569.51,24.03,2488.26,57.22,13.28,1.38,-0.06
951,2621,Corn,Dent,Jones-Lopez,Wholesaler,Saxony,Online,2024-02-10,512.6,0.83,425.46,19.29,362.28,43.89,7.01,0.87,-0.04
952,8164,Wheat,Durum,Curry LLC,Wholesaler,Saxony,Online,2025-04-26,474.7,0.49,232.6,3.95,178.45,50.2,22.55,0.46,0.03
953,12575,Potato,Red,Martin-Berger,Exporter,Brandenburg,Cooperative,2024-12-31,1430.3,1.17,1673.45,14.62,1643.61,15.22,9.62,1.2,-0.03
954,6946,Barley,Hulless,Mitchell Ltd,Retailer,Brandenburg,Cooperative,2024-06-08,1152.2,1.07,1232.85,42.73,1158.17,31.95,9.46,1.17,-0.1
955,8569,Potato,Russet,Yang PLC,Retailer,Bavaria,Online,2024-04-29,1550.7,0.8,1240.56,40.43,1144.64,55.49,23.92,0.73,0.07
956,5668,Barley,Hulled,Peters Ltd,Exporter,Saxony,Cooperative,2025-03-19,1655.5,0.44,728.42,31.73,658.1,38.59,12.5,0.49,-0.05
957,2664,Barley,Hulled,"Thompson, Bernard and Gardner",Wholesaler,Lower Saxony,Cooperative,2025-05-05,1797.9,0.96,1725.98,19.81,1674.43,31.74,24.0,1.06,-0.1
958,755,Barley,Hulled,"Evans, Everett and Hebert",Exporter,Brandenburg,Cooperative,2024-09-25,1159.6,0.51,591.4,16.02,513.99,61.39,18.7,0.5,0.01
959,6872,Soybean,Yellow,Thompson Inc,Wholesaler,Lower Saxony,Cooperative,2025-02-20,379.9,1.56,592.64,4.86,515.97,71.81,21.94,1.45,0.11
960,9614,Corn,Dent,"Walter, Mathis and Sanders",Exporter,Saxony,Direct,2025-02-03,1348.3,0.64,862.91,30.23,765.44,67.24,17.59,0.63,0.01
961,7744,Potato,Russet,Gray-Steele,Retailer,Lower Saxony,Direct,2025-04-09,1278.6,1.26,1611.04,30.39,1516.46,64.19,10.59,1.18,0.08
962,908,Potato,Russet,"Figueroa, Simpson and Steele",Retailer,Brandenburg,Online,2025-04-05,596.1,0.64,381.5,21.54,305.79,54.17,21.13,0.62,0.02
963,6725,Soybean,Black,Wilson-Boone,Wholesaler,Hesse,Online,2024-09-15,431.9,0.62,267.78,28.93,220.8,18.05,15.24,0.65,-0.03
964,12799,Corn,Dent,Conrad-Reyes,Exporter,Hesse,Cooperative,2024-03-05,1643.8,0.87,1430.11,21.01,1360.14,48.96,21.74,0.86,0.01
965,2689,Barley,Hulless,Brown Ltd,Exporter,Bavaria,Online,2025-03-30,626.1,1.05,657.41,13.87,608.29,35.25,15.81,1.06,-0.01
966,3630,Barley,Hulled,Tran-Griffin,Retailer,Saxony,Cooperative,2024-07-15,535.1,0.85,454.84,22.46,409.75,22.63,18.53,0.93,-0.08
967,3588,Soybean,Yellow,Branch Inc,Wholesaler,Brandenburg,Cooperative,2025-05-05,671.8,1.52,1021.14,41.51,944.81,34.82,6.93,1.41,0.11
968,14341,Corn,Sweet,"Gilbert, Baker and Wilson",Wholesaler,Hesse,Online,2025-02-04,1824.7,1.44,2627.57,7.33,2540.89,79.35,5.25,1.31,0.13
969,10917,Wheat,Emmer,Pollard Ltd,Wholesaler,Saxony,Direct,2024-07-24,1103.8,1.33,1468.05,39.46,1364.17,64.42,20.13,1.37,-0.04
970,14008,Soybean,Black,"Gamble, Padilla and Brown",Wholesaler,Lower Saxony,Direct,2024-10-01,1013.0,0.55,557.15,17.24,464.76,75.15,11.58,0.59,-0.04
971,1697,Soybean,Yellow,Gonzales-Fernandez,Wholesaler,Bavaria,Cooperative,2025-03-14,723.9,0.51,369.19,15.47,288.57,65.15,16.21,0.53,-0.02
972,3787,Wheat,Emmer,"Perry, Bowman and Flynn",Exporter,Hesse,Cooperative,2025-03-31,1882.7,0.84,1581.47,15.78,1554.14,11.55,14.65,0.86,-0.02
973,4924,Barley,Hulled,Kent-Martinez,Exporter,Brandenburg,Online,2025-05-01,1411.1,0.78,1100.66,18.43,1066.44,15.79,23.43,0.72,0.06
974,7313,Barley,Hulled,Morton Group,Wholesaler,Brandenburg,Cooperative,2025-05-05,1047.5,0.62,649.45,45.3,505.16,98.99,6.47,0.57,0.05
975,8665,Corn,Sweet,Baker-Williams,Wholesaler,Brandenburg,Online,2024-01-26,649.2,0.41,266.17,24.03,163.74,78.4,23.3,0.43,-0.02
976,12861,Barley,Hulless,"Ramirez, Thomas and Sullivan",Exporter,Saxony,Cooperative,2024-05-30,551.7,1.11,612.39,27.03,555.61,29.75,9.01,1.03,0.08
977,1944,Soybean,Yellow,Burns-Suarez,Retailer,Lower Saxony,Online,2025-03-15,553.7,0.89,492.79,26.09,434.74,31.96,17.05,0.88,0.01
978,13678,Wheat,Emmer,Holder-Hodges,Wholesaler,Bavaria,Online,2025-03-31,1074.8,0.9,967.32,4.73,923.48,39.11,12.79,0.9,0.0
979,8054,Potato,Russet,Larsen-Dean,Exporter,Saxony,Cooperative,2024-03-27,1273.4,0.76,967.78,7.03,864.96,95.79,10.21,0.7,0.06
980,1271,Wheat,Emmer,Cannon and Sons,Retailer,Bavaria,Online,2025-03-07,1219.9,0.43,524.56,44.24,451.76,28.56,19.41,0.46,-0.03
981,9761,Wheat,Durum,"Bailey, Mack and Payne",Retailer,Lower Saxony,Cooperative,2024-05-26,945.9,0.82,775.64,37.27,684.0,54.37,9.8,0.75,0.07
982,1458,Barley,Hulless,Bauer-Harris,Exporter,Saxony,Direct,2024-06-04,879.9,0.41,360.76,36.08,292.17,32.51,20.61,0.41,0.0
983,2077,Soybean,Yellow,Williamson and Sons,Wholesaler,Hesse,Online,2025-03-11,1657.4,0.35,580.09,27.38,456.72,95.99,6.93,0.33,0.02
984,7074,Wheat,Durum,Roberts-Herrera,Wholesaler,Hesse,Cooperative,2025-05-05,1423.4,1.38,1964.29,13.43,1874.83,76.03,18.39,1.3,0.08
985,9411,Wheat,Durum,Coleman-Oneal,Exporter,Lower Saxony,Cooperative,2025-05-05,1082.7,0.4,433.08,18.69,366.94,47.45,9.88,0.39,0.01
986,7639,Wheat,Durum,Boone LLC,Retailer,Bavaria,Direct,2024-06-17,1246.5,0.78,972.27,28.82,846.59,96.86,22.78,0.86,-0.08
987,1285,Corn,Sweet,Williams-Todd,Exporter,Lower Saxony,Online,2024-12-11,1120.1,0.76,851.28,3.74,792.82,54.72,6.04,0.83,-0.07
988,1536,Wheat,Emmer,Fowler Ltd,Retailer,Saxony,Online,2025-05-05,362.2,0.47,170.23,9.95,62.84,97.44,14.97,0.49,-0.02
989,9265,Potato,Red,"Moore, Hayes and Smith",Retailer,Saxony,Cooperative,2024-09-01,1953.1,0.8,1562.48,17.94,1461.74,82.8,15.71,0.81,-0.01
990,11246,Potato,Red,"Mendez, Lewis and Robbins",Exporter,Brandenburg,Direct,2024-06-25,973.3,1.29,1255.56,2.04,1215.56,37.96,6.42,1.39,-0.1
991,2519,Potato,Russet,Rojas-Burns,Exporter,Brandenburg,Cooperative,2024-05-07,1166.4,0.95,1108.08,26.85,1034.45,46.78,15.53,0.96,-0.01
992,1090,Wheat,Durum,Gonzalez Ltd,Retailer,Saxony,Cooperative,2025-05-05,1154.1,1.3,1500.33,34.13,1399.31,66.89,8.33,1.44,-0.14
993,7153,Corn,Dent,Brown and Sons,Retailer,Hesse,Cooperative,2024-07-04,1155.9,0.75,866.92,4.05,765.77,97.1,13.55,0.69,0.06
994,3649,Corn,Sweet,Sims Ltd,Exporter,Hesse,Online,2024-04-10,1348.2,0.9,1213.38,18.04,1173.49,21.85,12.12,0.91,-0.01
995,5438,Barley,Hulled,"Allen, Mullins and Gonzalez",Retailer,Lower Saxony,Online,2024-07-13,863.1,1.39,1199.71,20.16,1097.14,82.41,6.93,1.34,0.05
996,14144,Wheat,Durum,Welch-Caldwell,Retailer,Lower Saxony,Cooperative,2024-08-14,903.8,0.94,849.57,8.77,793.7,47.1,5.9,0.92,0.02
997,4160,Soybean,Yellow,Lewis-Ortiz,Wholesaler,Lower Saxony,Cooperative,2025-05-02,1310.8,0.8,1048.64,19.93,946.94,81.77,23.29,0.84,-0.04
998,13945,Wheat,Emmer,Ray-Jones,Retailer,Brandenburg,Direct,2024-08-25,1789.0,0.75,1341.75,34.27,1295.77,11.71,18.48,0.72,0.03
999,9540,Soybean,Black,Dickson-Mcgee,Wholesaler,Brandenburg,Cooperative,2025-05-05,361.1,0.73,263.6,33.22,204.63,25.75,13.59,0.81,-0.08
1000,9897,Wheat,Durum,Harmon Group,Wholesaler,Bavaria,Cooperative,2024-09-23,309.9,0.56,173.54,2.25,125.73,45.56,20.57,0.61,-0.05
1001,897,Soybean,Yellow,"Ortiz, Hobbs and Massey",Wholesaler,Hesse,Online,2024-07-20,1658.3,0.46,762.82,11.29,680.64,70.89,12.33,0.46,0.0
1002,8100,Wheat,Emmer,Garcia Inc,Wholesaler,Bavaria,Online,2025-05-05,1356.7,0.69,936.12,8.38,884.52,43.22,22.44,0.71,-0.02
1003,7865,Wheat,Durum,"Garcia, Gonzalez and Gonzalez",Wholesaler,Lower Saxony,Online,2025-03-22,1311.5,1.26,1652.49,20.41,1596.41,35.67,11.92,1.27,-0.01
1004,10891,Corn,Sweet,"Wagner, Haynes and Wheeler",Wholesaler,Bavaria,Online,2025-05-05,977.2,1.22,1192.18,34.61,1133.33,24.24,5.57,1.14,0.08
1005,13260,Wheat,Durum,"Byrd, Hill and Mclaughlin",Wholesaler,Brandenburg,Direct,2025-04-25,1797.7,1.57,2822.39,48.67,2694.0,79.72,7.02,1.5,0.07
1006,13684,Wheat,Durum,Flores LLC,Retailer,Bavaria,Cooperative,2024-12-07,1958.9,0.52,1018.63,9.94,922.89,85.8,8.03,0.5,0.02
1007,10034,Soybean,Yellow,Smith Group,Retailer,Hesse,Cooperative,2024-10-20,1641.0,1.63,2674.83,45.06,2574.95,54.82,23.18,1.49,0.14
1008,14491,Potato,Russet,Allen-Braun,Exporter,Lower Saxony,Cooperative,2024-08-03,895.6,0.51,456.76,15.53,368.58,72.65,21.39,0.51,0.0
1009,4659,Corn,Sweet,Stone-Diaz,Wholesaler,Brandenburg,Cooperative,2025-05-05,1343.1,1.25,1678.88,14.08,1604.79,60.01,8.25,1.36,-0.11
1010,8818,Potato,Red,"Jones, Waters and Neal",Retailer,Lower Saxony,Cooperative,2025-03-28,1581.3,1.51,2387.76,47.83,2304.51,35.42,15.15,1.41,0.1
1011,6682,Barley,Hulless,Brennan-Rodriguez,Exporter,Lower Saxony,Direct,2025-03-08,1025.7,0.37,379.51,13.61,305.28,60.62,16.34,0.34,0.03
1012,11376,Corn,Sweet,Davis-Smith,Wholesaler,Bavaria,Online,2024-09-18,1179.9,0.8,943.92,41.28,885.59,17.05,6.19,0.79,0.01
1013,10015,Soybean,Black,Kemp LLC,Retailer,Brandenburg,Online,2025-01-12,1989.5,0.57,1134.01,34.62,1038.25,61.14,14.75,0.59,-0.02
1014,13947,Potato,Russet,"Mendoza, Anderson and Kirby",Exporter,Saxony,Direct,2025-04-27,966.6,1.44,1391.9,34.68,1309.73,47.49,7.81,1.38,0.06
1015,6890,Corn,Sweet,"Evans, Anderson and Erickson",Retailer,Saxony,Direct,2025-04-12,853.4,1.42,1211.83,32.11,1094.68,85.04,11.72,1.4,0.02
1016,12946,Barley,Hulled,Ferguson PLC,Retailer,Bavaria,Direct,2024-11-11,1757.3,0.67,1177.39,35.76,1106.67,34.96,14.47,0.67,0.0
1017,14157,Soybean,Yellow,Clark-Price,Retailer,Hesse,Cooperative,2025-05-05,1247.9,1.17,1460.04,17.88,1378.48,63.68,11.44,1.24,-0.07
1018,2531,Potato,Red,Baker PLC,Retailer,Bavaria,Online,2024-08-20,1360.2,0.97,1319.39,6.07,1299.67,13.65,8.02,1.03,-0.06
1019,4363,Potato,Russet,Chan-Dawson,Exporter,Hesse,Cooperative,2024-02-12,602.7,1.27,765.43,40.1,652.81,72.52,6.15,1.24,0.03
1020,4036,Soybean,Black,Cox Inc,Retailer,Bavaria,Direct,2024-12-20,389.6,0.34,132.46,41.19,33.27,58.0,11.03,0.35,-0.01
1021,490,Barley,Hulless,King LLC,Exporter,Lower Saxony,Cooperative,2025-01-25,631.1,0.9,567.99,39.56,446.63,81.8,15.41,0.87,0.03
1022,4856,Soybean,Black,"Carey, Lopez and Gilmore",Retailer,Brandenburg,Direct,2025-03-16,1353.5,0.35,473.72,35.84,396.55,41.33,15.9,0.38,-0.03
1023,4686,Potato,Russet,"Turner, Solis and Miller",Wholesaler,Hesse,Cooperative,2024-10-22,1073.8,0.46,493.95,34.51,364.42,95.02,23.97,0.42,0.04
1024,10157,Barley,Hulled,Gonzalez PLC,Retailer,Lower Saxony,Direct,2025-01-31,448.4,1.33,596.37,8.05,568.84,19.48,9.24,1.39,-0.06
1025,8492,Soybean,Yellow,"Lyons, Ramirez and Chase",Exporter,Saxony,Online,2025-04-29,691.2,1.29,891.65,15.59,860.03,16.03,24.78,1.36,-0.07
1026,4724,Soybean,Black,Cain PLC,Retailer,Hesse,Direct,2025-02-23,1763.4,1.25,2204.25,10.22,2146.98,47.05,24.08,1.34,-0.09
1027,2109,Barley,Hulled,Robertson-Howard,Exporter,Lower Saxony,Online,2024-02-04,1562.3,1.03,1609.17,2.07,1571.41,35.69,8.35,1.06,-0.03
1028,13174,Barley,Hulless,Reyes LLC,Wholesaler,Brandenburg,Cooperative,2025-05-05,1564.3,0.68,1063.72,34.25,985.16,44.31,9.07,0.73,-0.05
1029,5755,Soybean,Black,"Brown, Cunningham and Gallagher",Retailer,Bavaria,Direct,2025-05-04,1846.2,0.84,1550.81,32.24,1469.68,48.89,11.35,0.79,0.05
1030,8760,Soybean,Black,Joyce Inc,Exporter,Bavaria,Online,2025-04-14,1676.4,1.23,2061.97,40.02,1959.95,62.0,21.77,1.32,-0.09
1031,1739,Soybean,Black,Jennings Ltd,Exporter,Hesse,Direct,2024-04-08,1783.0,1.29,2300.07,2.21,2233.57,64.29,21.76,1.36,-0.07
1032,2789,Corn,Dent,Romero Ltd,Exporter,Hesse,Direct,2025-05-05,251.8,0.96,241.73,30.84,133.65,77.24,9.92,0.93,0.03
1033,4674,Potato,Red,"Harris, Reyes and Shaw",Retailer,Bavaria,Direct,2025-04-27,1545.2,0.41,633.53,20.5,547.67,65.36,8.69,0.4,0.01
1034,3035,Soybean,Black,Perez-Simmons,Exporter,Bavaria,Direct,2024-08-09,1526.8,0.76,1160.37,49.87,1019.71,90.79,23.25,0.74,0.02
1035,12792,Corn,Sweet,Hester-Kim,Wholesaler,Brandenburg,Cooperative,2025-01-05,292.6,0.5,146.3,36.44,44.47,65.39,9.74,0.52,-0.02
1036,856,Potato,Red,"Campbell, Miller and Graves",Retailer,Hesse,Direct,2025-04-25,1118.0,1.34,1498.12,47.53,1400.98,49.61,14.24,1.43,-0.09
1037,1426,Barley,Hulless,Larsen-Gray,Exporter,Lower Saxony,Online,2025-02-12,1245.1,0.73,908.92,49.58,785.46,73.88,6.59,0.68,0.05
1038,6631,Soybean,Black,"Clay, Li and Benson",Retailer,Bavaria,Direct,2025-01-11,1307.2,0.75,980.4,32.46,910.43,37.51,20.85,0.83,-0.08
1039,6508,Soybean,Yellow,Fritz Inc,Wholesaler,Bavaria,Cooperative,2025-04-29,1281.6,1.06,1358.5,31.05,1302.23,25.22,10.89,1.18,-0.12
1040,1219,Corn,Dent,Vaughn-Craig,Retailer,Bavaria,Online,2025-04-26,873.0,0.46,401.58,29.49,333.1,38.99,19.53,0.46,0.0
1041,6978,Corn,Sweet,Kelly Inc,Retailer,Saxony,Cooperative,2024-12-05,1241.2,1.17,1452.2,29.14,1403.74,19.32,7.84,1.22,-0.05
1042,14713,Corn,Dent,Sanford-Anderson,Retailer,Hesse,Direct,2025-05-05,1199.1,0.65,779.42,18.87,712.72,47.83,5.67,0.65,0.0
1043,9003,Wheat,Emmer,Lewis LLC,Retailer,Saxony,Direct,2024-10-25,934.8,0.32,299.14,43.15,201.65,54.34,5.45,0.32,0.0
1044,1926,Wheat,Durum,"Webb, Hernandez and Gomez",Wholesaler,Hesse,Online,2024-01-12,1936.3,1.57,3039.99,3.29,2992.98,43.72,23.17,1.45,0.12
1045,9499,Barley,Hulless,Cooper-Sutton,Wholesaler,Hesse,Direct,2024-04-15,485.7,1.09,529.41,27.64,473.5,28.27,24.72,1.03,0.06
1046,14312,Barley,Hulled,Petersen PLC,Wholesaler,Hesse,Cooperative,2025-04-24,1842.5,0.31,571.17,36.22,469.44,65.51,12.74,0.31,0.0
1047,2835,Potato,Russet,"Williams, Elliott and Austin",Retailer,Saxony,Online,2024-12-09,756.6,0.99,749.03,14.28,692.5,42.25,5.15,0.96,0.03
1048,9364,Barley,Hulless,"Adams, Cochran and Griffin",Exporter,Bavaria,Online,2025-05-05,1614.1,0.43,694.06,11.55,610.86,71.65,14.26,0.4,0.03
1049,4698,Corn,Sweet,"Campbell, Smith and Campbell",Wholesaler,Brandenburg,Online,2025-01-04,928.2,0.44,408.41,6.66,366.51,35.24,9.75,0.43,0.01
1050,12990,Potato,Russet,"Graves, Dominguez and Wilkerson",Exporter,Hesse,Cooperative,2025-04-13,1689.6,0.74,1250.3,28.6,1176.06,45.64,10.99,0.72,0.02
1051,5033,Potato,Red,"Smith, Green and Wilson",Wholesaler,Saxony,Direct,2025-01-12,1731.8,0.96,1662.53,47.21,1529.28,86.04,10.23,0.9,0.06
1052,488,Potato,Russet,Black-Bauer,Exporter,Lower Saxony,Cooperative,2025-04-25,1304.9,0.62,809.04,34.98,682.15,91.91,12.37,0.66,-0.04
1053,8456,Soybean,Black,"Villegas, Bowen and Ramirez",Exporter,Hesse,Direct,2024-05-01,348.4,0.33,114.97,13.39,17.42,84.16,16.75,0.31,0.02
1054,5601,Barley,Hulless,Johnson-Howe,Exporter,Lower Saxony,Direct,2024-08-28,1886.9,0.68,1283.09,12.04,1180.35,90.7,8.7,0.63,0.05
1055,2661,Potato,Russet,Hernandez Ltd,Exporter,Lower Saxony,Cooperative,2025-02-02,317.2,0.31,98.33,29.21,-27.75,96.87,11.28,0.3,0.01
1056,10458,Potato,Red,Jarvis-West,Retailer,Brandenburg,Online,2024-09-27,1947.1,1.05,2044.46,3.67,1968.42,72.37,14.23,0.98,0.07
1057,9115,Potato,Russet,Mcdaniel Ltd,Retailer,Brandenburg,Direct,2024-12-11,1645.6,0.64,1053.18,49.45,927.06,76.67,22.28,0.68,-0.04
1058,8997,Barley,Hulless,Aguirre-Williams,Exporter,Bavaria,Cooperative,2024-07-09,1096.8,1.14,1250.35,9.28,1189.87,51.2,12.02,1.12,0.02
1059,4764,Corn,Dent,Edwards Inc,Retailer,Lower Saxony,Online,2024-04-28,1247.9,0.64,798.66,19.14,738.28,41.24,20.75,0.65,-0.01
1060,2430,Soybean,Black,"Bernard, Osborne and Zuniga",Exporter,Brandenburg,Direct,2024-11-01,396.1,1.5,594.15,29.15,474.59,90.41,5.22,1.49,0.01
1061,13017,Wheat,Emmer,Herrera Inc,Exporter,Bavaria,Online,2025-05-05,1300.0,0.7,910.0,7.96,810.63,91.41,18.12,0.77,-0.07
1062,10847,Soybean,Black,Villarreal Group,Retailer,Hesse,Cooperative,2024-07-16,1808.6,1.01,1826.69,49.91,1684.43,92.35,16.62,1.07,-0.06
1063,3598,Wheat,Emmer,"Bell, Briggs and Acevedo",Exporter,Saxony,Direct,2024-04-19,1268.3,0.97,1230.25,38.42,1155.47,36.36,19.82,1.06,-0.09
1064,9314,Soybean,Yellow,Shelton-Turner,Wholesaler,Lower Saxony,Direct,2024-04-17,486.4,1.32,642.05,17.03,595.16,29.86,14.74,1.23,0.09
1065,10593,Wheat,Emmer,Hall and Sons,Wholesaler,Brandenburg,Direct,2025-02-11,990.6,0.79,782.57,25.22,721.92,35.43,20.62,0.82,-0.03
1066,1128,Soybean,Black,"Burns, Johnson and Davis",Exporter,Brandenburg,Cooperative,2025-05-05,1043.1,1.31,1366.46,7.09,1273.09,86.28,17.34,1.27,0.04
1067,301,Potato,Red,Farley-Edwards,Wholesaler,Brandenburg,Online,2025-04-06,722.2,0.61,440.54,16.03,412.08,12.43,13.25,0.58,0.03
1068,744,Corn,Dent,"Butler, White and Barnes",Exporter,Brandenburg,Online,2025-05-05,674.5,1.33,897.08,14.23,834.09,48.76,16.08,1.24,0.09
1069,9842,Wheat,Durum,Austin-Jenkins,Exporter,Brandenburg,Cooperative,2025-04-06,1848.6,1.05,1941.03,10.65,1889.04,41.34,17.75,0.99,0.06
1070,13206,Corn,Dent,"Taylor, Cowan and Hicks",Retailer,Hesse,Online,2024-11-23,1699.9,0.83,1410.92,44.31,1326.72,39.89,24.28,0.9,-0.07
1071,9217,Soybean,Yellow,Becker and Sons,Retailer,Saxony,Online,2025-05-05,1176.1,1.4,1646.54,27.04,1546.87,72.63,23.68,1.34,0.06
1072,2787,Soybean,Yellow,"Schwartz, Wells and Russo",Retailer,Brandenburg,Cooperative,2024-11-25,302.3,0.31,93.71,25.9,31.77,36.04,19.71,0.33,-0.02
1073,8309,Barley,Hulled,"Valenzuela, Riggs and Rhodes",Retailer,Hesse,Cooperative,2025-02-18,1810.3,0.6,1086.18,2.44,1050.84,32.9,9.03,0.62,-0.02
1074,9584,Barley,Hulled,"Martinez, Brown and Johnson",Retailer,Hesse,Online,2025-04-11,950.1,1.49,1415.65,28.27,1302.4,84.98,21.33,1.43,0.06
1075,8113,Corn,Sweet,Woods PLC,Exporter,Hesse,Cooperative,2025-03-19,477.6,1.35,644.76,28.75,531.35,84.66,10.27,1.27,0.08
1076,1073,Soybean,Black,"Horton, Waller and Matthews",Wholesaler,Saxony,Online,2025-05-02,731.0,1.25,913.75,38.9,854.82,20.03,9.61,1.27,-0.02
1077,3865,Soybean,Black,"Houston, Wyatt and Brown",Exporter,Bavaria,Direct,2025-05-05,1214.5,1.09,1323.8,20.5,1252.06,51.24,23.83,1.02,0.07
1078,14385,Soybean,Yellow,Dixon and Sons,Retailer,Saxony,Online,2024-11-15,886.2,1.41,1249.54,16.28,1174.46,58.8,9.17,1.44,-0.03
1079,13083,Corn,Dent,Cole LLC,Exporter,Lower Saxony,Cooperative,2024-03-16,779.2,0.71,553.23,9.06,486.4,57.77,7.71,0.73,-0.02
1080,4520,Potato,Red,Melton-Turner,Wholesaler,Hesse,Online,2025-05-05,1141.2,0.71,810.25,31.96,753.77,24.52,11.42,0.77,-0.06
1081,14183,Corn,Sweet,"Hernandez, Shaw and Wright",Retailer,Hesse,Online,2025-03-10,774.2,1.01,781.94,2.68,760.4,18.86,18.0,1.04,-0.03
1082,5324,Wheat,Emmer,Ross-Castillo,Wholesaler,Brandenburg,Cooperative,2025-04-26,1471.7,1.35,1986.8,15.09,1917.93,53.78,12.75,1.23,0.12
1083,7703,Barley,Hulless,Burke-Fox,Retailer,Hesse,Cooperative,2024-04-02,827.8,0.47,389.07,49.49,329.56,10.02,6.91,0.48,-0.01
1084,1703,Soybean,Black,Brown Ltd,Wholesaler,Lower Saxony,Direct,2025-02-11,1493.6,0.89,1329.3,35.94,1213.96,79.4,24.85,0.96,-0.07
1085,547,Wheat,Emmer,Thompson Inc,Exporter,Saxony,Online,2025-02-05,1982.4,0.48,951.55,32.54,819.39,99.62,6.94,0.52,-0.04
1086,13245,Potato,Red,"Williams, Price and Cantu",Wholesaler,Hesse,Direct,2024-10-14,982.3,1.05,1031.42,43.53,896.94,90.95,24.69,0.98,0.07
1087,10906,Wheat,Durum,"Reid, Walker and Roberts",Wholesaler,Bavaria,Cooperative,2025-03-14,339.0,1.01,342.39,13.1,305.71,23.58,12.85,1.02,-0.01
1088,1108,Barley,Hulled,"Ruiz, Underwood and Thomas",Retailer,Bavaria,Online,2025-05-05,417.7,0.81,338.34,10.14,314.47,13.73,10.37,0.79,0.02
1089,2427,Wheat,Emmer,Coleman-Poole,Exporter,Saxony,Online,2025-04-25,1580.9,0.6,948.54,33.02,834.59,80.93,9.01,0.56,0.04
1090,14841,Soybean,Black,Diaz-Johnson,Wholesaler,Hesse,Online,2025-05-05,1870.4,0.39,729.46,47.27,658.15,24.04,16.13,0.41,-0.02
1091,1212,Barley,Hulled,English-Kelly,Exporter,Bavaria,Online,2025-05-05,231.3,1.42,328.45,9.48,272.87,46.1,22.05,1.34,0.08
1092,630,Potato,Russet,Hall-Gibbs,Retailer,Brandenburg,Direct,2024-02-11,1464.7,0.99,1450.05,22.74,1359.25,68.06,23.3,1.01,-0.02
1093,11718,Barley,Hulless,"Powell, Wilson and Moyer",Exporter,Bavaria,Cooperative,2024-12-12,695.3,1.38,959.51,2.26,899.5,57.75,10.14,1.49,-0.11
1094,6838,Wheat,Durum,Martin LLC,Exporter,Saxony,Cooperative,2025-03-26,857.8,1.2,1029.36,38.24,894.83,96.29,17.82,1.27,-0.07
1095,4641,Wheat,Durum,Greene LLC,Wholesaler,Brandenburg,Cooperative,2025-04-21,1315.9,1.19,1565.92,24.46,1446.87,94.59,18.88,1.17,0.02
1096,11422,Wheat,Durum,Johnston and Sons,Retailer,Lower Saxony,Cooperative,2023-11-30,1594.3,1.25,1992.88,12.65,1964.8,15.43,12.64,1.25,0.0
1097,3512,Wheat,Emmer,"Graham, Johnson and Greene",Exporter,Brandenburg,Cooperative,2025-02-19,1970.4,1.42,2797.97,21.48,2762.09,14.4,15.59,1.39,0.03
1098,8688,Barley,Hulled,"Beck, Reed and Adams",Retailer,Hesse,Cooperative,2025-04-30,964.1,0.82,790.56,4.08,699.37,87.11,10.86,0.79,0.03
1099,1720,Barley,Hulled,Fisher PLC,Exporter,Lower Saxony,Direct,2025-05-05,455.0,1.35,614.25,20.2,541.73,52.32,11.98,1.43,-0.08
1100,13383,Soybean,Black,"Jacobson, Moore and Ortiz",Wholesaler,Saxony,Cooperative,2025-05-05,1460.1,1.46,2131.75,20.29,2049.02,62.44,7.45,1.5,-0.04
1101,7928,Soybean,Yellow,"Roth, Anderson and Lopez",Exporter,Brandenburg,Online,2025-01-09,1243.1,0.84,1044.2,5.05,1005.98,33.17,20.02,0.88,-0.04
1102,1549,Wheat,Durum,"Watson, Freeman and Krueger",Wholesaler,Hesse,Cooperative,2025-03-24,838.4,0.71,595.26,36.43,494.92,63.91,11.97,0.67,0.04
1103,8141,Soybean,Yellow,Sanders-Doyle,Wholesaler,Hesse,Online,2025-01-10,1483.9,0.6,890.34,12.37,839.59,38.38,24.05,0.6,0.0
1104,13997,Potato,Russet,"Garcia, Smith and Perez",Retailer,Saxony,Cooperative,2024-03-07,1492.8,1.0,1492.8,3.02,1393.48,96.3,24.75,1.01,-0.01
1105,14023,Soybean,Black,Crawford Group,Exporter,Bavaria,Cooperative,2024-03-23,216.4,1.2,259.68,37.67,175.93,46.08,23.81,1.3,-0.1
1106,12865,Barley,Hulless,Conley-Brown,Retailer,Hesse,Online,2023-09-29,320.2,0.34,108.87,37.7,54.86,16.31,17.5,0.33,0.01
1107,14447,Soybean,Yellow,Gomez and Sons,Retailer,Saxony,Cooperative,2024-11-22,1182.0,0.61,721.02,2.12,688.25,30.65,10.31,0.61,0.0
1108,1808,Corn,Dent,Hanson LLC,Retailer,Brandenburg,Online,2024-05-15,1674.5,0.47,787.02,14.01,739.5,33.51,6.81,0.47,0.0
1109,8234,Soybean,Yellow,Aguirre-Stone,Exporter,Brandenburg,Cooperative,2025-05-05,1428.2,0.46,656.97,8.4,581.48,67.09,16.69,0.42,0.04
1110,14761,Wheat,Durum,"Clayton, Mann and Rodriguez",Exporter,Hesse,Online,2025-04-06,1187.8,0.84,997.75,32.24,898.82,66.69,16.23,0.85,-0.01
1111,10688,Soybean,Black,Hess PLC,Exporter,Bavaria,Online,2024-06-07,919.2,0.85,781.32,39.95,669.97,71.4,23.03,0.87,-0.02
1112,11035,Corn,Dent,Graham-Walsh,Retailer,Bavaria,Direct,2024-12-16,1068.9,1.1,1175.79,30.21,1069.48,76.1,5.68,1.07,0.03
1113,5535,Corn,Sweet,Williams Inc,Exporter,Saxony,Direct,2024-08-26,1328.5,0.41,544.68,28.73,456.28,59.67,22.11,0.38,0.03
1114,4064,Wheat,Durum,"Robinson, Middleton and Li",Exporter,Bavaria,Cooperative,2025-01-29,287.9,0.57,164.1,37.65,27.73,98.72,23.19,0.63,-0.06
1115,11324,Soybean,Black,Williams PLC,Exporter,Saxony,Online,2024-12-26,1135.7,0.61,692.78,47.35,602.3,43.13,16.76,0.64,-0.03
1116,6965,Corn,Sweet,Gibbs LLC,Wholesaler,Hesse,Online,2024-08-08,258.9,0.48,124.27,13.02,22.59,88.66,23.76,0.49,-0.01
1117,3741,Potato,Russet,Buchanan Group,Exporter,Brandenburg,Online,2025-03-30,432.5,0.37,160.02,18.91,118.61,22.5,9.56,0.35,0.02
1118,6961,Soybean,Black,George Ltd,Retailer,Lower Saxony,Cooperative,2025-04-20,1638.2,1.17,1916.69,33.73,1827.05,55.91,18.92,1.1,0.07
1119,6962,Potato,Russet,"Guzman, Richard and Rodriguez",Retailer,Hesse,Direct,2024-12-15,272.9,1.0,272.9,8.45,239.46,24.99,9.81,0.96,0.04
1120,2392,Potato,Red,Garza Inc,Wholesaler,Saxony,Cooperative,2024-10-10,585.6,0.66,386.5,15.61,312.74,58.15,5.62,0.67,-0.01
1121,6213,Corn,Sweet,"Lloyd, Williams and Baker",Wholesaler,Bavaria,Cooperative,2024-02-13,576.2,0.78,449.44,31.87,353.51,64.06,18.97,0.83,-0.05
1122,2470,Barley,Hulled,"Burns, Matthews and Ellison",Retailer,Bavaria,Online,2025-03-12,594.8,1.2,713.76,6.71,627.22,79.83,7.98,1.29,-0.09
1123,13836,Potato,Russet,"Owens, Blackburn and Hendricks",Wholesaler,Brandenburg,Cooperative,2025-05-05,616.4,1.01,622.56,19.28,511.16,92.12,13.36,0.92,0.09
1124,12808,Soybean,Black,"Trevino, Smith and Schmidt",Wholesaler,Bavaria,Cooperative,2025-04-21,272.3,0.89,242.35,18.19,161.92,62.24,5.23,0.9,-0.01
1125,8096,Barley,Hulled,"Ross, Wade and Smith",Retailer,Lower Saxony,Online,2024-06-11,1971.7,0.54,1064.72,12.53,987.33,64.86,8.52,0.5,0.04
1126,2843,Corn,Sweet,Travis and Sons,Exporter,Lower Saxony,Online,2025-05-05,1164.7,1.11,1292.82,10.53,1200.66,81.63,17.38,1.03,0.08
1127,2603,Barley,Hulled,Taylor-Mcmahon,Exporter,Saxony,Cooperative,2025-05-05,1001.2,0.72,720.86,11.93,673.16,35.77,5.37,0.73,-0.01
1128,4322,Wheat,Durum,Williams-Curry,Exporter,Saxony,Direct,2024-08-29,1799.7,0.69,1241.79,43.52,1163.82,34.45,6.11,0.67,0.02
1129,4241,Soybean,Black,"Tran, Gonzales and Burton",Exporter,Bavaria,Direct,2025-05-05,1188.6,0.33,392.24,29.32,322.45,40.47,19.27,0.35,-0.02
1130,7577,Barley,Hulless,Johnson-Williams,Wholesaler,Lower Saxony,Cooperative,2024-12-22,1247.5,1.43,1783.92,27.17,1670.29,86.46,6.31,1.49,-0.06
1131,7908,Wheat,Emmer,Ellis-Mathews,Wholesaler,Bavaria,Direct,2025-03-06,1939.8,0.75,1454.85,0.91,1409.93,44.01,13.85,0.78,-0.03
1132,10030,Wheat,Durum,Bray-Rocha,Wholesaler,Saxony,Cooperative,2025-03-12,578.8,0.5,289.4,44.4,187.6,57.4,24.89,0.53,-0.03
1133,6411,Barley,Hulless,Johnston-Frederick,Retailer,Brandenburg,Cooperative,2024-11-03,1672.9,0.36,602.24,41.31,469.07,91.86,15.83,0.34,0.02
1134,9944,Barley,Hulled,"Dunn, Benson and Crane",Exporter,Saxony,Cooperative,2025-01-19,425.0,0.52,221.0,25.98,147.83,47.19,8.15,0.52,0.0
1135,10737,Barley,Hulless,"Rodriguez, Peck and Mullins",Exporter,Saxony,Direct,2025-04-28,1231.9,0.79,973.2,49.08,854.23,69.89,22.7,0.83,-0.04
1136,12989,Barley,Hulled,Martinez-Morris,Retailer,Brandenburg,Direct,2025-02-15,1060.1,1.32,1399.33,33.35,1279.09,86.89,11.43,1.29,0.03
1137,5237,Corn,Sweet,"Caldwell, Carter and Randall",Retailer,Hesse,Cooperative,2025-05-05,664.7,0.4,265.88,21.18,158.95,85.75,11.29,0.4,0.0
1138,924,Potato,Red,Singleton-Hawkins,Wholesaler,Brandenburg,Online,2025-01-21,1304.9,1.02,1331.0,49.77,1219.36,61.87,15.4,1.01,0.01
1139,1392,Wheat,Emmer,Rodriguez-Moyer,Retailer,Bavaria,Cooperative,2025-04-09,1073.4,1.48,1588.63,12.2,1565.05,11.38,18.49,1.42,0.06
1140,14997,Corn,Sweet,Grant-Logan,Retailer,Brandenburg,Online,2025-05-05,620.4,1.12,694.85,43.22,632.19,19.44,9.64,1.21,-0.09
1141,3590,Potato,Red,Simmons-Conner,Retailer,Lower Saxony,Online,2024-10-06,792.7,0.47,372.57,49.65,307.68,15.24,12.22,0.46,0.01
1142,42,Barley,Hulless,Jackson Inc,Retailer,Lower Saxony,Cooperative,2025-02-07,735.6,0.76,559.06,28.19,475.4,55.47,14.39,0.79,-0.03
1143,3318,Barley,Hulless,Church-Wolf,Exporter,Hesse,Cooperative,2024-08-24,1430.3,1.16,1659.15,17.65,1543.71,97.79,10.43,1.15,0.01
1144,3853,Wheat,Emmer,"Faulkner, Ball and Stephens",Exporter,Saxony,Direct,2025-03-01,1256.9,0.79,992.95,32.49,892.26,68.2,22.8,0.73,0.06
1145,9662,Wheat,Emmer,May-Lopez,Exporter,Hesse,Cooperative,2024-10-08,1987.6,1.31,2603.76,34.37,2553.14,16.25,18.41,1.45,-0.14
1146,10525,Barley,Hulless,Lang PLC,Retailer,Brandenburg,Direct,2024-07-04,1581.3,1.1,1739.43,30.79,1634.12,74.52,16.7,1.18,-0.08
1147,12132,Corn,Sweet,Jackson LLC,Retailer,Saxony,Direct,2024-10-27,1086.1,0.98,1064.38,9.66,1002.72,52.0,15.6,0.91,0.07
1148,6965,Corn,Sweet,Bowman-Mcguire,Wholesaler,Hesse,Cooperative,2025-01-01,1132.8,0.44,498.43,37.77,411.38,49.28,8.96,0.49,-0.05
1149,1223,Barley,Hulless,"Richards, Garcia and Walker",Wholesaler,Hesse,Cooperative,2025-05-05,1799.8,0.41,737.92,12.22,665.31,60.39,17.56,0.4,0.01
1150,19,Soybean,Black,Callahan Inc,Exporter,Lower Saxony,Direct,2024-08-17,1066.7,0.4,426.68,22.4,383.37,20.91,18.93,0.41,-0.01
1151,14139,Potato,Red,Forbes Ltd,Exporter,Lower Saxony,Cooperative,2025-05-05,1676.6,1.39,2330.47,35.23,2236.2,59.04,16.91,1.36,0.03
1152,1709,Wheat,Emmer,Hill-Foster,Wholesaler,Brandenburg,Direct,2025-01-29,328.9,1.58,519.66,27.13,470.95,21.58,14.08,1.45,0.13
1153,9044,Barley,Hulless,Johnson Group,Wholesaler,Saxony,Direct,2025-05-01,1188.7,0.93,1105.49,12.12,1052.37,41.0,12.72,0.99,-0.06
1154,7183,Barley,Hulless,Frey Inc,Retailer,Hesse,Direct,2025-05-05,1368.1,0.38,519.88,11.81,441.81,66.26,14.08,0.4,-0.02
1155,4323,Barley,Hulless,Davis and Sons,Wholesaler,Saxony,Cooperative,2025-04-03,1413.7,0.36,508.93,47.64,373.28,88.01,11.12,0.36,0.0
1156,4773,Barley,Hulless,Dominguez Group,Exporter,Brandenburg,Online,2024-11-20,1436.6,1.1,1580.26,32.67,1472.75,74.84,22.06,1.15,-0.05
1157,3553,Potato,Red,"Mendoza, Smith and Murphy",Exporter,Saxony,Online,2025-02-03,1372.8,1.06,1455.17,35.84,1339.34,79.99,12.23,1.01,0.05
1158,501,Wheat,Emmer,Rodriguez-Parsons,Exporter,Saxony,Cooperative,2025-05-05,1157.7,0.55,636.74,38.94,559.64,38.16,9.28,0.5,0.05
1159,13219,Barley,Hulled,Molina-Bennett,Exporter,Saxony,Direct,2025-02-26,730.0,1.04,759.2,46.84,697.17,15.19,18.71,1.06,-0.02
1160,5252,Wheat,Durum,Fuller-Torres,Exporter,Lower Saxony,Cooperative,2025-02-22,1394.0,0.4,557.6,5.67,487.51,64.42,19.44,0.42,-0.02
1161,10466,Potato,Red,James Group,Retailer,Hesse,Cooperative,2023-12-25,483.4,0.74,357.72,5.26,260.79,91.67,24.19,0.77,-0.03
1162,2943,Soybean,Yellow,Leach LLC,Exporter,Hesse,Cooperative,2025-04-11,1180.3,0.88,1038.66,36.95,960.22,41.49,16.94,0.96,-0.08
1163,14704,Soybean,Black,"Mendez, Greene and Hawkins",Wholesaler,Saxony,Cooperative,2025-03-12,1090.3,0.75,817.72,42.57,726.28,48.87,19.27,0.78,-0.03
1164,8537,Wheat,Emmer,"Frazier, Luna and Estes",Exporter,Hesse,Online,2025-03-16,429.5,1.09,468.16,18.62,396.81,52.73,7.0,1.02,0.07
1165,13733,Potato,Russet,"Dennis, Watson and Bailey",Retailer,Bavaria,Direct,2025-04-23,505.1,1.39,702.09,8.12,619.85,74.12,20.52,1.31,0.08
1166,2338,Soybean,Black,"Wood, Russo and Mann",Exporter,Lower Saxony,Cooperative,2025-01-01,986.2,1.11,1094.68,14.04,1014.52,66.12,12.63,1.07,0.04
1167,761,Potato,Russet,Spears PLC,Exporter,Hesse,Cooperative,2024-10-20,1685.9,0.54,910.39,25.58,787.2,97.61,23.77,0.59,-0.05
1168,6546,Wheat,Durum,Black-Cox,Wholesaler,Bavaria,Online,2024-12-14,527.2,0.83,437.58,44.03,346.25,47.3,13.54,0.88,-0.05
1169,11265,Soybean,Yellow,"Costa, Allen and Finley",Retailer,Hesse,Cooperative,2025-03-10,561.9,1.17,657.42,48.41,516.43,92.58,18.05,1.12,0.05
1170,10140,Wheat,Emmer,"Martin, Kelly and Wright",Retailer,Brandenburg,Cooperative,2025-02-17,542.4,0.46,249.5,16.81,168.96,63.73,10.29,0.45,0.01
1171,3687,Potato,Russet,Wilkerson-Gregory,Wholesaler,Saxony,Online,2024-11-29,1067.9,1.37,1463.02,29.89,1333.88,99.25,8.09,1.25,0.12
1172,3660,Wheat,Durum,Fischer-Romero,Wholesaler,Bavaria,Direct,2024-09-03,1457.5,0.61,889.08,33.29,837.46,18.33,19.4,0.58,0.03
1173,7344,Soybean,Black,"Dudley, Kennedy and Carpenter",Wholesaler,Bavaria,Cooperative,2025-05-05,1398.7,0.7,979.09,42.33,907.28,29.48,13.44,0.65,0.05
1174,12274,Potato,Russet,Berry Ltd,Exporter,Lower Saxony,Cooperative,2025-01-18,391.3,0.95,371.74,43.98,296.57,31.19,12.11,1.01,-0.06
1175,3086,Potato,Russet,"Hunter, Mcdowell and Diaz",Wholesaler,Brandenburg,Online,2024-09-10,1745.3,0.51,890.1,49.8,779.81,60.49,8.32,0.47,0.04
1176,3652,Corn,Dent,Shaw-Harrison,Wholesaler,Brandenburg,Cooperative,2025-05-05,850.7,0.66,561.46,47.32,493.5,20.64,21.43,0.69,-0.03
1177,5782,Wheat,Emmer,Donaldson Group,Wholesaler,Brandenburg,Direct,2024-08-12,301.4,0.41,123.57,1.48,91.93,30.16,10.97,0.4,0.01
1178,2541,Barley,Hulless,"Sullivan, Garcia and Nguyen",Exporter,Saxony,Direct,2025-04-30,473.4,0.36,170.42,1.14,89.86,79.42,17.84,0.38,-0.02
1179,6068,Corn,Sweet,Crosby-Walker,Exporter,Saxony,Cooperative,2024-09-20,464.7,0.65,302.06,49.9,189.36,62.8,23.0,0.7,-0.05
1180,5246,Wheat,Durum,"Doyle, Espinoza and Reid",Wholesaler,Lower Saxony,Direct,2024-08-02,629.9,1.1,692.89,37.39,643.34,12.16,13.74,1.17,-0.07
1181,3275,Corn,Sweet,"Moss, Hughes and Williams",Exporter,Lower Saxony,Online,2025-02-28,1205.1,1.49,1795.6,46.27,1699.63,49.7,14.38,1.4,0.09
1182,4420,Wheat,Durum,"Martinez, Garza and Walter",Exporter,Bavaria,Cooperative,2025-05-05,1206.6,0.38,458.51,19.82,394.98,43.71,17.64,0.4,-0.02
1183,6514,Barley,Hulled,Warren-Moon,Wholesaler,Bavaria,Cooperative,2025-05-05,926.6,1.3,1204.58,13.29,1124.08,67.21,6.35,1.3,0.0
1184,329,Corn,Sweet,Jackson LLC,Retailer,Hesse,Direct,2025-05-02,1334.4,1.03,1374.43,6.98,1348.93,18.52,8.52,0.99,0.04
1185,3444,Barley,Hulled,Sheppard Inc,Exporter,Lower Saxony,Online,2024-07-29,1957.1,0.46,900.27,32.83,828.23,39.21,18.55,0.46,0.0
1186,12844,Potato,Red,Blevins PLC,Wholesaler,Brandenburg,Online,2025-04-24,1165.0,1.22,1421.3,8.77,1386.06,26.47,6.42,1.21,0.01
1187,9045,Barley,Hulled,Williams-Hughes,Exporter,Bavaria,Online,2025-01-13,1268.7,0.73,926.15,7.15,900.67,18.33,24.72,0.8,-0.07
1188,4037,Barley,Hulled,"Miller, Baker and Lewis",Wholesaler,Hesse,Online,2025-01-30,309.8,0.34,105.33,1.23,20.78,83.32,21.68,0.33,0.01
1189,11509,Potato,Red,Rogers LLC,Wholesaler,Brandenburg,Direct,2025-05-04,779.0,0.86,669.94,16.01,639.23,14.7,18.61,0.82,0.04
1190,994,Soybean,Yellow,Harris and Sons,Wholesaler,Hesse,Direct,2024-09-14,744.3,0.83,617.77,37.11,528.35,52.31,10.89,0.84,-0.01
1191,2812,Corn,Sweet,Alexander Ltd,Retailer,Brandenburg,Direct,2025-05-05,812.3,1.43,1161.59,30.3,1110.04,21.25,13.26,1.36,0.07
1192,918,Barley,Hulless,Harris PLC,Exporter,Brandenburg,Cooperative,2025-04-21,272.6,1.11,302.59,15.65,221.12,65.82,7.08,1.04,0.07
1193,274,Potato,Red,Murray-Chan,Exporter,Bavaria,Online,2025-05-05,1317.5,0.74,974.95,1.56,948.84,24.55,12.64,0.75,-0.01
1194,2680,Potato,Red,"Oneill, Schmidt and Brooks",Retailer,Hesse,Cooperative,2024-03-31,1087.9,0.68,739.77,11.66,676.99,51.12,7.6,0.65,0.03
1195,12171,Wheat,Durum,Lucas-Hanson,Exporter,Bavaria,Cooperative,2024-06-02,1253.2,0.81,1015.09,40.02,887.5,87.57,7.58,0.85,-0.04
1196,7317,Potato,Red,"Knapp, Lopez and Hughes",Retailer,Hesse,Cooperative,2025-02-03,1622.8,1.49,2417.97,49.17,2312.38,56.42,6.27,1.4,0.09
1197,331,Barley,Hulless,Bowers PLC,Retailer,Bavaria,Online,2024-11-18,1804.3,1.29,2327.55,7.13,2276.69,43.73,8.87,1.2,0.09
1198,4408,Wheat,Emmer,Mccullough PLC,Exporter,Hesse,Online,2024-06-19,1131.4,1.48,1674.47,0.41,1579.63,94.43,17.47,1.35,0.13
1199,3491,Wheat,Emmer,Spencer Inc,Exporter,Hesse,Direct,2025-05-05,713.5,0.43,306.8,44.5,243.58,18.72,6.74,0.41,0.02
1200,13513,Wheat,Durum,Cobb-Kelly,Exporter,Saxony,Direct,2024-12-16,251.0,0.72,180.72,14.34,84.96,81.42,7.09,0.66,0.06
1201,8270,Barley,Hulled,Kelly-Watson,Exporter,Hesse,Direct,2024-09-14,1667.9,0.96,1601.18,17.84,1528.84,54.5,21.83,0.94,0.02
1202,8235,Barley,Hulled,"Alvarez, Ball and Schmidt",Retailer,Lower Saxony,Cooperative,2025-05-05,612.1,0.49,299.93,22.45,213.06,64.42,17.64,0.53,-0.04
1203,4545,Potato,Red,"Williams, Campbell and Moon",Wholesaler,Hesse,Direct,2025-04-30,290.5,0.82,238.21,26.37,169.84,42.0,16.99,0.79,0.03
1204,2976,Potato,Russet,Alexander-Hughes,Wholesaler,Brandenburg,Cooperative,2025-05-05,304.8,1.09,332.23,1.01,306.75,24.47,5.78,1.16,-0.07
1205,14663,Barley,Hulled,Russell LLC,Wholesaler,Brandenburg,Direct,2025-03-26,989.1,0.36,356.08,41.97,259.24,54.87,15.94,0.39,-0.03
1206,288,Barley,Hulled,Taylor Inc,Retailer,Bavaria,Direct,2025-03-12,1907.1,0.58,1106.12,12.97,1050.51,42.64,5.14,0.58,0.0
1207,24,Potato,Russet,"Edwards, Franklin and Johnson",Wholesaler,Brandenburg,Online,2024-12-08,568.0,1.15,653.2,49.19,536.38,67.63,19.96,1.23,-0.08
1208,9653,Corn,Dent,"Maxwell, Rice and Chan",Wholesaler,Lower Saxony,Direct,2025-05-05,1014.8,0.53,537.84,6.29,517.86,13.69,5.47,0.51,0.02
1209,10526,Soybean,Black,Owen Group,Wholesaler,Bavaria,Online,2025-04-01,1655.2,1.27,2102.1,20.21,2002.63,79.26,8.43,1.17,0.1
1210,14790,Soybean,Yellow,"Garcia, Larson and Hurley",Retailer,Saxony,Direct,2024-02-26,1985.8,0.44,873.75,32.04,765.8,75.91,8.52,0.45,-0.01
1211,5133,Corn,Sweet,"Bryant, Glover and Small",Exporter,Saxony,Direct,2024-11-30,1691.3,0.72,1217.74,47.61,1088.49,81.64,22.51,0.73,-0.01
1212,3165,Barley,Hulled,Baxter Inc,Wholesaler,Hesse,Direct,2025-05-05,527.4,1.21,638.15,21.83,563.53,52.79,18.18,1.14,0.07
1213,9855,Corn,Dent,Smith-Guerrero,Retailer,Bavaria,Online,2025-05-05,1413.8,1.11,1569.32,11.73,1519.18,38.41,9.88,1.17,-0.06
1214,3804,Corn,Dent,"Thomas, Lewis and Marsh",Retailer,Saxony,Direct,2024-08-15,1620.3,0.74,1199.02,23.71,1125.15,50.16,6.13,0.82,-0.08
1215,10884,Soybean,Black,"Woods, Chapman and Powell",Exporter,Brandenburg,Online,2024-07-24,218.0,1.6,348.8,26.82,286.46,35.52,6.72,1.49,0.11
1216,4905,Barley,Hulless,Marquez-Howard,Retailer,Lower Saxony,Cooperative,2024-05-18,620.0,1.43,886.6,15.6,801.22,69.78,23.36,1.44,-0.01
1217,10022,Barley,Hulless,"Garrett, David and Harvey",Retailer,Lower Saxony,Online,2024-12-11,1140.4,1.06,1208.82,14.44,1154.01,40.37,14.75,1.02,0.04
1218,2804,Barley,Hulled,"Morris, Flores and Mathis",Retailer,Saxony,Online,2024-11-11,621.0,0.91,565.11,26.66,440.88,97.57,13.81,0.93,-0.02
1219,14193,Barley,Hulled,Dominguez-Thomas,Wholesaler,Hesse,Cooperative,2025-05-03,670.2,1.21,810.94,26.5,700.91,83.53,18.67,1.31,-0.1
1220,9832,Potato,Russet,Glover LLC,Exporter,Saxony,Direct,2025-02-12,818.9,1.25,1023.62,43.28,898.71,81.63,20.38,1.34,-0.09
1221,13664,Wheat,Emmer,Conley Group,Wholesaler,Saxony,Cooperative,2024-12-12,574.8,0.94,540.31,22.12,493.04,25.15,13.24,0.94,0.0
1222,979,Soybean,Black,Jones-Anderson,Exporter,Saxony,Direct,2025-04-11,862.2,0.84,724.25,16.69,618.78,88.78,10.76,0.81,0.03
1223,14589,Barley,Hulled,Johnson-Lara,Retailer,Bavaria,Direct,2025-05-05,238.1,0.48,114.29,40.01,57.86,16.42,17.81,0.44,0.04
1224,12611,Wheat,Emmer,"Walters, Lopez and Hobbs",Retailer,Brandenburg,Online,2024-01-03,1891.2,1.23,2326.18,36.99,2194.4,94.79,9.29,1.15,0.08
1225,7499,Barley,Hulled,Montgomery-Matthews,Retailer,Bavaria,Online,2025-03-30,637.5,0.99,631.12,31.72,506.27,93.13,19.99,1.05,-0.06
1226,3139,Barley,Hulless,Hall-Moore,Retailer,Hesse,Direct,2025-05-01,372.4,0.78,290.47,33.81,157.09,99.57,8.71,0.76,0.02
1227,2249,Soybean,Black,Lowe Inc,Exporter,Hesse,Direct,2024-05-07,599.7,1.4,839.58,34.4,775.03,30.15,10.68,1.48,-0.08
1228,4742,Soybean,Black,"Jimenez, Moss and White",Wholesaler,Bavaria,Cooperative,2024-11-27,399.7,0.83,331.75,29.26,262.54,39.95,9.07,0.87,-0.04
1229,12105,Corn,Sweet,Clark LLC,Retailer,Hesse,Direct,2024-03-31,1147.9,0.8,918.32,5.23,877.32,35.77,10.42,0.77,0.03
1230,620,Barley,Hulled,Grant-Kim,Exporter,Bavaria,Cooperative,2024-11-23,1547.9,0.98,1516.94,42.79,1424.02,50.13,20.34,1.06,-0.08
1231,3123,Barley,Hulless,Olson-Gonzales,Retailer,Lower Saxony,Online,2025-05-05,1054.2,0.71,748.48,42.63,614.19,91.66,12.78,0.67,0.04
1232,422,Wheat,Emmer,Davis Inc,Retailer,Lower Saxony,Online,2024-09-16,903.6,0.68,614.45,32.74,563.62,18.09,9.36,0.75,-0.07
1233,1241,Soybean,Yellow,Wong Group,Exporter,Bavaria,Direct,2024-10-15,1400.7,0.68,952.48,27.97,887.71,36.8,17.18,0.74,-0.06
1234,8807,Corn,Sweet,Pineda Ltd,Exporter,Brandenburg,Cooperative,2024-07-17,848.3,0.5,424.15,10.23,392.97,20.95,5.28,0.5,0.0
1235,8716,Potato,Russet,Young-Sanchez,Retailer,Bavaria,Online,2024-12-07,1869.6,1.09,2037.86,37.7,1985.36,14.8,15.04,1.14,-0.05
1236,1688,Potato,Red,"Smith, Hamilton and Cruz",Retailer,Bavaria,Direct,2024-09-10,1942.9,0.6,1165.74,47.22,1077.92,40.6,14.71,0.66,-0.06
1237,9522,Soybean,Yellow,Williams PLC,Exporter,Hesse,Cooperative,2025-04-01,1549.1,0.71,1099.86,16.9,1059.17,23.79,6.29,0.69,0.02
1238,7999,Barley,Hulless,"Ward, Ramos and Norton",Wholesaler,Bavaria,Direct,2025-05-05,596.9,0.52,310.39,23.16,235.63,51.6,20.84,0.51,0.01
1239,1402,Barley,Hulled,"Wilson, Blankenship and Long",Retailer,Bavaria,Online,2025-02-15,1858.8,0.73,1356.92,47.18,1290.14,19.6,18.99,0.77,-0.04
1240,13214,Potato,Russet,Wang-Meyers,Retailer,Bavaria,Direct,2024-08-19,1358.7,0.99,1345.11,7.93,1311.18,26.0,21.77,1.03,-0.04
1241,12730,Corn,Dent,Diaz-Anderson,Retailer,Bavaria,Cooperative,2025-05-05,1859.3,0.98,1822.11,0.61,1738.05,83.45,18.92,0.9,0.08
1242,12393,Barley,Hulless,Diaz Ltd,Retailer,Bavaria,Online,2025-05-05,1639.6,0.77,1262.49,30.71,1181.82,49.96,22.96,0.82,-0.05
1243,10603,Barley,Hulless,Keller-Barrera,Wholesaler,Bavaria,Direct,2025-02-11,555.9,1.47,817.17,32.65,759.4,25.12,23.28,1.45,0.02
1244,14236,Barley,Hulled,"Barry, Clark and Shelton",Retailer,Bavaria,Direct,2025-05-05,1788.9,0.66,1180.67,1.66,1081.99,97.02,10.95,0.62,0.04
1245,7179,Corn,Sweet,Mcdonald-Owen,Retailer,Saxony,Direct,2024-05-08,212.4,0.77,163.55,43.98,59.68,59.89,20.54,0.73,0.04
1246,2015,Soybean,Yellow,Moore-Jones,Retailer,Saxony,Online,2023-11-11,246.9,0.95,234.56,31.1,176.3,27.16,15.97,0.88,0.07
1247,4179,Soybean,Yellow,Wall-Mccullough,Exporter,Bavaria,Cooperative,2025-02-10,1120.0,0.68,761.6,17.29,655.85,88.46,14.09,0.73,-0.05
1248,4470,Potato,Russet,Thomas Group,Exporter,Hesse,Direct,2024-11-29,1133.8,0.84,952.39,14.64,907.83,29.92,21.58,0.84,0.0
1249,13949,Wheat,Durum,Hudson Inc,Retailer,Saxony,Direct,2025-03-04,743.7,1.3,966.81,39.67,909.8,17.34,9.53,1.35,-0.05
1250,4286,Soybean,Yellow,Vance-Salazar,Wholesaler,Brandenburg,Cooperative,2024-10-19,391.2,0.82,320.78,31.69,257.79,31.3,6.68,0.88,-0.06
1251,678,Potato,Red,Palmer-Austin,Exporter,Brandenburg,Online,2023-12-18,367.1,1.12,411.15,48.4,321.84,40.91,23.4,1.22,-0.1
1252,11329,Wheat,Durum,"Mcdowell, Flores and Allen",Retailer,Lower Saxony,Direct,2025-03-04,1862.6,0.77,1434.2,7.12,1369.8,57.28,9.46,0.7,0.07
1253,2452,Barley,Hulless,"Costa, Rogers and Davis",Wholesaler,Brandenburg,Cooperative,2025-03-13,257.0,1.29,331.53,7.85,232.85,90.83,23.01,1.25,0.04
1254,4575,Corn,Dent,"Ward, Baker and Russell",Wholesaler,Brandenburg,Online,2024-12-20,1360.5,1.26,1714.23,21.01,1652.95,40.27,10.06,1.2,0.06
1255,1543,Soybean,Black,"Joseph, Christian and Briggs",Wholesaler,Hesse,Cooperative,2025-05-05,552.0,0.96,529.92,8.41,504.25,17.26,24.37,0.97,-0.01
1256,756,Barley,Hulless,Leblanc PLC,Wholesaler,Lower Saxony,Direct,2025-02-14,1781.3,1.35,2404.76,4.76,2374.2,25.8,14.48,1.25,0.1
1257,802,Potato,Russet,Bernard Group,Wholesaler,Hesse,Online,2025-05-05,286.3,0.83,237.63,35.95,155.52,46.16,6.95,0.78,0.05
1258,12931,Soybean,Yellow,Adams PLC,Exporter,Hesse,Online,2025-05-05,1329.1,0.43,571.51,30.87,523.99,16.65,10.95,0.48,-0.05
1259,3874,Corn,Dent,"Wolf, Evans and Walker",Exporter,Brandenburg,Online,2025-05-03,305.0,0.66,201.3,35.87,112.88,52.55,20.69,0.62,0.04
1260,1650,Corn,Sweet,Maldonado PLC,Retailer,Saxony,Online,2025-05-05,550.9,1.06,583.95,34.47,474.12,75.36,16.45,1.04,0.02
1261,5404,Barley,Hulled,Mcdonald and Sons,Wholesaler,Saxony,Cooperative,2025-03-23,1338.9,1.33,1780.74,34.35,1709.69,36.7,21.43,1.33,0.0
1262,5141,Barley,Hulless,Chen-Reyes,Retailer,Bavaria,Online,2024-09-30,438.2,1.34,587.19,13.25,518.26,55.68,20.29,1.25,0.09
1263,7948,Corn,Dent,"Lee, Ayers and Ford",Retailer,Lower Saxony,Direct,2025-05-04,1378.0,0.57,785.46,32.52,665.32,87.62,23.36,0.59,-0.02
1264,4116,Wheat,Durum,"Stewart, Johnson and Martin",Wholesaler,Lower Saxony,Online,2025-05-05,537.4,0.43,231.08,44.47,154.84,31.77,10.44,0.44,-0.01
1265,7978,Corn,Sweet,"Dalton, Gross and Haynes",Retailer,Hesse,Cooperative,2025-01-31,1132.1,0.45,509.44,38.27,401.82,69.35,10.89,0.43,0.02
1266,9563,Barley,Hulled,Hoffman-Maxwell,Wholesaler,Bavaria,Direct,2025-02-04,580.7,0.32,185.82,14.53,103.65,67.64,23.82,0.33,-0.01
1267,2453,Wheat,Durum,"Miller, Browning and Brown",Exporter,Brandenburg,Cooperative,2025-01-20,1917.2,1.16,2223.95,39.91,2119.61,64.43,12.24,1.28,-0.12
1268,11221,Wheat,Emmer,Yang Inc,Exporter,Saxony,Online,2025-05-01,1070.5,0.51,545.96,21.3,435.63,89.03,12.16,0.55,-0.04
1269,1229,Wheat,Emmer,Fuller PLC,Wholesaler,Lower Saxony,Online,2025-05-05,1282.0,0.7,897.4,39.33,838.05,20.02,5.31,0.75,-0.05
1270,80,Potato,Russet,Ross-Jenkins,Wholesaler,Bavaria,Cooperative,2025-02-15,206.1,0.92,189.61,45.56,74.11,69.94,19.32,0.93,-0.01
1271,5955,Barley,Hulless,"Mullins, Cruz and Brown",Retailer,Brandenburg,Direct,2024-11-16,476.7,0.41,195.45,22.8,81.88,90.77,15.69,0.43,-0.02
1272,7033,Corn,Sweet,Schultz-Brown,Retailer,Bavaria,Direct,2025-02-04,418.4,0.97,405.85,48.43,308.84,48.58,8.65,0.97,0.0
1273,9141,Corn,Sweet,Howard-Conner,Exporter,Brandenburg,Online,2025-04-26,1580.1,1.28,2022.53,46.02,1912.61,63.9,24.69,1.37,-0.09
1274,11456,Soybean,Black,Foster PLC,Exporter,Bavaria,Cooperative,2024-06-24,525.5,0.57,299.53,7.7,207.92,83.91,20.87,0.62,-0.05
1275,10343,Wheat,Durum,Schneider Ltd,Wholesaler,Brandenburg,Direct,2025-05-05,1852.6,0.72,1333.87,22.91,1284.93,26.03,23.13,0.68,0.04
1276,8341,Corn,Sweet,"Elliott, Hebert and Schmitt",Wholesaler,Hesse,Online,2024-10-12,1423.9,0.87,1238.79,30.22,1156.49,52.08,19.78,0.85,0.02
1277,1546,Wheat,Durum,Chaney Group,Retailer,Hesse,Direct,2024-03-25,1757.5,1.37,2407.78,28.23,2280.4,99.15,23.47,1.35,0.02
1278,176,Barley,Hulless,Castillo-Richmond,Exporter,Hesse,Direct,2025-02-02,1016.5,0.9,914.85,21.67,854.77,38.41,12.39,0.9,0.0
1279,14593,Barley,Hulled,"Lamb, Anderson and Weaver",Wholesaler,Saxony,Online,2025-05-05,1004.6,1.36,1366.26,35.71,1257.68,72.87,9.94,1.43,-0.07
1280,5740,Barley,Hulled,"Contreras, Douglas and Martinez",Wholesaler,Saxony,Cooperative,2025-01-13,1929.8,0.96,1852.61,34.64,1787.14,30.83,11.22,1.01,-0.05
1281,7346,Barley,Hulled,"Vaughan, Jones and Dyer",Exporter,Saxony,Cooperative,2024-03-30,1177.7,0.47,553.52,29.35,483.97,40.2,9.39,0.44,0.03
1282,3123,Barley,Hulless,"Knight, Rivers and Church",Retailer,Hesse,Online,2025-05-05,1893.8,0.6,1136.28,38.73,1063.11,34.44,7.36,0.67,-0.07
1283,4643,Barley,Hulless,Gardner Ltd,Retailer,Lower Saxony,Online,2025-03-19,329.1,0.93,306.06,13.77,267.41,24.88,5.86,0.91,0.02
1284,13387,Barley,Hulless,Ford-Hart,Exporter,Brandenburg,Direct,2025-05-05,600.0,0.32,192.0,28.34,109.4,54.26,22.27,0.35,-0.03
1285,13632,Soybean,Black,"Humphrey, Ashley and Fowler",Retailer,Saxony,Online,2024-09-06,330.8,0.43,142.24,4.5,54.47,83.27,22.58,0.41,0.02
1286,11225,Soybean,Yellow,"Juarez, Nelson and Black",Retailer,Lower Saxony,Cooperative,2025-01-21,363.1,0.63,228.75,13.15,201.04,14.56,24.89,0.66,-0.03
1287,10495,Wheat,Durum,"Smith, Thompson and Wade",Exporter,Saxony,Cooperative,2024-11-25,1507.6,1.4,2110.64,45.52,2040.0,25.12,24.17,1.47,-0.07
1288,430,Barley,Hulless,Stanton Ltd,Retailer,Lower Saxony,Cooperative,2024-11-25,270.3,0.9,243.27,10.94,155.71,76.62,10.47,0.98,-0.08
1289,8620,Barley,Hulless,Collins Ltd,Wholesaler,Hesse,Cooperative,2025-02-04,335.5,1.04,348.92,10.04,258.71,80.17,9.3,0.99,0.05
1290,6406,Wheat,Emmer,Johnson-Ray,Retailer,Lower Saxony,Direct,2024-08-30,1855.2,0.9,1669.68,48.34,1604.41,16.93,8.13,0.99,-0.09
1291,13197,Wheat,Durum,"Burch, Barajas and Moran",Retailer,Hesse,Direct,2025-05-05,704.7,1.15,810.4,49.48,739.61,21.31,8.53,1.27,-0.12
1292,7616,Potato,Russet,Patterson-Williams,Exporter,Brandenburg,Direct,2025-05-05,1301.6,1.17,1522.87,44.81,1392.36,85.7,12.4,1.19,-0.02
1293,2685,Corn,Sweet,Gonzales-Hinton,Retailer,Hesse,Online,2025-05-05,1843.8,0.53,977.21,13.58,903.33,60.3,12.58,0.53,0.0
1294,10119,Corn,Dent,Fitzpatrick and Sons,Exporter,Bavaria,Online,2024-08-27,1378.7,1.39,1916.39,10.22,1815.48,90.69,19.14,1.4,-0.01
1295,9754,Barley,Hulless,Braun-Brown,Retailer,Bavaria,Direct,2024-11-04,1816.9,1.09,1980.42,7.95,1960.67,11.8,18.67,1.18,-0.09
1296,11881,Soybean,Black,Drake-Wells,Exporter,Lower Saxony,Online,2025-02-23,431.9,1.08,466.45,23.47,384.56,58.42,10.24,1.05,0.03
1297,10726,Corn,Dent,Jenkins Group,Wholesaler,Brandenburg,Direct,2024-10-10,635.2,0.58,368.42,25.38,265.93,77.11,16.0,0.62,-0.04
1298,11329,Wheat,Durum,Bailey PLC,Wholesaler,Bavaria,Direct,2025-04-18,1606.4,0.74,1188.74,2.62,1138.61,47.51,17.65,0.7,0.04
1299,10867,Wheat,Emmer,"Hunt, Reyes and Ramsey",Exporter,Saxony,Online,2025-04-28,691.9,0.35,242.16,39.72,141.5,60.94,11.97,0.32,0.03
1300,1362,Corn,Sweet,Lee Inc,Retailer,Hesse,Cooperative,2024-07-31,279.8,1.28,358.14,47.27,270.95,39.92,17.0,1.38,-0.1
1301,9403,Potato,Russet,Kelly-Mason,Exporter,Bavaria,Online,2025-04-25,1564.4,0.79,1235.88,41.21,1115.08,79.59,22.09,0.79,0.0
1302,5417,Corn,Sweet,Kim-Chavez,Retailer,Bavaria,Online,2025-05-05,1120.6,1.25,1400.75,5.39,1316.17,79.19,18.13,1.29,-0.04
1303,210,Wheat,Emmer,Payne LLC,Exporter,Brandenburg,Cooperative,2025-05-05,872.9,0.69,602.3,37.16,498.24,66.9,23.7,0.64,0.05
1304,11466,Potato,Russet,"Andrews, Wang and Wilkerson",Wholesaler,Lower Saxony,Direct,2025-03-05,263.0,0.29,76.27,31.02,23.07,22.18,9.26,0.3,-0.01
1305,12490,Potato,Red,Smith Inc,Retailer,Saxony,Direct,2025-01-28,1925.0,0.91,1751.75,14.97,1671.91,64.87,16.74,1.0,-0.09
1306,11227,Potato,Russet,"Phillips, Crawford and Pearson",Retailer,Brandenburg,Online,2025-05-05,1231.3,0.58,714.15,49.67,588.87,75.61,17.16,0.59,-0.01
1307,9926,Soybean,Yellow,Gallegos-Smith,Exporter,Lower Saxony,Direct,2025-05-03,337.1,1.42,478.68,27.0,352.42,99.26,13.72,1.39,0.03
1308,13639,Barley,Hulless,Powers Inc,Retailer,Lower Saxony,Online,2025-03-31,1444.4,1.02,1473.29,18.44,1441.09,13.76,24.28,1.1,-0.08
1309,5837,Potato,Russet,Thompson-Nelson,Retailer,Brandenburg,Direct,2025-05-01,1710.4,0.56,957.82,27.02,908.75,22.05,11.33,0.57,-0.01
1310,12886,Potato,Red,Burton-Hanson,Retailer,Saxony,Online,2025-03-12,239.1,0.52,124.33,21.71,27.32,75.3,21.28,0.55,-0.03
1311,8803,Barley,Hulled,Davis Group,Exporter,Saxony,Cooperative,2025-04-22,727.7,1.35,982.4,0.31,929.4,52.69,15.05,1.43,-0.08
1312,3679,Soybean,Yellow,Jackson and Sons,Retailer,Brandenburg,Online,2024-10-02,1596.9,0.51,814.42,16.43,773.26,24.73,18.85,0.5,0.01
1313,7370,Wheat,Durum,Le and Sons,Wholesaler,Bavaria,Online,2024-05-16,747.3,0.96,717.41,18.59,677.06,21.76,23.62,1.05,-0.09
1314,9867,Barley,Hulled,"Hill, Green and Campbell",Wholesaler,Bavaria,Online,2024-12-27,1411.7,0.61,861.14,45.82,772.55,42.77,24.45,0.59,0.02
1315,14445,Barley,Hulled,"Randall, Martinez and Watts",Wholesaler,Hesse,Direct,2025-01-22,729.8,1.13,824.67,44.91,715.85,63.91,5.87,1.24,-0.11
1316,13103,Potato,Russet,"Fields, Pacheco and Thomas",Exporter,Brandenburg,Cooperative,2024-11-17,663.7,0.7,464.59,13.54,405.37,45.68,5.89,0.76,-0.06
1317,4903,Soybean,Black,"Rosales, Thomas and Sharp",Retailer,Lower Saxony,Direct,2025-05-05,352.6,0.87,306.76,16.36,231.01,59.39,23.39,0.91,-0.04
1318,8264,Wheat,Durum,"Alvarez, Castillo and Simpson",Wholesaler,Brandenburg,Cooperative,2025-01-04,338.9,0.65,220.28,29.51,178.4,12.37,5.71,0.62,0.03
1319,1823,Wheat,Emmer,Fuentes-Morton,Wholesaler,Brandenburg,Online,2024-09-14,878.8,0.55,483.34,33.5,366.68,83.16,6.72,0.54,0.01
1320,5383,Wheat,Emmer,"Wilson, Fernandez and Hunter",Exporter,Lower Saxony,Cooperative,2025-04-29,345.6,0.89,307.58,12.41,257.69,37.48,8.2,0.93,-0.04
1321,1852,Soybean,Black,Bell and Sons,Wholesaler,Lower Saxony,Direct,2024-02-21,854.8,1.43,1222.36,47.16,1086.75,88.45,6.07,1.38,0.05
1322,9569,Corn,Dent,Vega-Pope,Retailer,Lower Saxony,Direct,2024-08-31,257.1,1.21,311.09,32.57,197.2,81.32,23.61,1.14,0.07
1323,12541,Potato,Red,Flores and Sons,Retailer,Lower Saxony,Online,2024-11-08,1915.5,1.05,2011.28,30.4,1898.44,82.44,7.76,0.97,0.08
1324,3244,Barley,Hulless,Hill PLC,Exporter,Brandenburg,Cooperative,2024-12-31,1659.4,0.83,1377.3,22.92,1277.07,77.31,9.46,0.9,-0.07
1325,8267,Wheat,Emmer,"Wright, Taylor and Davis",Retailer,Hesse,Cooperative,2025-03-07,1061.9,0.91,966.33,26.63,865.9,73.8,12.53,0.87,0.04
1326,3340,Potato,Red,Bender Inc,Exporter,Hesse,Cooperative,2024-06-01,1284.8,1.24,1593.15,34.24,1464.17,94.74,20.72,1.14,0.1
1327,3401,Corn,Dent,Moran Group,Wholesaler,Brandenburg,Cooperative,2024-04-17,853.0,0.32,272.96,18.79,167.39,86.78,19.1,0.3,0.02
1328,6589,Corn,Sweet,"Walker, Turner and Johnson",Wholesaler,Saxony,Online,2025-02-04,1108.0,1.11,1229.88,12.28,1124.1,93.5,24.79,1.11,0.0
1329,3850,Barley,Hulless,"Watkins, Bailey and Martinez",Wholesaler,Hesse,Cooperative,2024-05-05,812.2,1.32,1072.1,15.51,1035.7,20.89,24.29,1.36,-0.04
1330,204,Corn,Dent,Ruiz-Jones,Retailer,Lower Saxony,Direct,2025-02-18,599.2,1.19,713.05,39.85,619.55,53.65,20.45,1.27,-0.08
1331,8746,Potato,Russet,Fry Inc,Retailer,Lower Saxony,Direct,2025-04-20,664.3,1.25,830.38,19.16,770.29,40.93,17.67,1.18,0.07
1332,387,Soybean,Black,"Barnes, Ramirez and Kim",Wholesaler,Bavaria,Cooperative,2024-07-20,1477.0,1.06,1565.62,45.58,1482.5,37.54,16.3,0.98,0.08
1333,11920,Wheat,Durum,Rodriguez PLC,Exporter,Lower Saxony,Direct,2025-01-29,1110.6,1.03,1143.92,20.28,1037.39,86.25,17.74,1.03,0.0
1334,2340,Wheat,Durum,"Rodriguez, Holland and Nielsen",Exporter,Lower Saxony,Cooperative,2025-01-04,999.0,0.32,319.68,25.76,221.4,72.52,13.19,0.3,0.02
1335,8527,Barley,Hulless,Marshall Ltd,Exporter,Brandenburg,Direct,2025-04-18,1137.0,1.47,1671.39,40.67,1535.7,95.02,16.84,1.36,0.11
1336,13278,Barley,Hulless,"Weeks, Freeman and Haas",Wholesaler,Lower Saxony,Online,2025-04-16,1914.2,1.4,2679.88,5.87,2597.41,76.6,20.55,1.31,0.09
1337,4160,Soybean,Yellow,Copeland-Ross,Wholesaler,Hesse,Cooperative,2025-03-25,1091.8,0.77,840.69,29.2,727.16,84.33,9.03,0.84,-0.07
1338,6172,Wheat,Durum,Clarke Group,Retailer,Hesse,Cooperative,2025-04-27,786.6,1.07,841.66,41.6,742.31,57.75,9.25,1.12,-0.05
1339,544,Wheat,Emmer,"Kennedy, Washington and Smith",Retailer,Brandenburg,Online,2024-08-01,1535.5,0.62,952.01,30.93,827.85,93.23,8.77,0.6,0.02
1340,6968,Wheat,Emmer,Sanders PLC,Wholesaler,Saxony,Online,2025-04-22,1375.5,1.4,1925.7,18.27,1869.39,38.04,18.34,1.46,-0.06
1341,11169,Potato,Russet,Booker-Jackson,Wholesaler,Bavaria,Online,2025-04-15,1407.2,1.46,2054.51,44.16,1977.76,32.59,12.58,1.46,0.0
1342,5235,Corn,Sweet,"Parker, Williams and Hall",Retailer,Lower Saxony,Direct,2025-04-05,591.7,1.4,828.38,31.77,708.24,88.37,23.81,1.36,0.04
1343,11969,Barley,Hulless,"Moore, Bird and Armstrong",Wholesaler,Lower Saxony,Direct,2024-12-23,732.3,1.13,827.5,1.05,796.12,30.33,21.36,1.11,0.02
1344,9938,Soybean,Black,Barrett-Wise,Wholesaler,Lower Saxony,Cooperative,2025-05-03,223.3,1.16,259.03,22.29,144.86,91.88,17.15,1.29,-0.13
1345,7713,Soybean,Black,Lee Group,Retailer,Hesse,Cooperative,2024-09-15,1315.5,1.56,2052.18,9.3,1957.25,85.63,17.86,1.43,0.13
1346,9198,Corn,Sweet,Rodriguez and Sons,Exporter,Hesse,Direct,2024-08-09,1772.0,0.4,708.8,17.52,612.47,78.81,10.69,0.4,0.0
1347,3906,Soybean,Black,"Murray, Woods and Tran",Retailer,Bavaria,Online,2025-05-05,1286.1,0.4,514.44,37.21,462.45,14.78,20.29,0.43,-0.03
1348,4450,Soybean,Yellow,Thomas LLC,Exporter,Brandenburg,Online,2024-12-27,550.1,0.37,203.54,49.47,97.51,56.56,18.44,0.37,0.0
1349,13616,Potato,Red,Day LLC,Wholesaler,Bavaria,Direct,2025-04-05,209.0,1.12,234.08,4.9,208.5,20.68,9.25,1.08,0.04
1350,12411,Barley,Hulless,"Thompson, Allen and Garrison",Retailer,Bavaria,Direct,2025-05-05,542.5,0.4,217.0,43.41,128.89,44.7,9.37,0.42,-0.02
1351,12978,Wheat,Durum,"Moran, Harding and Cabrera",Retailer,Lower Saxony,Cooperative,2025-02-06,1568.7,0.88,1380.46,29.43,1297.9,53.13,21.7,0.88,0.0
1352,7674,Wheat,Emmer,Armstrong-Huynh,Wholesaler,Hesse,Cooperative,2024-09-21,954.3,1.12,1068.82,8.51,1045.57,14.74,8.4,1.13,-0.01
1353,14288,Wheat,Durum,Caldwell-Caldwell,Wholesaler,Hesse,Direct,2024-09-01,646.6,0.59,381.49,3.79,327.28,50.42,10.41,0.57,0.02
1354,4137,Barley,Hulled,Lopez-Benson,Exporter,Saxony,Cooperative,2025-04-11,1144.9,0.37,423.61,27.87,304.27,91.47,22.52,0.39,-0.02
1355,11459,Corn,Sweet,Reyes PLC,Retailer,Saxony,Direct,2025-03-05,1793.2,1.03,1847.0,21.26,1798.84,26.9,23.22,0.97,0.06
1356,8423,Potato,Red,"West, Flores and Rosario",Retailer,Brandenburg,Online,2025-05-05,660.4,0.92,607.57,33.09,480.32,94.16,12.18,0.99,-0.07
1357,720,Wheat,Emmer,Ward-Smith,Wholesaler,Brandenburg,Cooperative,2025-05-05,281.7,1.08,304.24,10.37,194.69,99.18,12.84,1.0,0.08
1358,1804,Wheat,Emmer,Bruce and Sons,Wholesaler,Hesse,Online,2025-05-05,1980.1,1.27,2514.73,20.18,2442.15,52.4,16.24,1.21,0.06
1359,9997,Soybean,Black,Lopez-Carlson,Wholesaler,Brandenburg,Online,2025-04-04,1494.7,0.8,1195.76,23.81,1114.08,57.87,13.5,0.76,0.04
1360,5173,Wheat,Durum,Russell-Long,Retailer,Lower Saxony,Direct,2025-05-05,1407.9,0.96,1351.58,34.81,1304.86,11.91,13.17,0.95,0.01
1361,1150,Soybean,Yellow,Lindsey PLC,Exporter,Bavaria,Direct,2024-05-04,1223.4,1.35,1651.59,45.06,1566.77,39.76,10.04,1.39,-0.04
1362,5527,Barley,Hulless,"Tyler, Hale and Gibson",Retailer,Lower Saxony,Cooperative,2023-09-16,1410.8,0.8,1128.64,30.74,1035.82,62.08,24.22,0.82,-0.02
1363,11328,Barley,Hulless,Bradley Ltd,Exporter,Saxony,Online,2024-12-06,908.9,1.3,1181.57,7.19,1082.9,91.48,5.06,1.36,-0.06
1364,12502,Potato,Russet,"Huang, Nguyen and Jenkins",Retailer,Brandenburg,Cooperative,2025-03-24,1682.7,1.43,2406.26,30.38,2325.75,50.13,21.97,1.34,0.09
1365,274,Potato,Red,Glover-Riley,Exporter,Saxony,Direct,2025-05-05,1550.3,0.73,1131.72,2.93,1065.58,63.21,24.15,0.75,-0.02
1366,14786,Wheat,Emmer,Thompson and Sons,Wholesaler,Brandenburg,Cooperative,2025-05-04,815.9,1.1,897.49,31.6,843.49,22.4,21.79,1.07,0.03
1367,9331,Wheat,Durum,"Norman, Arnold and Hernandez",Exporter,Bavaria,Direct,2024-11-27,1284.9,0.47,603.9,26.59,500.88,76.43,18.12,0.45,0.02
1368,9840,Potato,Russet,Howard Inc,Retailer,Lower Saxony,Direct,2024-07-29,1455.8,1.36,1979.89,34.77,1933.89,11.23,20.02,1.24,0.12
1369,469,Corn,Sweet,Johnson-Watkins,Retailer,Lower Saxony,Direct,2025-04-14,768.0,1.45,1113.6,11.99,1043.14,58.47,24.02,1.42,0.03
1370,9730,Corn,Dent,Ortiz-Manning,Wholesaler,Lower Saxony,Online,2025-01-11,1892.6,1.39,2630.71,33.86,2545.47,51.38,14.69,1.34,0.05
1371,8487,Soybean,Yellow,Long and Sons,Retailer,Lower Saxony,Direct,2024-02-05,260.9,0.92,240.03,9.79,208.39,21.85,16.86,0.95,-0.03
1372,12673,Wheat,Durum,Wheeler-Wilson,Wholesaler,Hesse,Cooperative,2024-05-12,1999.0,1.34,2678.66,46.75,2556.78,75.13,7.93,1.39,-0.05
1373,13093,Potato,Russet,Parker-Johnson,Retailer,Saxony,Direct,2025-05-05,1436.5,0.61,876.26,25.69,795.91,54.66,7.38,0.59,0.02
1374,14125,Barley,Hulless,"Brooks, Mccarthy and Lee",Retailer,Saxony,Direct,2024-07-06,1573.4,0.91,1431.79,6.31,1374.08,51.4,19.61,0.98,-0.07
1375,8649,Soybean,Black,Jones-Johnson,Retailer,Saxony,Online,2025-01-24,274.7,1.34,368.1,1.06,346.65,20.39,12.14,1.4,-0.06
1376,11338,Soybean,Yellow,"Parsons, Green and Smith",Exporter,Bavaria,Online,2025-05-05,1961.2,1.38,2706.46,42.72,2578.25,85.49,15.02,1.3,0.08
1377,10120,Wheat,Emmer,"Dalton, Russell and Garcia",Retailer,Hesse,Online,2025-05-05,1196.0,0.91,1088.36,35.44,1004.76,48.16,7.07,0.89,0.02
1378,13251,Soybean,Yellow,Salazar Group,Exporter,Brandenburg,Online,2025-03-01,1472.8,1.23,1811.54,29.96,1728.17,53.41,23.77,1.25,-0.02
1379,6232,Barley,Hulled,"Miller, Gardner and Brown",Exporter,Saxony,Direct,2024-11-17,1298.2,0.35,454.37,21.41,345.13,87.83,9.93,0.35,0.0
1380,11080,Potato,Red,"Kelly, Rodriguez and Lewis",Wholesaler,Hesse,Online,2025-01-24,1247.5,0.89,1110.28,46.29,1019.95,44.04,18.27,0.86,0.03
1381,4756,Barley,Hulless,Williams Group,Retailer,Brandenburg,Online,2025-02-13,1399.2,1.48,2070.82,6.32,2018.39,46.11,15.1,1.49,-0.01
1382,11212,Potato,Red,Munoz-Coleman,Wholesaler,Hesse,Direct,2024-08-09,1145.1,1.49,1706.2,20.05,1605.6,80.55,10.08,1.47,0.02
1383,13693,Wheat,Durum,Harris Ltd,Wholesaler,Saxony,Cooperative,2024-11-23,708.1,0.75,531.08,44.61,461.54,24.93,24.04,0.78,-0.03
1384,5867,Soybean,Black,Flynn-Cooper,Exporter,Brandenburg,Direct,2024-11-22,407.8,0.77,314.01,47.03,238.86,28.12,15.12,0.82,-0.05
1385,8219,Potato,Red,Butler-Richardson,Wholesaler,Brandenburg,Cooperative,2024-11-15,1374.8,1.02,1402.3,3.86,1374.45,23.99,21.38,1.08,-0.06
1386,2341,Soybean,Black,Warner Inc,Wholesaler,Hesse,Direct,2024-09-25,1565.4,0.41,641.81,29.35,578.72,33.74,11.0,0.44,-0.03
1387,6655,Corn,Dent,"Johnson, Carter and Glass",Exporter,Lower Saxony,Direct,2025-05-03,715.3,0.67,479.25,32.19,403.19,43.87,14.6,0.66,0.01
1388,1323,Soybean,Black,"Cox, Butler and Kemp",Retailer,Lower Saxony,Direct,2024-08-28,891.4,1.28,1140.99,5.57,1036.83,98.59,5.88,1.3,-0.02
1389,10429,Wheat,Durum,"Mcgrath, Houston and Marshall",Retailer,Lower Saxony,Direct,2025-02-24,529.9,1.03,545.8,41.26,417.02,87.52,11.43,0.94,0.09
1390,6193,Potato,Red,"Martin, Harris and King",Wholesaler,Saxony,Online,2025-05-04,483.4,0.38,183.69,2.23,86.56,94.9,21.9,0.42,-0.04
1391,12417,Soybean,Yellow,Woods and Sons,Retailer,Hesse,Cooperative,2024-07-02,657.0,0.63,413.91,2.66,362.61,48.64,18.17,0.6,0.03
1392,14839,Soybean,Black,Gilbert and Sons,Exporter,Saxony,Online,2025-03-14,504.0,1.59,801.36,34.18,680.93,86.25,22.85,1.5,0.09
1393,6193,Potato,Red,"Miller, Herman and Frazier",Wholesaler,Bavaria,Direct,2025-05-03,746.6,0.4,298.64,49.64,160.98,88.02,14.6,0.42,-0.02
1394,13693,Wheat,Durum,Diaz Group,Wholesaler,Brandenburg,Cooperative,2024-11-15,1002.2,0.82,821.8,18.46,756.98,46.36,18.18,0.78,0.04
1395,2993,Soybean,Yellow,Spears PLC,Wholesaler,Lower Saxony,Direct,2025-04-07,1152.9,0.37,426.57,27.83,347.13,51.61,13.54,0.35,0.02
1396,4592,Wheat,Emmer,Stanley-Miller,Exporter,Brandenburg,Online,2024-06-08,692.9,0.68,471.17,15.68,399.17,56.32,11.92,0.7,-0.02
1397,11995,Soybean,Yellow,Pineda-Cole,Wholesaler,Lower Saxony,Online,2025-05-05,423.8,0.62,262.76,33.97,161.71,67.08,6.63,0.59,0.03
1398,2887,Potato,Russet,"Best, Harris and Roman",Wholesaler,Saxony,Cooperative,2024-07-01,523.9,0.89,466.27,29.07,374.45,62.75,6.48,0.97,-0.08
1399,5547,Wheat,Emmer,Rogers-Olson,Exporter,Brandenburg,Cooperative,2024-01-21,388.5,0.42,163.17,13.13,137.72,12.32,8.16,0.43,-0.01
1400,14324,Corn,Dent,James LLC,Exporter,Bavaria,Direct,2025-03-18,230.5,0.73,168.26,36.58,96.22,35.46,18.85,0.71,0.02
1401,5294,Wheat,Emmer,Wilkerson-Reid,Retailer,Brandenburg,Cooperative,2024-08-01,1444.6,1.32,1906.87,11.47,1836.26,59.14,20.93,1.2,0.12
1402,12947,Soybean,Black,Garcia-Kidd,Retailer,Hesse,Cooperative,2024-10-26,1926.8,0.39,751.45,33.58,625.45,92.42,20.34,0.4,-0.01
1403,5945,Corn,Dent,"Mitchell, Ellis and Larson",Exporter,Lower Saxony,Cooperative,2025-05-05,860.7,1.35,1161.95,45.54,1061.27,55.14,5.23,1.3,0.05
1404,3502,Barley,Hulled,Brown-Hughes,Wholesaler,Lower Saxony,Online,2024-10-01,1167.7,1.47,1716.52,26.27,1606.45,83.8,18.66,1.47,0.0
1405,12691,Wheat,Durum,"Snyder, Malone and Lewis",Exporter,Saxony,Online,2025-05-05,1211.9,0.85,1030.12,43.86,956.9,29.36,6.27,0.81,0.04
1406,194,Potato,Russet,Lucero-Jones,Retailer,Brandenburg,Online,2024-08-19,776.5,0.76,590.14,19.36,523.16,47.62,22.75,0.76,0.0
1407,9561,Corn,Dent,Keller LLC,Exporter,Bavaria,Online,2025-05-05,1669.5,0.78,1302.21,30.63,1177.92,93.66,18.6,0.84,-0.06
1408,8118,Soybean,Black,"Cox, Johnson and Franklin",Retailer,Bavaria,Direct,2024-02-14,653.5,1.03,673.1,27.59,588.78,56.73,13.57,0.94,0.09
1409,10830,Corn,Sweet,Young-Wilson,Wholesaler,Lower Saxony,Online,2025-05-05,1034.8,0.47,486.36,9.94,418.72,57.7,7.32,0.51,-0.04
1410,10876,Soybean,Black,Fitzpatrick-Everett,Exporter,Brandenburg,Cooperative,2025-05-05,509.6,0.33,168.17,14.34,115.03,38.8,5.32,0.33,0.0
1411,8614,Barley,Hulless,Le Group,Exporter,Lower Saxony,Online,2025-04-17,1977.4,1.13,2234.46,17.5,2150.9,66.06,24.15,1.23,-0.1
1412,24,Potato,Russet,Hebert-Jordan,Retailer,Hesse,Online,2024-07-04,271.4,1.14,309.4,40.74,249.87,18.79,11.55,1.23,-0.09
1413,9093,Corn,Dent,Newman LLC,Wholesaler,Bavaria,Direct,2025-05-05,1492.7,0.95,1418.06,46.87,1347.78,23.41,16.67,1.02,-0.07
1414,12605,Wheat,Emmer,"Ferrell, Dunn and Rios",Exporter,Saxony,Cooperative,2025-01-14,696.7,1.17,815.14,48.27,724.93,41.94,12.92,1.09,0.08
1415,14923,Wheat,Emmer,"Scott, Snyder and Jones",Exporter,Lower Saxony,Online,2024-03-22,1145.3,0.86,984.96,29.38,939.61,15.97,12.29,0.91,-0.05
1416,8056,Soybean,Yellow,White LLC,Wholesaler,Bavaria,Direct,2025-04-17,1879.8,0.54,1015.09,46.89,895.81,72.39,23.56,0.53,0.01
1417,8209,Barley,Hulled,Coleman-Oneal,Exporter,Brandenburg,Online,2024-01-08,1634.2,0.49,800.76,25.95,732.59,42.22,18.72,0.45,0.04
1418,12068,Barley,Hulled,Espinoza-Cameron,Exporter,Bavaria,Online,2025-04-14,1801.8,0.48,864.86,39.86,735.96,89.04,12.17,0.49,-0.01
1419,3788,Potato,Russet,"Jenkins, Davis and Stewart",Wholesaler,Brandenburg,Direct,2024-11-06,967.6,1.27,1228.85,40.64,1140.36,47.85,23.2,1.2,0.07
1420,1764,Barley,Hulled,Harrington-Kaiser,Exporter,Brandenburg,Cooperative,2025-03-10,1760.1,1.56,2745.76,6.97,2684.27,54.52,24.19,1.48,0.08
1421,8384,Corn,Dent,"Thomas, Gonzalez and Carey",Wholesaler,Bavaria,Direct,2025-04-11,1909.3,0.63,1202.86,7.19,1132.51,63.16,20.57,0.61,0.02
1422,1324,Soybean,Yellow,Molina-Castaneda,Retailer,Lower Saxony,Online,2024-10-03,624.9,1.06,662.39,31.46,602.06,28.87,5.85,1.09,-0.03
1423,4038,Wheat,Durum,Marquez PLC,Wholesaler,Bavaria,Direct,2025-04-06,861.7,1.35,1163.3,34.94,1030.06,98.3,19.71,1.49,-0.14
1424,6659,Soybean,Black,"Garcia, Pacheco and Williams",Wholesaler,Brandenburg,Online,2025-05-05,1862.7,1.51,2812.68,27.53,2699.76,85.39,21.84,1.43,0.08
1425,14294,Potato,Red,Rodriguez LLC,Retailer,Saxony,Cooperative,2025-05-05,742.6,0.6,445.56,47.07,318.85,79.64,11.59,0.64,-0.04
1426,3172,Wheat,Emmer,Huffman Ltd,Retailer,Hesse,Online,2024-12-22,743.4,1.17,869.78,21.0,807.74,41.04,9.42,1.17,0.0
1427,8234,Soybean,Yellow,Johnson and Sons,Exporter,Hesse,Online,2025-05-05,346.4,0.38,131.63,34.51,19.88,77.24,24.86,0.42,-0.04
1428,1570,Wheat,Durum,Hall-Guerrero,Exporter,Brandenburg,Cooperative,2024-03-20,1675.3,0.43,720.38,39.01,650.1,31.27,5.99,0.44,-0.01
1429,13054,Potato,Russet,"Howard, Parker and Flores",Exporter,Hesse,Online,2025-01-26,877.2,0.55,482.46,36.88,420.12,25.46,10.18,0.56,-0.01
1430,11225,Soybean,Yellow,"Torres, Payne and Pittman",Exporter,Lower Saxony,Online,2025-04-04,200.8,0.68,136.54,44.12,42.85,49.57,5.04,0.66,0.02
1431,14516,Potato,Russet,"Berry, Odonnell and Goodwin",Retailer,Bavaria,Direct,2025-04-06,1937.6,1.07,2073.23,25.25,2011.58,36.4,19.73,1.13,-0.06
1432,7581,Barley,Hulless,Webster-Keller,Wholesaler,Brandenburg,Cooperative,2024-11-29,1353.1,1.39,1880.81,26.29,1816.15,38.37,18.06,1.31,0.08
1433,1480,Wheat,Durum,"Silva, Kennedy and Lawson",Retailer,Hesse,Online,2024-12-29,648.2,0.65,421.33,2.94,330.21,88.18,7.47,0.64,0.01
1434,510,Potato,Russet,Ramsey Group,Retailer,Lower Saxony,Direct,2025-01-09,1694.9,1.32,2237.27,32.49,2167.63,37.15,11.26,1.29,0.03
1435,14880,Soybean,Black,Rasmussen-Vincent,Retailer,Lower Saxony,Direct,2024-11-27,1102.6,1.59,1753.13,49.74,1663.12,40.27,24.87,1.47,0.12
1436,12756,Barley,Hulless,"Spencer, Heath and Fleming",Exporter,Hesse,Cooperative,2025-05-05,1320.7,1.54,2033.88,34.24,1973.86,25.78,19.72,1.43,0.11
1437,13587,Barley,Hulled,Jackson-Saunders,Wholesaler,Lower Saxony,Online,2025-02-03,238.7,0.69,164.7,47.38,101.08,16.24,22.74,0.66,0.03
1438,1008,Wheat,Emmer,"Griffin, Velez and Garcia",Wholesaler,Brandenburg,Cooperative,2025-03-03,237.1,0.91,215.76,34.43,147.14,34.19,12.18,0.96,-0.05
1439,10793,Potato,Russet,Patterson Ltd,Wholesaler,Brandenburg,Cooperative,2025-05-05,1190.0,0.81,963.9,9.7,897.76,56.44,18.72,0.84,-0.03
1440,7987,Soybean,Yellow,"Edwards, Lindsey and Smith",Exporter,Lower Saxony,Online,2025-02-07,290.2,0.88,255.38,21.49,193.82,40.07,13.78,0.93,-0.05
1441,3294,Barley,Hulless,Crawford-Shelton,Exporter,Brandenburg,Direct,2025-02-26,443.8,1.01,448.24,39.98,357.55,50.71,5.71,0.94,0.07
1442,11681,Soybean,Yellow,"Beck, Lee and Cooper",Wholesaler,Brandenburg,Cooperative,2025-05-05,1835.0,0.49,899.15,49.83,837.99,11.33,13.11,0.45,0.04
1443,9071,Wheat,Durum,Elliott-Oconnor,Wholesaler,Saxony,Direct,2025-05-05,896.9,0.39,349.79,29.57,261.9,58.32,9.97,0.39,0.0
1444,7945,Wheat,Emmer,"Ford, Proctor and Owens",Exporter,Brandenburg,Cooperative,2025-04-26,812.0,1.38,1120.56,21.84,1073.63,25.09,19.62,1.42,-0.04
1445,1814,Potato,Russet,"Kelley, Davis and Stevens",Exporter,Saxony,Cooperative,2024-12-19,1230.6,0.88,1082.93,12.84,1028.32,41.77,7.65,0.84,0.04
1446,5009,Wheat,Durum,"Martinez, Foster and Hoffman",Wholesaler,Hesse,Online,2025-02-02,305.4,1.08,329.83,15.45,281.98,32.4,20.2,1.07,0.01
1447,4231,Barley,Hulled,"Calderon, Nguyen and Gray",Exporter,Hesse,Direct,2025-04-18,1132.0,0.33,373.56,3.85,279.32,90.39,24.77,0.32,0.01
1448,8027,Potato,Red,Ross-Schultz,Exporter,Lower Saxony,Cooperative,2025-02-09,387.1,0.58,224.52,12.51,158.5,53.51,22.26,0.6,-0.02
1449,5149,Potato,Red,Nguyen-Wilson,Exporter,Brandenburg,Cooperative,2025-01-25,538.5,1.13,608.5,47.7,471.79,89.01,19.83,1.19,-0.06
1450,14934,Wheat,Emmer,Stanley-Martinez,Retailer,Bavaria,Cooperative,2025-05-05,521.9,1.52,793.29,19.07,753.25,20.97,20.7,1.47,0.05
1451,10179,Barley,Hulless,Reed-Hall,Wholesaler,Lower Saxony,Direct,2025-04-14,1552.1,1.32,2048.77,37.57,1919.48,91.72,12.72,1.24,0.08
1452,8448,Potato,Red,Peck and Sons,Retailer,Brandenburg,Cooperative,2025-04-10,1143.4,1.43,1635.06,2.53,1588.4,44.13,9.17,1.45,-0.02
1453,9761,Wheat,Durum,"Thomas, Marshall and Galvan",Wholesaler,Hesse,Direct,2024-05-16,1158.4,0.81,938.3,19.52,878.87,39.91,11.02,0.75,0.06
1454,13249,Corn,Dent,Smith PLC,Exporter,Lower Saxony,Cooperative,2024-10-03,1804.5,0.99,1786.46,36.04,1657.78,92.64,10.86,0.95,0.04
1455,4613,Wheat,Emmer,"Ray, Freeman and Bauer",Wholesaler,Hesse,Cooperative,2025-01-15,223.2,0.84,187.49,46.25,46.35,94.89,19.6,0.87,-0.03
1456,14497,Barley,Hulled,Garcia Inc,Exporter,Lower Saxony,Direct,2024-10-25,1523.6,0.36,548.5,30.83,499.67,18.0,21.81,0.39,-0.03
1457,13813,Soybean,Black,"Kramer, Matthews and Johnson",Retailer,Bavaria,Cooperative,2024-12-22,991.5,1.39,1378.18,1.61,1355.01,21.56,10.91,1.36,0.03
1458,2622,Corn,Sweet,"Adams, Swanson and Jefferson",Wholesaler,Saxony,Direct,2025-04-13,1097.2,0.72,789.98,30.18,663.28,96.52,12.4,0.67,0.05
1459,5099,Soybean,Black,"Chambers, Leonard and Craig",Retailer,Brandenburg,Direct,2024-06-26,1383.2,0.97,1341.7,34.18,1285.32,22.2,6.74,0.92,0.05
1460,2791,Barley,Hulless,"Ballard, Elliott and Clark",Exporter,Lower Saxony,Online,2025-04-28,1641.4,0.74,1214.64,7.75,1122.64,84.25,21.62,0.81,-0.07
1461,14678,Soybean,Black,Rodriguez and Sons,Retailer,Brandenburg,Direct,2024-10-31,1345.1,0.34,457.33,6.59,401.98,48.76,11.87,0.35,-0.01
1462,10634,Corn,Dent,Bowman-Lara,Exporter,Brandenburg,Online,2025-04-28,1344.8,0.99,1331.35,11.3,1266.5,53.55,9.79,0.95,0.04
1463,5905,Wheat,Emmer,Reyes and Sons,Exporter,Brandenburg,Cooperative,2023-11-15,458.7,0.52,238.52,16.26,123.04,99.22,18.58,0.48,0.04
1464,10704,Corn,Dent,"Rogers, Chapman and Rocha",Exporter,Lower Saxony,Direct,2024-06-24,1057.6,1.02,1078.75,16.98,968.15,93.62,14.81,1.12,-0.1
1465,3751,Potato,Red,Lam-Reyes,Retailer,Bavaria,Online,2024-06-21,1284.6,0.97,1246.06,42.64,1175.96,27.46,8.26,0.89,0.08
1466,13357,Potato,Russet,Nguyen Inc,Wholesaler,Saxony,Direct,2025-05-05,1040.0,1.39,1445.6,37.15,1335.27,73.18,17.86,1.44,-0.05
1467,2478,Corn,Sweet,Bauer-Bridges,Retailer,Lower Saxony,Direct,2024-11-24,1722.1,0.75,1291.57,21.49,1207.07,63.01,24.6,0.81,-0.06
1468,12945,Soybean,Black,Hayes and Sons,Wholesaler,Hesse,Cooperative,2025-04-02,1020.2,1.4,1428.28,24.66,1387.67,15.95,17.2,1.33,0.07
1469,13469,Barley,Hulless,Harrington LLC,Wholesaler,Brandenburg,Cooperative,2025-01-15,295.7,0.67,198.12,34.17,148.86,15.09,5.66,0.73,-0.06
1470,1704,Soybean,Yellow,Beard PLC,Exporter,Bavaria,Direct,2024-12-27,1050.8,0.67,704.04,28.09,646.49,29.46,8.7,0.74,-0.07
1471,11244,Wheat,Emmer,Jones-Johnson,Wholesaler,Lower Saxony,Direct,2025-02-09,888.4,1.15,1021.66,48.56,879.58,93.52,5.15,1.12,0.03
1472,4495,Barley,Hulled,"Miller, Perez and Gonzales",Exporter,Brandenburg,Cooperative,2025-04-03,1679.8,0.6,1007.88,43.02,951.45,13.41,17.43,0.62,-0.02
1473,11575,Soybean,Yellow,Taylor-Dixon,Retailer,Brandenburg,Direct,2025-01-02,1414.4,0.77,1089.09,35.65,1004.68,48.76,18.53,0.79,-0.02
1474,12325,Corn,Dent,Moore-Robinson,Wholesaler,Lower Saxony,Online,2025-05-05,1710.8,1.39,2378.01,33.48,2303.15,41.38,24.18,1.39,0.0
1475,8851,Corn,Dent,Patel PLC,Retailer,Lower Saxony,Cooperative,2024-12-18,1868.7,0.79,1476.27,4.22,1400.64,71.41,6.52,0.75,0.04
1476,11736,Potato,Red,Page-Ward,Retailer,Brandenburg,Direct,2025-03-03,1270.6,0.54,686.12,3.65,603.49,78.98,9.77,0.55,-0.01
1477,12947,Soybean,Black,"Schroeder, Fisher and Walker",Wholesaler,Bavaria,Cooperative,2025-03-03,1740.2,0.44,765.69,19.3,685.47,60.92,15.0,0.4,0.04
1478,14937,Soybean,Black,Vargas Ltd,Wholesaler,Lower Saxony,Cooperative,2024-11-02,1706.0,0.67,1143.02,24.63,1051.0,67.39,20.35,0.7,-0.03
1479,3638,Barley,Hulled,"Hamilton, Bell and Lloyd",Retailer,Saxony,Direct,2024-07-17,726.0,1.0,726.0,18.97,684.2,22.83,17.5,1.08,-0.08
1480,10382,Potato,Russet,Rogers Ltd,Retailer,Lower Saxony,Online,2023-09-04,726.9,0.48,348.91,14.1,244.74,90.07,6.57,0.48,0.0
1481,6610,Wheat,Durum,Woods Inc,Wholesaler,Brandenburg,Online,2025-05-05,959.7,1.1,1055.67,1.56,1037.2,16.91,5.08,1.04,0.06
1482,5408,Barley,Hulless,Hoffman and Sons,Wholesaler,Saxony,Cooperative,2024-10-28,846.0,0.49,414.54,34.91,314.27,65.36,24.17,0.45,0.04
1483,13114,Corn,Sweet,"Aguilar, Hardin and Robinson",Wholesaler,Bavaria,Direct,2025-05-04,905.7,1.34,1213.64,14.94,1140.94,57.76,18.3,1.28,0.06
1484,6436,Soybean,Black,"Levy, Tapia and Sims",Exporter,Hesse,Direct,2024-12-11,1995.1,1.47,2932.8,34.96,2867.48,30.36,13.75,1.43,0.04
1485,9366,Wheat,Emmer,"Ferguson, Brown and Flowers",Wholesaler,Saxony,Online,2025-04-26,1053.6,1.29,1359.14,1.33,1286.87,70.94,18.94,1.39,-0.1
1486,1043,Corn,Sweet,Thompson-Mann,Wholesaler,Hesse,Cooperative,2025-04-15,295.3,0.66,194.9,42.05,79.25,73.6,17.66,0.64,0.02
1487,10908,Potato,Russet,"Manning, Salinas and Rogers",Wholesaler,Bavaria,Online,2024-05-29,711.3,0.78,554.81,37.97,438.94,77.9,9.74,0.83,-0.05
1488,2259,Potato,Red,Walter-Browning,Retailer,Hesse,Direct,2024-10-03,793.2,0.98,777.34,36.1,658.55,82.69,20.36,0.92,0.06
1489,13418,Barley,Hulled,"Hall, Browning and Alvarez",Retailer,Lower Saxony,Cooperative,2024-08-13,428.2,0.65,278.33,34.22,229.78,14.33,11.69,0.6,0.05
1490,1753,Barley,Hulled,Decker-Parrish,Exporter,Brandenburg,Direct,2025-02-28,1836.3,1.31,2405.55,38.73,2287.94,78.88,7.18,1.29,0.02
1491,10099,Wheat,Emmer,"Murray, Deleon and Whitaker",Wholesaler,Brandenburg,Online,2025-03-11,426.5,0.44,187.66,20.93,133.01,33.72,22.72,0.43,0.01
1492,3196,Wheat,Durum,Torres and Sons,Retailer,Saxony,Direct,2025-02-11,500.0,0.9,450.0,35.58,375.4,39.02,20.21,0.85,0.05
1493,7250,Potato,Red,Kim LLC,Retailer,Lower Saxony,Direct,2025-02-11,1613.7,0.48,774.58,43.18,646.03,85.37,23.52,0.45,0.03
1494,14889,Corn,Sweet,"Barker, Russell and Miller",Retailer,Lower Saxony,Online,2025-02-23,1409.3,0.83,1169.72,35.97,1065.22,68.53,7.85,0.82,0.01
1495,6024,Barley,Hulless,Berger-Armstrong,Retailer,Bavaria,Cooperative,2025-05-05,585.4,1.26,737.6,20.2,629.27,88.13,19.31,1.28,-0.02
1496,12145,Corn,Dent,Murphy PLC,Exporter,Brandenburg,Online,2024-12-09,476.6,0.35,166.81,28.4,47.21,91.2,23.47,0.34,0.01
1497,14501,Potato,Russet,"Zhang, Miller and Larson",Exporter,Hesse,Direct,2024-10-04,1438.3,0.71,1021.19,4.15,976.09,40.95,20.3,0.74,-0.03
1498,6812,Wheat,Emmer,"Cortez, Smith and Greer",Exporter,Bavaria,Online,2025-05-04,1041.6,1.44,1499.9,18.81,1423.67,57.42,24.55,1.33,0.11
1499,1620,Potato,Russet,Jackson-Malone,Wholesaler,Brandenburg,Online,2025-03-22,407.0,0.38,154.66,13.93,52.66,88.07,5.83,0.4,-0.02
1500,9467,Potato,Russet,Carson PLC,Exporter,Brandenburg,Online,2024-04-09,1003.7,1.22,1224.51,27.49,1165.27,31.75,13.25,1.27,-0.05
1501,14824,Potato,Red,Banks-Kennedy,Retailer,Hesse,Direct,2024-10-20,660.8,0.52,343.62,22.19,250.78,70.65,21.94,0.51,0.01
1502,6402,Soybean,Black,"Roberts, Bray and Fischer",Wholesaler,Lower Saxony,Cooperative,2024-03-29,1562.7,1.12,1750.22,47.89,1648.94,53.39,22.01,1.19,-0.07
1503,6476,Wheat,Durum,"Davis, Rodriguez and Hart",Wholesaler,Saxony,Cooperative,2025-02-24,424.4,1.47,623.87,40.19,545.96,37.72,23.34,1.35,0.12
1504,12785,Wheat,Emmer,Meyer-Mayo,Wholesaler,Hesse,Direct,2025-02-10,579.5,0.65,376.68,32.71,297.1,46.87,21.99,0.66,-0.01
1505,3772,Potato,Red,Reed Group,Wholesaler,Saxony,Direct,2025-05-03,1316.4,0.35,460.74,22.72,380.46,57.56,9.21,0.35,0.0
1506,6007,Barley,Hulled,"Gallagher, Johnson and Pena",Exporter,Saxony,Cooperative,2024-11-01,875.8,0.75,656.85,6.59,611.15,39.11,5.89,0.73,0.02
1507,8455,Potato,Red,Pratt-Torres,Retailer,Brandenburg,Cooperative,2025-03-06,1685.7,1.18,1989.13,45.65,1893.12,50.36,19.28,1.1,0.08
1508,11062,Corn,Sweet,Sanchez and Sons,Wholesaler,Hesse,Direct,2024-12-23,482.2,0.97,467.73,27.1,374.18,66.45,19.02,0.93,0.04
1509,5988,Corn,Sweet,"Smith, Johnson and Carter",Exporter,Bavaria,Direct,2024-05-28,824.6,1.32,1088.47,5.87,995.27,87.33,22.06,1.34,-0.02
1510,10607,Soybean,Yellow,"Baker, Hernandez and Smith",Exporter,Hesse,Direct,2024-12-07,688.5,0.81,557.69,28.79,508.65,20.25,21.88,0.79,0.02
1511,12696,Potato,Red,Gray Group,Exporter,Bavaria,Cooperative,2025-05-03,1238.7,1.07,1325.41,42.2,1251.18,32.03,6.23,1.05,0.02
1512,9458,Barley,Hulless,Burgess-Perez,Wholesaler,Lower Saxony,Direct,2024-09-19,678.8,0.36,244.37,38.08,134.83,71.46,20.01,0.4,-0.04
1513,14097,Corn,Sweet,Smith-Wong,Exporter,Hesse,Online,2025-04-24,712.9,0.85,605.96,41.98,536.15,27.83,15.86,0.8,0.05
1514,12174,Corn,Sweet,"Robinson, Cooley and Simmons",Retailer,Saxony,Cooperative,2024-09-24,1791.5,1.28,2293.12,20.11,2192.33,80.68,20.5,1.42,-0.14
1515,33,Potato,Russet,George-Smith,Wholesaler,Bavaria,Cooperative,2024-12-14,1625.7,0.67,1089.22,24.15,1044.24,20.83,19.85,0.64,0.03
1516,8782,Wheat,Emmer,Lucas and Sons,Retailer,Hesse,Direct,2025-05-05,938.0,0.48,450.24,46.66,389.11,14.47,7.64,0.49,-0.01
1517,11998,Wheat,Durum,"Bridges, Campbell and Berry",Retailer,Brandenburg,Cooperative,2025-05-05,1320.4,0.43,567.77,16.51,481.61,69.65,7.86,0.4,0.03
1518,3537,Corn,Dent,"Lee, Horton and Perry",Wholesaler,Hesse,Online,2025-05-05,776.8,1.19,924.39,26.11,835.09,63.19,13.23,1.16,0.03
1519,2559,Potato,Red,"Flores, Proctor and Huynh",Exporter,Hesse,Direct,2024-07-08,1602.1,0.92,1473.93,42.88,1387.51,43.54,20.05,0.94,-0.02
1520,5600,Potato,Red,Rodriguez LLC,Wholesaler,Saxony,Cooperative,2025-03-21,992.9,1.0,992.9,33.78,861.15,97.97,9.31,0.99,0.01
1521,10063,Wheat,Durum,Jones PLC,Wholesaler,Lower Saxony,Cooperative,2025-03-23,440.6,0.3,132.18,9.76,111.65,10.77,10.62,0.32,-0.02
1522,5412,Wheat,Emmer,Wilcox-Garcia,Retailer,Bavaria,Online,2025-05-05,842.3,1.13,951.8,36.55,854.73,60.52,7.57,1.16,-0.03
1523,9005,Barley,Hulless,"Price, Kelly and Clements",Retailer,Hesse,Online,2025-05-05,1360.4,0.93,1265.17,22.27,1201.84,41.06,10.95,0.99,-0.06
1524,3105,Soybean,Yellow,Schmitt-Obrien,Retailer,Hesse,Cooperative,2025-03-13,1528.1,1.38,2108.78,14.15,1998.14,96.49,19.22,1.44,-0.06
1525,7845,Barley,Hulled,"Stephenson, Fischer and Potter",Exporter,Lower Saxony,Direct,2023-12-07,1801.8,0.92,1657.66,28.68,1539.77,89.21,21.73,0.91,0.01
1526,4486,Corn,Sweet,Singleton and Sons,Wholesaler,Lower Saxony,Direct,2025-01-25,873.5,1.29,1126.82,47.13,1062.88,16.81,17.47,1.36,-0.07
1527,8621,Potato,Red,Robinson Group,Retailer,Lower Saxony,Direct,2024-12-11,883.7,0.67,592.08,0.51,507.43,84.14,21.45,0.66,0.01
1528,12036,Wheat,Emmer,Reed and Sons,Wholesaler,Saxony,Online,2024-03-03,1299.6,0.94,1221.62,35.5,1149.96,36.16,7.04,0.95,-0.01
1529,1500,Corn,Dent,Jones-Beck,Wholesaler,Hesse,Direct,2025-05-05,971.5,0.89,864.64,5.24,837.05,22.35,12.96,0.98,-0.09
1530,2326,Potato,Russet,Keller Ltd,Exporter,Bavaria,Cooperative,2023-09-24,1261.6,0.96,1211.14,19.6,1175.75,15.79,16.76,0.96,0.0
1531,3066,Potato,Russet,Wilson LLC,Wholesaler,Saxony,Cooperative,2024-03-13,371.2,0.84,311.81,3.98,214.35,93.48,18.35,0.87,-0.03
1532,2357,Soybean,Yellow,Stark-Gonzalez,Retailer,Hesse,Online,2025-03-21,266.3,0.65,173.1,18.33,56.74,98.03,15.3,0.59,0.06
1533,2675,Corn,Dent,Smith Group,Wholesaler,Hesse,Online,2024-09-21,1616.2,0.91,1470.74,20.03,1378.23,72.48,16.07,0.89,0.02
1534,8982,Soybean,Black,"Mcdaniel, Russell and Ferguson",Retailer,Hesse,Direct,2025-03-28,1877.6,1.08,2027.81,17.09,1986.84,23.88,7.9,1.08,0.0
1535,9155,Corn,Sweet,Flynn-Bean,Retailer,Brandenburg,Cooperative,2025-01-10,1296.5,0.37,479.7,22.64,404.81,52.25,22.27,0.4,-0.03
1536,11279,Wheat,Emmer,Dixon Inc,Wholesaler,Bavaria,Cooperative,2024-08-09,215.6,0.97,209.13,41.71,132.86,34.56,11.94,0.94,0.03
1537,10068,Potato,Red,"Maldonado, Miller and Garcia",Exporter,Bavaria,Direct,2025-02-26,997.0,0.97,967.09,6.51,937.97,22.61,15.68,1.05,-0.08
1538,5903,Barley,Hulless,Gonzales Inc,Exporter,Brandenburg,Cooperative,2024-08-19,942.2,1.41,1328.5,4.9,1250.73,72.87,15.26,1.41,0.0
1539,12872,Potato,Russet,Nelson PLC,Exporter,Lower Saxony,Cooperative,2025-04-18,598.8,0.7,419.16,30.42,316.21,72.53,6.75,0.67,0.03
1540,2708,Wheat,Emmer,Baker-Harrison,Exporter,Saxony,Cooperative,2025-04-28,1817.8,1.04,1890.51,5.99,1845.27,39.25,5.84,1.06,-0.02
1541,4344,Barley,Hulless,Allen Inc,Wholesaler,Hesse,Online,2024-03-03,1589.9,1.2,1907.88,0.84,1892.88,14.16,11.95,1.28,-0.08
1542,1826,Potato,Red,Cooper-Hanson,Retailer,Hesse,Cooperative,2025-04-19,376.5,1.1,414.15,29.33,350.93,33.89,8.35,1.1,0.0
1543,6217,Barley,Hulless,"Miles, Hendrix and Giles",Exporter,Brandenburg,Cooperative,2025-01-07,307.9,0.36,110.84,27.22,23.66,59.96,23.83,0.35,0.01
1544,988,Barley,Hulled,Gay LLC,Exporter,Bavaria,Cooperative,2025-05-05,1293.2,0.61,788.85,12.44,752.09,24.32,18.18,0.62,-0.01
1545,12992,Soybean,Black,Shea Group,Wholesaler,Brandenburg,Cooperative,2025-05-05,812.9,0.69,560.9,22.66,491.7,46.54,7.55,0.7,-0.01
1546,9818,Soybean,Black,"Obrien, Scott and Lamb",Retailer,Brandenburg,Cooperative,2024-12-20,508.2,1.15,584.43,26.94,523.35,34.14,15.98,1.23,-0.08
1547,10182,Wheat,Emmer,Robinson Ltd,Exporter,Brandenburg,Cooperative,2025-05-05,1639.8,1.19,1951.36,3.14,1875.21,73.01,9.68,1.17,0.02
1548,6965,Corn,Sweet,Butler Group,Wholesaler,Saxony,Direct,2024-11-27,1242.8,0.52,646.26,3.21,560.02,83.03,22.25,0.49,0.03
1549,11664,Barley,Hulless,Rodriguez-Marsh,Exporter,Lower Saxony,Direct,2024-08-25,1913.3,0.88,1683.7,4.75,1581.83,97.12,10.72,0.91,-0.03
1550,5700,Potato,Red,Stevens-Payne,Wholesaler,Saxony,Cooperative,2025-04-06,1543.2,0.68,1049.38,37.33,917.06,94.99,18.98,0.76,-0.08
1551,966,Potato,Red,Cox LLC,Wholesaler,Hesse,Direct,2024-09-21,1318.1,1.42,1871.7,11.03,1786.57,74.1,5.54,1.49,-0.07
1552,10568,Soybean,Black,"Barber, Frazier and Brown",Retailer,Lower Saxony,Online,2025-05-05,347.3,0.98,340.35,27.5,255.04,57.81,15.59,0.91,0.07
1553,4451,Soybean,Yellow,Phillips-Jacobs,Retailer,Hesse,Direct,2025-05-04,311.3,1.25,389.12,26.41,327.87,34.84,16.08,1.14,0.11
1554,14461,Corn,Sweet,Munoz-Carter,Retailer,Hesse,Online,2025-05-05,922.0,0.52,479.44,46.35,367.13,65.96,22.65,0.49,0.03
1555,13980,Soybean,Yellow,Johnson-Munoz,Retailer,Lower Saxony,Cooperative,2025-02-21,935.4,1.0,935.4,1.52,923.41,10.47,16.55,0.94,0.06
1556,4248,Corn,Sweet,Alvarez Group,Exporter,Bavaria,Direct,2024-10-20,1274.9,0.96,1223.9,4.12,1153.51,66.27,22.03,0.89,0.07
1557,10702,Corn,Dent,Avery PLC,Retailer,Bavaria,Direct,2025-05-05,1411.5,1.39,1961.98,14.16,1857.34,90.48,12.38,1.5,-0.11
1558,10232,Corn,Sweet,"Gonzalez, Roberson and Rhodes",Wholesaler,Bavaria,Cooperative,2024-11-21,935.6,1.13,1057.23,44.61,984.74,27.88,12.83,1.08,0.05
1559,8588,Potato,Russet,"Day, Mccarthy and West",Exporter,Saxony,Direct,2024-03-09,1281.9,1.09,1397.27,21.67,1326.88,48.72,5.44,1.02,0.07
1560,3108,Corn,Dent,Cervantes-Rodriguez,Wholesaler,Hesse,Cooperative,2025-04-19,517.2,1.03,532.72,5.19,483.44,44.09,19.98,1.05,-0.02
1561,5635,Wheat,Emmer,Peters-Alexander,Retailer,Lower Saxony,Online,2024-12-26,746.6,1.02,761.53,31.12,674.05,56.36,13.88,0.98,0.04
1562,3966,Wheat,Durum,Shaw-Dickson,Retailer,Lower Saxony,Online,2025-02-01,567.5,0.32,181.6,28.36,126.48,26.76,12.5,0.3,0.02
1563,12245,Barley,Hulless,Miller Ltd,Wholesaler,Saxony,Online,2024-08-06,1936.5,0.53,1026.34,28.4,920.35,77.59,21.3,0.55,-0.02
1564,7660,Barley,Hulled,"Carey, Barnett and Carr",Exporter,Bavaria,Direct,2025-02-07,284.4,1.07,304.31,24.58,254.19,25.54,11.73,1.14,-0.07
1565,11139,Soybean,Black,Rodgers Inc,Wholesaler,Bavaria,Cooperative,2025-04-24,593.6,1.3,771.68,1.9,730.98,38.8,13.54,1.29,0.01
1566,524,Barley,Hulled,Rivera-Martinez,Exporter,Hesse,Cooperative,2025-05-05,1202.4,0.88,1058.11,37.38,921.19,99.54,12.57,0.92,-0.04
1567,6773,Soybean,Yellow,Wilkins-Washington,Exporter,Lower Saxony,Direct,2025-01-29,1648.7,1.19,1961.95,28.91,1861.36,71.68,19.56,1.15,0.04
1568,2370,Barley,Hulless,Acosta Inc,Wholesaler,Brandenburg,Online,2025-05-05,1520.5,0.64,973.12,3.9,893.53,75.69,19.89,0.63,0.01
1569,8315,Wheat,Durum,Henderson-Meyers,Exporter,Brandenburg,Online,2024-12-05,755.7,0.82,619.67,48.55,558.74,12.38,22.85,0.87,-0.05
1570,13713,Potato,Red,Nelson and Sons,Retailer,Brandenburg,Online,2025-04-16,1988.3,1.09,2167.25,16.01,2115.03,36.21,22.65,1.02,0.07
1571,1478,Wheat,Durum,Morton and Sons,Retailer,Brandenburg,Cooperative,2025-02-23,1943.6,1.16,2254.58,13.09,2204.89,36.6,10.23,1.14,0.02
1572,2699,Potato,Russet,Brown-Mccullough,Wholesaler,Hesse,Online,2024-06-14,376.9,0.57,214.83,30.31,85.81,98.71,14.86,0.62,-0.05
1573,11846,Corn,Sweet,Moore-Daniel,Exporter,Saxony,Online,2024-12-29,1531.2,1.15,1760.88,32.48,1649.06,79.34,8.99,1.11,0.04
1574,13368,Wheat,Durum,Taylor-Michael,Wholesaler,Brandenburg,Online,2025-04-28,372.6,0.48,178.85,10.18,114.72,53.95,13.99,0.47,0.01
1575,13186,Wheat,Emmer,"Long, Parker and Patterson",Wholesaler,Hesse,Cooperative,2024-02-22,1051.6,0.43,452.19,32.1,331.03,89.06,7.02,0.47,-0.04
1576,9212,Potato,Russet,Morales Inc,Exporter,Saxony,Direct,2024-02-20,1586.0,0.7,1110.2,20.65,1050.17,39.38,17.63,0.69,0.01
1577,1242,Potato,Russet,Parsons-West,Wholesaler,Saxony,Online,2025-04-18,1016.9,1.36,1382.98,6.07,1356.58,20.33,23.83,1.24,0.12
1578,3979,Wheat,Emmer,Franklin-Ramos,Wholesaler,Lower Saxony,Cooperative,2025-02-19,1594.0,0.31,494.14,27.48,450.87,15.79,21.82,0.33,-0.02
1579,385,Barley,Hulless,"Williams, Fuller and Moreno",Retailer,Lower Saxony,Cooperative,2024-12-23,470.2,1.34,630.07,25.05,589.91,15.11,18.94,1.25,0.09
1580,1799,Wheat,Durum,Torres LLC,Exporter,Brandenburg,Direct,2024-11-23,1518.0,0.56,850.08,22.64,792.6,34.84,21.02,0.6,-0.04
1581,4425,Barley,Hulled,Perez Ltd,Retailer,Lower Saxony,Online,2024-03-13,1698.8,1.28,2174.46,0.17,2090.61,83.68,23.47,1.19,0.09
1582,14435,Corn,Dent,"Gray, Rivera and Strong",Exporter,Lower Saxony,Direct,2024-10-22,1531.4,0.35,535.99,14.36,453.06,68.57,18.61,0.38,-0.03
1583,9473,Wheat,Emmer,Moreno Group,Retailer,Lower Saxony,Online,2025-03-16,667.7,1.01,674.38,18.51,640.64,15.23,11.96,1.07,-0.06
1584,14764,Potato,Russet,Hernandez Inc,Retailer,Brandenburg,Direct,2025-05-05,1953.0,0.5,976.5,15.39,907.14,53.97,24.6,0.5,0.0
1585,5346,Potato,Red,Pope-Lee,Retailer,Saxony,Cooperative,2024-08-04,320.0,1.42,454.4,20.1,379.69,54.61,6.14,1.48,-0.06
1586,3898,Corn,Sweet,"Herman, Richardson and Jones",Retailer,Bavaria,Cooperative,2025-05-05,1646.1,0.79,1300.42,39.11,1195.46,65.85,18.75,0.82,-0.03
1587,2350,Wheat,Durum,Carter PLC,Wholesaler,Bavaria,Online,2025-05-05,1732.7,0.69,1195.56,15.95,1082.35,97.26,18.76,0.74,-0.05
1588,21,Wheat,Emmer,"Phillips, Dixon and Smith",Retailer,Saxony,Direct,2025-04-25,1689.8,0.49,828.0,30.29,713.14,84.57,5.15,0.53,-0.04
1589,14313,Corn,Dent,Rivera-Oneal,Retailer,Hesse,Online,2025-02-07,1690.4,1.07,1808.73,34.9,1707.92,65.91,17.54,1.01,0.06
1590,1634,Potato,Russet,"Griffin, Brown and Scott",Retailer,Bavaria,Direct,2025-01-05,1880.7,1.16,2181.61,12.59,2142.18,26.84,5.41,1.22,-0.06
1591,86,Corn,Dent,"Nelson, Baker and James",Wholesaler,Hesse,Online,2025-05-05,1435.6,0.75,1076.7,27.47,1007.15,42.08,19.75,0.77,-0.02
1592,14177,Wheat,Durum,Mitchell-Barry,Exporter,Hesse,Cooperative,2025-05-05,1418.0,1.03,1460.54,43.19,1345.37,71.98,24.03,0.98,0.05
1593,5666,Corn,Sweet,Mayer-Cruz,Retailer,Brandenburg,Online,2025-05-04,694.9,1.59,1104.89,22.0,1014.26,68.63,21.62,1.5,0.09
1594,111,Corn,Dent,Peters Group,Exporter,Brandenburg,Online,2025-03-12,934.1,1.25,1167.62,17.25,1060.69,89.68,21.81,1.34,-0.09
1595,14198,Potato,Russet,"Goodman, Mendoza and Mann",Wholesaler,Hesse,Online,2024-10-25,868.4,1.15,998.66,9.1,968.84,20.72,6.29,1.17,-0.02
1596,8251,Corn,Sweet,Reynolds-Cooper,Retailer,Hesse,Online,2025-04-08,1483.8,0.91,1350.26,30.77,1249.66,69.83,13.93,1.0,-0.09
1597,7765,Potato,Red,Moore LLC,Exporter,Hesse,Direct,2025-03-14,948.7,1.02,967.67,40.47,901.49,25.71,5.27,1.0,0.02
1598,5835,Wheat,Durum,Rodriguez-Rivera,Retailer,Saxony,Online,2024-12-20,1366.1,0.39,532.78,31.03,444.45,57.3,17.89,0.43,-0.04
1599,6438,Barley,Hulled,Parker Ltd,Wholesaler,Lower Saxony,Cooperative,2025-03-04,1537.2,0.33,507.28,23.4,463.85,20.03,9.65,0.33,0.0
1600,13791,Barley,Hulless,"Walton, Fuller and Simpson",Exporter,Hesse,Online,2025-04-14,1885.7,0.76,1433.13,49.33,1296.93,86.87,10.95,0.84,-0.08
1601,7411,Wheat,Emmer,Lara-Dunlap,Wholesaler,Bavaria,Direct,2024-11-27,847.2,0.99,838.73,13.64,734.13,90.96,21.53,0.96,0.03
1602,11852,Soybean,Yellow,Parsons Ltd,Exporter,Saxony,Direct,2025-05-05,324.0,1.29,417.96,9.2,350.24,58.52,24.85,1.3,-0.01
1603,13152,Corn,Dent,Diaz and Sons,Wholesaler,Bavaria,Cooperative,2025-05-05,922.0,1.25,1152.5,40.55,1048.58,63.37,15.09,1.38,-0.13
1604,5516,Potato,Red,Dougherty Group,Exporter,Saxony,Direct,2025-05-05,601.2,0.31,186.37,47.82,56.28,82.27,20.62,0.31,0.0
1605,2589,Barley,Hulled,Flowers-Allen,Retailer,Saxony,Cooperative,2024-12-23,417.5,0.63,263.02,35.48,181.01,46.53,20.51,0.67,-0.04
1606,9857,Potato,Red,Rollins Group,Retailer,Lower Saxony,Cooperative,2025-04-06,1309.0,1.3,1701.7,38.8,1565.63,97.27,19.07,1.2,0.1
1607,6144,Corn,Sweet,Bennett-Price,Exporter,Bavaria,Cooperative,2025-01-23,803.9,0.52,418.03,2.94,352.29,62.8,16.7,0.51,0.01
1608,10325,Barley,Hulled,Alexander LLC,Retailer,Bavaria,Online,2024-02-04,1207.7,0.33,398.54,30.85,326.48,41.21,21.02,0.35,-0.02
1609,5588,Soybean,Yellow,"Stewart, Russell and Gardner",Retailer,Saxony,Cooperative,2025-02-15,1839.8,0.34,625.53,5.76,595.04,24.73,9.51,0.36,-0.02
1610,2423,Potato,Russet,Burke-May,Exporter,Lower Saxony,Online,2025-02-27,1976.0,1.19,2351.44,35.02,2305.47,10.95,12.36,1.23,-0.04
1611,9050,Soybean,Black,Martinez-Grant,Wholesaler,Bavaria,Cooperative,2025-03-14,887.8,1.3,1154.14,36.31,1060.66,57.17,10.46,1.41,-0.11
1612,881,Corn,Sweet,Johnson-Morgan,Retailer,Brandenburg,Online,2024-12-03,560.4,0.58,325.03,9.38,245.81,69.84,17.22,0.54,0.04
1613,112,Corn,Sweet,Brooks-Reeves,Retailer,Lower Saxony,Cooperative,2025-03-29,1927.4,0.98,1888.85,47.39,1776.89,64.57,20.79,1.03,-0.05
1614,9976,Corn,Dent,Morales LLC,Wholesaler,Bavaria,Direct,2025-05-05,580.3,0.33,191.5,43.56,95.84,52.1,11.04,0.33,0.0
1615,7485,Soybean,Yellow,Vargas Ltd,Exporter,Brandenburg,Online,2025-04-28,1329.4,1.27,1688.34,11.88,1632.74,43.72,13.26,1.4,-0.13
1616,10626,Soybean,Yellow,Henderson-Livingston,Wholesaler,Brandenburg,Online,2024-09-16,1468.1,0.71,1042.35,49.65,961.52,31.18,22.33,0.77,-0.06
1617,6753,Barley,Hulled,Calderon Group,Exporter,Brandenburg,Cooperative,2025-05-05,1272.8,0.42,534.58,31.13,461.62,41.83,14.63,0.45,-0.03
1618,10576,Wheat,Emmer,"Webster, Jones and Brown",Exporter,Brandenburg,Online,2025-05-05,1574.7,1.23,1936.88,36.01,1846.93,53.94,8.65,1.19,0.04
1619,8482,Corn,Dent,Moore Group,Exporter,Bavaria,Cooperative,2024-10-13,590.8,0.74,437.19,20.78,350.99,65.42,5.53,0.81,-0.07
1620,7417,Barley,Hulless,"Wilson, Hughes and Rowe",Exporter,Lower Saxony,Cooperative,2025-04-12,1702.9,0.54,919.57,27.43,808.59,83.55,13.08,0.5,0.04
1621,9889,Soybean,Yellow,Barnes-Torres,Retailer,Lower Saxony,Online,2025-04-07,881.4,0.93,819.7,27.87,762.33,29.5,11.52,1.0,-0.07
1622,7185,Soybean,Black,Oliver-Hines,Retailer,Saxony,Cooperative,2024-12-22,404.0,0.45,181.8,32.44,79.12,70.24,7.07,0.48,-0.03
1623,5854,Potato,Russet,"Scott, Gill and Taylor",Retailer,Hesse,Cooperative,2024-10-11,319.6,1.44,460.22,13.75,380.55,65.92,13.08,1.41,0.03
1624,8135,Soybean,Yellow,Ford-Weaver,Wholesaler,Hesse,Online,2024-12-01,902.8,0.84,758.35,35.86,649.87,72.62,23.94,0.83,0.01
1625,11238,Soybean,Black,Baker-White,Retailer,Lower Saxony,Online,2025-05-05,1737.7,0.66,1146.88,2.38,1112.85,31.65,23.98,0.63,0.03
1626,9866,Corn,Dent,Simon-Hickman,Wholesaler,Hesse,Cooperative,2024-07-05,895.9,1.58,1415.52,20.31,1329.87,65.34,9.37,1.49,0.09
1627,587,Potato,Russet,Hart and Sons,Exporter,Saxony,Cooperative,2025-01-24,469.6,0.66,309.94,49.09,206.8,54.05,23.58,0.66,0.0
1628,10584,Potato,Russet,Shaw LLC,Exporter,Brandenburg,Online,2025-05-05,1412.5,1.16,1638.5,26.18,1578.73,33.59,20.62,1.24,-0.08
1629,7476,Barley,Hulless,Edwards-Smith,Wholesaler,Lower Saxony,Direct,2025-05-03,985.3,0.94,926.18,32.26,875.55,18.37,14.96,0.93,0.01
1630,9580,Corn,Sweet,"Douglas, Williams and Newton",Retailer,Hesse,Online,2024-08-14,556.9,0.63,350.85,26.15,297.03,27.67,9.61,0.6,0.03
1631,6017,Barley,Hulled,"Wright, Reyes and Romero",Retailer,Bavaria,Direct,2025-01-27,360.5,1.18,425.39,2.97,393.43,28.99,14.22,1.22,-0.04
1632,14240,Corn,Sweet,"Waters, Silva and Mclaughlin",Exporter,Brandenburg,Direct,2024-02-18,1470.2,0.39,573.38,16.31,480.53,76.54,7.0,0.39,0.0
1633,130,Barley,Hulless,"Allen, Smith and Martin",Exporter,Brandenburg,Online,2025-03-10,1284.2,1.23,1579.57,35.43,1525.5,18.64,12.04,1.27,-0.04
1634,8078,Barley,Hulled,Wright-Moreno,Wholesaler,Brandenburg,Direct,2025-05-05,649.1,0.63,408.93,42.19,340.57,26.17,20.78,0.65,-0.02
1635,11822,Potato,Russet,Edwards Inc,Wholesaler,Lower Saxony,Cooperative,2025-02-07,1374.3,0.8,1099.44,42.74,1037.82,18.88,6.86,0.89,-0.09
1636,12803,Barley,Hulless,"Robinson, Avery and Roberts",Retailer,Hesse,Cooperative,2024-11-24,1707.9,0.77,1315.08,10.75,1280.24,24.09,11.19,0.75,0.02
1637,11545,Corn,Dent,Phillips-Adams,Wholesaler,Hesse,Online,2025-04-07,1409.6,0.31,436.98,14.26,366.12,56.6,6.15,0.33,-0.02
1638,5404,Barley,Hulled,Chen Group,Exporter,Brandenburg,Direct,2023-12-26,1458.0,1.34,1953.72,29.43,1878.95,45.34,16.74,1.33,0.01
1639,6595,Soybean,Black,Henry LLC,Wholesaler,Saxony,Direct,2025-01-30,1829.5,1.03,1884.38,12.12,1801.29,70.97,18.32,1.01,0.02
1640,13935,Barley,Hulled,Thompson-White,Retailer,Bavaria,Direct,2025-04-13,695.7,1.45,1008.76,29.04,914.33,65.39,21.6,1.5,-0.05
1641,8570,Potato,Red,"Sampson, Chavez and Lawson",Retailer,Lower Saxony,Direct,2024-10-30,595.6,0.4,238.24,25.24,116.82,96.18,11.98,0.38,0.02
1642,7351,Wheat,Durum,Barrett PLC,Retailer,Lower Saxony,Online,2025-04-09,1078.7,0.61,658.01,9.48,628.08,20.45,23.0,0.56,0.05
1643,1807,Wheat,Emmer,"Nash, Hall and Alexander",Wholesaler,Lower Saxony,Online,2025-03-08,1112.9,0.42,467.42,7.98,403.73,55.71,10.94,0.39,0.03
1644,1900,Soybean,Black,"Gordon, Richards and Porter",Wholesaler,Saxony,Direct,2024-01-26,309.3,1.09,337.14,39.12,216.24,81.78,11.19,1.1,-0.01
1645,4132,Wheat,Emmer,Baker-Griffin,Wholesaler,Saxony,Direct,2024-07-21,548.2,0.46,252.17,17.62,167.68,66.87,13.34,0.44,0.02
1646,7015,Potato,Red,Maldonado-Schultz,Retailer,Bavaria,Cooperative,2025-05-05,1376.8,0.37,509.42,41.24,410.83,57.35,21.03,0.37,0.0
1647,1506,Corn,Sweet,Logan Ltd,Retailer,Saxony,Cooperative,2025-02-07,1179.1,0.4,471.64,43.66,413.53,14.45,19.28,0.42,-0.02
1648,9566,Soybean,Black,"Mooney, Cabrera and Johnson",Exporter,Brandenburg,Cooperative,2025-01-07,1511.1,0.91,1375.1,12.71,1298.17,64.22,15.4,0.84,0.07
1649,10750,Wheat,Emmer,"Campbell, Anderson and Lane",Exporter,Hesse,Cooperative,2024-08-30,1884.6,1.4,2638.44,16.88,2585.8,35.76,13.83,1.38,0.02
1650,323,Potato,Russet,"Sandoval, Cruz and Trujillo",Exporter,Lower Saxony,Direct,2025-04-20,1585.9,0.35,555.06,27.02,502.87,25.17,8.12,0.34,0.01
1651,5450,Soybean,Black,Patton-Lucas,Retailer,Saxony,Cooperative,2024-09-16,1250.2,1.21,1512.74,5.98,1492.98,13.78,18.48,1.17,0.04
1652,9380,Soybean,Yellow,Wyatt PLC,Wholesaler,Bavaria,Online,2025-05-03,1466.4,0.8,1173.12,33.54,1122.77,16.81,11.71,0.82,-0.02
1653,14298,Soybean,Yellow,Peck-Zhang,Wholesaler,Brandenburg,Online,2025-05-04,1084.0,0.63,682.92,32.49,567.54,82.89,9.75,0.64,-0.01
1654,1669,Potato,Red,Henry-Parker,Retailer,Saxony,Online,2025-02-26,273.6,0.63,172.37,12.84,78.86,80.67,19.29,0.67,-0.04
1655,5543,Barley,Hulless,Liu-Brooks,Retailer,Hesse,Cooperative,2025-05-05,1586.3,0.52,824.88,22.19,704.38,98.31,19.77,0.47,0.05
1656,11391,Soybean,Yellow,"Ford, Evans and Dunlap",Wholesaler,Saxony,Direct,2024-03-17,776.3,1.29,1001.43,7.53,938.5,55.4,6.34,1.42,-0.13
1657,2417,Wheat,Emmer,Greer Ltd,Exporter,Saxony,Direct,2025-05-05,647.6,0.62,401.51,43.97,262.9,94.64,23.07,0.58,0.04
1658,6910,Wheat,Durum,Davis LLC,Wholesaler,Bavaria,Direct,2025-03-01,1368.0,1.21,1655.28,21.62,1542.92,90.74,18.61,1.22,-0.01
1659,31,Corn,Dent,Bullock and Sons,Wholesaler,Bavaria,Direct,2025-05-04,1061.8,1.14,1210.45,48.84,1104.28,57.33,18.6,1.15,-0.01
1660,643,Wheat,Emmer,Krueger-Garza,Wholesaler,Brandenburg,Direct,2025-02-19,1815.5,0.78,1416.09,21.34,1342.09,52.66,17.03,0.75,0.03
1661,10705,Corn,Dent,"Carpenter, Harrison and Hernandez",Wholesaler,Bavaria,Cooperative,2025-03-27,1751.3,1.21,2119.07,43.17,1999.22,76.68,23.54,1.33,-0.12
1662,7037,Soybean,Black,"Atkins, Mckinney and Carpenter",Retailer,Brandenburg,Online,2025-01-08,616.0,1.17,720.72,7.3,628.93,84.49,13.53,1.12,0.05
1663,10769,Corn,Sweet,Sanchez-Yoder,Retailer,Brandenburg,Online,2024-07-14,760.7,0.5,380.35,19.73,291.92,68.7,22.04,0.47,0.03
1664,7287,Barley,Hulless,Kim and Sons,Retailer,Brandenburg,Direct,2025-05-02,438.7,1.08,473.8,10.45,389.99,73.36,13.39,1.17,-0.09
1665,4420,Wheat,Durum,Andrews Ltd,Exporter,Saxony,Cooperative,2025-05-05,335.6,0.41,137.6,5.98,116.98,14.64,21.37,0.4,0.01
1666,13431,Soybean,Yellow,"Lyons, Snyder and Peterson",Wholesaler,Lower Saxony,Cooperative,2025-04-26,894.3,1.14,1019.5,0.83,952.78,65.89,14.97,1.18,-0.04
1667,9241,Corn,Sweet,Marshall Ltd,Exporter,Lower Saxony,Online,2025-04-17,1372.1,0.32,439.07,23.58,344.66,70.83,14.36,0.33,-0.01
1668,1838,Soybean,Black,Bautista and Sons,Wholesaler,Brandenburg,Direct,2025-05-05,1153.8,0.54,623.05,30.69,549.68,42.68,17.47,0.57,-0.03
1669,4118,Corn,Sweet,Booker Ltd,Exporter,Lower Saxony,Online,2025-03-07,1232.1,1.35,1663.34,38.44,1592.44,32.46,24.81,1.3,0.05
1670,9921,Corn,Dent,"Thompson, Acosta and Walker",Retailer,Bavaria,Online,2025-04-16,1370.1,0.62,849.46,5.55,749.0,94.91,10.12,0.6,0.02
1671,3949,Wheat,Durum,Collins-Simmons,Retailer,Lower Saxony,Online,2024-07-10,462.7,0.98,453.45,29.07,403.15,21.23,20.8,1.07,-0.09
1672,12954,Wheat,Durum,Williams-Phillips,Exporter,Lower Saxony,Online,2025-04-08,1576.4,0.66,1040.42,21.43,932.35,86.64,11.5,0.61,0.05
1673,11473,Corn,Dent,"Robinson, Jackson and White",Retailer,Bavaria,Direct,2025-05-05,1523.3,1.34,2041.22,23.82,1946.56,70.84,8.04,1.44,-0.1
1674,11441,Corn,Sweet,"Love, Knox and Walton",Wholesaler,Saxony,Direct,2025-05-05,1605.3,0.53,850.81,23.34,792.97,34.5,22.32,0.54,-0.01
1675,7226,Potato,Red,"Phillips, Vaughn and Brown",Exporter,Brandenburg,Online,2024-12-31,1115.9,0.55,613.75,49.37,471.57,92.81,13.1,0.54,0.01
1676,7666,Barley,Hulled,Johnson Ltd,Retailer,Brandenburg,Cooperative,2025-05-05,948.0,1.37,1298.76,5.28,1215.96,77.52,21.57,1.41,-0.04
1677,8866,Barley,Hulless,"Martin, Carlson and Barber",Exporter,Brandenburg,Online,2024-12-29,1238.1,0.96,1188.58,34.21,1064.83,89.54,24.8,0.98,-0.02
1678,10804,Wheat,Emmer,Haynes-Jones,Retailer,Saxony,Direct,2024-12-25,359.3,0.57,204.8,31.31,102.94,70.55,6.13,0.63,-0.06
1679,1744,Barley,Hulless,Carpenter Inc,Retailer,Brandenburg,Direct,2024-07-14,1482.5,1.05,1556.62,10.8,1493.52,52.3,15.14,0.98,0.07
1680,14568,Corn,Dent,Nguyen PLC,Exporter,Brandenburg,Online,2024-06-23,257.3,1.02,262.45,26.78,193.57,42.1,12.65,0.94,0.08
1681,14821,Wheat,Emmer,Sullivan PLC,Exporter,Brandenburg,Cooperative,2025-05-05,1421.3,1.05,1492.36,8.42,1448.37,35.57,23.76,1.12,-0.07
1682,14826,Soybean,Yellow,Fischer-Harrison,Wholesaler,Saxony,Direct,2024-07-25,760.6,1.41,1072.45,33.74,1023.51,15.2,23.99,1.45,-0.04
1683,12341,Soybean,Black,Ramirez Inc,Exporter,Hesse,Online,2025-03-21,1337.8,0.39,521.74,45.0,384.4,92.34,13.91,0.42,-0.03
1684,587,Potato,Russet,Baker PLC,Exporter,Bavaria,Direct,2025-03-21,1201.4,0.7,840.98,13.17,814.34,13.47,9.59,0.66,0.04
1685,11396,Soybean,Yellow,"Hubbard, Webb and Blackburn",Exporter,Bavaria,Direct,2025-04-27,840.8,0.71,596.97,43.03,532.61,21.33,15.7,0.7,0.01
1686,6399,Barley,Hulless,Kramer Inc,Retailer,Saxony,Online,2025-04-10,659.2,0.35,230.72,29.47,136.74,64.51,21.56,0.36,-0.01
1687,8214,Corn,Dent,"Figueroa, Bowers and Jones",Wholesaler,Saxony,Online,2025-05-05,1409.7,0.49,690.75,39.55,639.66,11.54,20.51,0.51,-0.02
1688,2902,Corn,Sweet,Barrett-Silva,Wholesaler,Lower Saxony,Direct,2025-05-05,1526.0,0.43,656.18,14.8,619.94,21.44,9.7,0.43,0.0
1689,1175,Wheat,Durum,Roberts-Hall,Exporter,Lower Saxony,Direct,2025-03-07,435.0,0.61,265.35,5.5,227.11,32.74,9.4,0.67,-0.06
1690,11671,Corn,Dent,Torres-Jones,Exporter,Lower Saxony,Online,2024-12-23,582.3,0.99,576.48,12.44,494.03,70.01,22.17,0.94,0.05
1691,4844,Wheat,Emmer,Hernandez-Vargas,Retailer,Bavaria,Cooperative,2025-02-04,1944.3,1.39,2702.58,1.64,2683.06,17.88,11.38,1.28,0.11
1692,6442,Corn,Dent,"Browning, Miller and Merritt",Retailer,Lower Saxony,Direct,2024-08-30,1197.9,1.14,1365.61,31.93,1281.41,52.27,8.43,1.04,0.1
1693,3687,Potato,Russet,Simpson and Sons,Exporter,Saxony,Direct,2024-06-01,809.8,1.28,1036.54,13.48,989.78,33.28,17.67,1.25,0.03
1694,3993,Potato,Red,Velasquez Ltd,Retailer,Saxony,Direct,2025-03-14,1378.2,0.46,633.97,12.83,607.75,13.39,8.7,0.44,0.02
1695,9834,Corn,Sweet,Martin PLC,Retailer,Lower Saxony,Cooperative,2025-04-15,1575.2,0.64,1008.13,38.53,936.1,33.5,23.49,0.66,-0.02
1696,3218,Wheat,Durum,Roberts-Scott,Exporter,Hesse,Online,2025-03-02,1365.4,1.47,2007.14,39.85,1945.6,21.69,10.47,1.46,0.01
1697,6712,Wheat,Durum,Burns PLC,Retailer,Lower Saxony,Direct,2024-06-04,1424.7,1.58,2251.03,45.17,2189.75,16.11,19.06,1.46,0.12
1698,605,Wheat,Durum,Mendez PLC,Retailer,Hesse,Direct,2025-04-19,298.5,1.2,358.2,31.89,301.53,24.78,20.23,1.33,-0.13
1699,6960,Barley,Hulled,"Diaz, Rios and Aguirre",Wholesaler,Bavaria,Cooperative,2024-02-06,456.6,0.42,191.77,46.63,60.8,84.34,8.17,0.42,0.0
1700,5824,Potato,Russet,Rasmussen and Sons,Wholesaler,Brandenburg,Online,2025-02-03,1412.2,0.96,1355.71,10.02,1282.2,63.49,15.68,0.96,0.0
1701,10726,Corn,Dent,Decker-Graves,Wholesaler,Saxony,Direct,2024-08-22,1536.9,0.65,998.99,8.3,955.69,35.0,12.07,0.62,0.03
1702,1070,Potato,Russet,Farmer PLC,Wholesaler,Hesse,Online,2024-09-24,998.2,0.82,818.52,17.6,718.77,82.15,22.95,0.76,0.06
1703,13785,Corn,Sweet,Johnson PLC,Wholesaler,Brandenburg,Online,2025-02-13,1824.6,0.42,766.33,24.17,689.24,52.92,7.4,0.43,-0.01
1704,14565,Wheat,Durum,Mcmahon Group,Exporter,Saxony,Direct,2025-05-05,1648.0,1.06,1746.88,42.46,1664.5,39.92,9.02,0.97,0.09
1705,10756,Wheat,Emmer,Huerta-Martin,Exporter,Bavaria,Cooperative,2025-05-05,992.2,0.74,734.23,13.04,665.58,55.61,5.19,0.78,-0.04
1706,11707,Wheat,Emmer,Johnson-Huff,Wholesaler,Saxony,Cooperative,2025-03-05,1425.4,0.48,684.19,15.98,657.3,10.91,13.16,0.49,-0.01
1707,10355,Soybean,Black,"Gould, Ramos and Rogers",Retailer,Brandenburg,Direct,2025-05-05,477.2,1.33,634.68,15.11,525.21,94.36,19.49,1.42,-0.09
1708,7365,Barley,Hulled,Chapman-Medina,Exporter,Bavaria,Cooperative,2024-11-17,1712.6,1.13,1935.24,47.57,1845.6,42.07,14.95,1.16,-0.03
1709,8817,Corn,Dent,Matthews Group,Retailer,Saxony,Online,2024-04-24,201.0,0.52,104.52,34.7,-8.78,78.6,9.81,0.54,-0.02
1710,316,Barley,Hulless,Carpenter-Taylor,Exporter,Hesse,Online,2024-11-17,496.9,1.16,576.4,19.48,545.03,11.89,21.13,1.09,0.07
1711,1889,Barley,Hulled,"Shaw, Edwards and Jones",Exporter,Saxony,Direct,2025-05-05,639.2,1.45,926.84,37.27,832.71,56.86,18.33,1.36,0.09
1712,7259,Potato,Russet,"Contreras, Morgan and Davidson",Retailer,Hesse,Online,2025-03-02,420.6,0.61,256.57,28.17,163.92,64.48,23.24,0.67,-0.06
1713,6930,Corn,Dent,"Parker, Hayes and Fischer",Exporter,Hesse,Online,2025-02-13,1201.2,0.74,888.89,34.54,774.11,80.24,21.39,0.7,0.04
1714,5898,Barley,Hulled,Nguyen Inc,Wholesaler,Bavaria,Direct,2024-11-25,334.4,0.86,287.58,37.13,192.84,57.61,12.97,0.87,-0.01
1715,1933,Potato,Red,Murphy LLC,Wholesaler,Saxony,Online,2024-09-28,1795.8,1.41,2532.08,19.4,2457.98,54.7,21.96,1.41,0.0
1716,2829,Corn,Sweet,"Jackson, Bishop and Torres",Exporter,Lower Saxony,Online,2025-04-23,440.5,0.74,325.97,17.81,265.99,42.17,6.94,0.69,0.05
1717,4055,Soybean,Black,"Summers, Coleman and Morris",Exporter,Bavaria,Online,2025-04-01,359.5,1.29,463.76,35.59,362.59,65.58,10.83,1.26,0.03
1718,2411,Potato,Russet,"Smith, Wang and Jones",Wholesaler,Hesse,Direct,2025-02-20,1143.6,0.59,674.72,45.64,593.69,35.39,11.14,0.57,0.02
1719,11060,Barley,Hulled,Davis-Hayes,Retailer,Lower Saxony,Online,2025-01-27,1400.3,0.44,616.13,16.09,544.29,55.75,16.02,0.47,-0.03
1720,9208,Barley,Hulled,"Sanders, Harvey and Hunt",Exporter,Brandenburg,Online,2025-04-15,1847.5,0.8,1478.0,32.57,1362.17,83.26,17.17,0.79,0.01
1721,1677,Potato,Red,Esparza-Jones,Wholesaler,Brandenburg,Direct,2024-10-22,654.3,1.01,660.84,29.91,533.31,97.62,17.55,1.03,-0.02
1722,13329,Corn,Sweet,Chambers-Fowler,Wholesaler,Saxony,Online,2024-12-28,615.2,0.53,326.06,35.62,191.76,98.68,7.53,0.57,-0.04
1723,396,Corn,Dent,Valdez-Holloway,Exporter,Lower Saxony,Cooperative,2025-03-20,1637.7,1.12,1834.22,0.85,1800.1,33.27,6.51,1.14,-0.02
1724,8133,Potato,Red,"Adams, Hunt and Miller",Retailer,Lower Saxony,Cooperative,2024-08-25,1466.7,0.92,1349.36,10.91,1277.39,61.06,16.08,0.86,0.06
1725,11231,Wheat,Durum,"Morrison, Obrien and Tucker",Exporter,Saxony,Direct,2025-03-09,300.7,0.56,168.39,1.48,80.21,86.7,10.33,0.58,-0.02
1726,5992,Wheat,Durum,Lee PLC,Exporter,Hesse,Direct,2025-05-05,346.4,1.08,374.11,47.26,302.54,24.31,15.5,1.04,0.04
1727,5564,Wheat,Emmer,"Graves, Carter and Snyder",Retailer,Saxony,Direct,2024-12-18,831.2,0.84,698.21,9.89,599.58,88.74,19.1,0.77,0.07
1728,9861,Soybean,Yellow,Odonnell-Dixon,Retailer,Hesse,Cooperative,2025-05-05,369.8,0.9,332.82,31.61,289.42,11.79,6.87,0.92,-0.02
1729,9535,Barley,Hulled,Cisneros-Mckinney,Retailer,Hesse,Direct,2025-01-23,351.0,0.69,242.19,42.54,147.61,52.04,15.46,0.74,-0.05
1730,9665,Corn,Dent,Thompson LLC,Exporter,Hesse,Cooperative,2024-10-13,1936.1,0.54,1045.49,6.59,998.79,40.11,8.34,0.56,-0.02
1731,8421,Soybean,Yellow,"Schultz, Harvey and White",Exporter,Brandenburg,Cooperative,2025-05-03,607.1,1.35,819.58,45.59,703.63,70.36,19.28,1.41,-0.06
1732,5778,Potato,Red,"Raymond, Young and Campbell",Retailer,Hesse,Cooperative,2025-03-27,1829.3,1.32,2414.68,15.73,2321.37,77.58,7.91,1.23,0.09
1733,7484,Soybean,Black,"Martinez, Sanchez and Gallegos",Wholesaler,Brandenburg,Online,2023-11-01,884.8,0.69,610.51,44.26,519.25,47.0,13.65,0.73,-0.04
1734,14700,Wheat,Durum,Duarte LLC,Wholesaler,Brandenburg,Cooperative,2025-04-07,227.3,1.29,293.22,20.11,209.32,63.79,24.39,1.25,0.04
1735,8837,Barley,Hulless,"Humphrey, Brown and Moore",Exporter,Hesse,Cooperative,2025-05-05,1491.0,1.27,1893.57,38.96,1788.7,65.91,19.95,1.32,-0.05
1736,12226,Soybean,Black,Lee-Patton,Wholesaler,Saxony,Online,2024-03-13,703.0,0.32,224.96,44.69,143.18,37.09,5.08,0.31,0.01
1737,12530,Potato,Red,"Mckinney, Jones and Barnes",Retailer,Saxony,Direct,2025-01-18,1150.8,1.57,1806.76,15.37,1758.43,32.96,7.78,1.47,0.1
1738,7497,Corn,Dent,Burns LLC,Exporter,Bavaria,Online,2025-04-13,1469.6,0.49,720.1,33.63,672.95,13.52,13.01,0.49,0.0
1739,3487,Wheat,Durum,Sanchez Ltd,Wholesaler,Brandenburg,Cooperative,2025-04-02,1177.8,0.29,341.56,35.7,294.88,10.98,12.43,0.31,-0.02
1740,6767,Barley,Hulled,Garcia Group,Wholesaler,Hesse,Direct,2025-05-01,1605.2,0.51,818.65,17.0,722.59,79.06,22.93,0.47,0.04
1741,10136,Barley,Hulled,"Holmes, Bean and Gutierrez",Exporter,Bavaria,Online,2024-10-13,450.6,0.45,202.77,11.35,134.68,56.74,21.32,0.43,0.02
1742,2525,Soybean,Yellow,Walker-Scott,Retailer,Lower Saxony,Online,2025-05-05,759.8,0.49,372.3,7.26,323.21,41.83,11.05,0.54,-0.05
1743,3573,Wheat,Durum,"Wilkinson, Mclaughlin and Mendez",Retailer,Hesse,Direct,2024-12-26,889.2,0.88,782.5,44.39,666.93,71.18,8.98,0.84,0.04
1744,10821,Soybean,Yellow,"Blackburn, Weiss and Baker",Retailer,Bavaria,Direct,2024-08-05,878.8,0.38,333.94,44.13,255.79,34.02,16.59,0.36,0.02
1745,6390,Potato,Red,Harris-Tucker,Exporter,Hesse,Direct,2024-10-25,864.0,1.21,1045.44,37.78,953.64,54.02,6.93,1.24,-0.03
1746,11042,Corn,Sweet,"Martinez, Jones and Clark",Exporter,Bavaria,Direct,2025-05-05,845.7,1.25,1057.12,34.27,992.64,30.21,8.07,1.36,-0.11
1747,13107,Soybean,Yellow,"Guzman, Gregory and Wiley",Retailer,Lower Saxony,Direct,2025-05-05,633.2,1.11,702.85,22.08,594.84,85.93,10.6,1.03,0.08
1748,10719,Potato,Russet,Wright and Sons,Wholesaler,Hesse,Direct,2024-11-27,888.5,1.39,1235.01,23.75,1170.6,40.66,11.34,1.44,-0.05
1749,11173,Wheat,Durum,Lewis-Bradford,Wholesaler,Hesse,Cooperative,2024-09-12,1252.4,0.72,901.73,9.74,858.33,33.66,14.18,0.67,0.05
1750,13710,Barley,Hulled,Sanders-Rasmussen,Wholesaler,Lower Saxony,Direct,2025-05-05,1565.9,0.45,704.66,16.88,595.47,92.31,9.37,0.48,-0.03
1751,6870,Barley,Hulled,Ramos-Cabrera,Wholesaler,Lower Saxony,Direct,2024-12-16,1637.0,0.32,523.84,19.07,433.3,71.47,7.87,0.34,-0.02
1752,9046,Wheat,Durum,Miller Ltd,Wholesaler,Bavaria,Direct,2024-09-08,962.9,0.54,519.97,25.05,477.03,17.89,12.99,0.51,0.03
1753,7731,Potato,Red,Kim-Hatfield,Wholesaler,Bavaria,Direct,2025-04-29,320.0,0.42,134.4,44.65,70.34,19.41,18.75,0.4,0.02
1754,2404,Soybean,Yellow,Perkins and Sons,Wholesaler,Brandenburg,Direct,2024-11-20,1293.7,0.39,504.54,18.68,457.66,28.2,13.99,0.39,0.0
1755,11551,Soybean,Black,Jackson LLC,Retailer,Brandenburg,Online,2024-12-31,1770.5,0.95,1681.98,44.1,1601.71,36.17,22.15,1.01,-0.06
1756,8807,Corn,Sweet,Walker-Stokes,Exporter,Lower Saxony,Direct,2024-03-27,1117.5,0.49,547.58,25.79,424.06,97.73,23.97,0.5,-0.01
1757,2219,Wheat,Durum,Knapp-Thompson,Wholesaler,Lower Saxony,Online,2024-11-18,960.8,1.22,1172.18,13.05,1114.22,44.91,15.71,1.25,-0.03
1758,13290,Corn,Sweet,Nelson-Murphy,Exporter,Hesse,Online,2025-04-27,1857.3,0.68,1262.96,25.17,1195.03,42.76,5.42,0.71,-0.03
1759,8367,Barley,Hulled,Estrada and Sons,Exporter,Brandenburg,Cooperative,2025-02-08,1402.0,1.19,1668.38,6.66,1594.8,66.92,21.66,1.19,0.0
1760,1011,Corn,Sweet,"Soto, Saunders and Hall",Wholesaler,Bavaria,Cooperative,2024-10-18,1271.7,1.29,1640.49,43.57,1509.72,87.2,10.7,1.37,-0.08
1761,14308,Barley,Hulled,Wright LLC,Retailer,Hesse,Cooperative,2025-03-03,1148.9,0.78,896.14,30.5,807.9,57.74,13.34,0.72,0.06
1762,2214,Soybean,Yellow,Lewis PLC,Retailer,Lower Saxony,Direct,2025-01-05,487.2,1.33,647.98,8.2,581.51,58.27,10.59,1.26,0.07
1763,7848,Barley,Hulled,Haynes Inc,Retailer,Hesse,Direct,2025-04-29,1324.4,0.37,490.03,35.43,428.55,26.05,11.59,0.38,-0.01
1764,6131,Soybean,Yellow,"Harris, Johnson and Bullock",Retailer,Lower Saxony,Cooperative,2024-11-15,351.0,0.78,273.78,32.25,195.32,46.21,11.23,0.77,0.01
1765,5277,Corn,Dent,Riley-Simpson,Retailer,Brandenburg,Direct,2024-02-08,1113.0,1.44,1602.72,37.72,1526.24,38.76,19.65,1.35,0.09
1766,6594,Wheat,Durum,Moody-Clements,Retailer,Saxony,Online,2025-02-14,1027.9,0.3,308.37,47.58,207.67,53.12,7.93,0.31,-0.01
1767,13821,Corn,Dent,Park and Sons,Exporter,Hesse,Online,2024-05-22,1489.4,0.48,714.91,10.01,616.57,88.33,12.92,0.48,0.0
1768,1179,Barley,Hulless,Fuentes-Steele,Wholesaler,Brandenburg,Online,2024-05-19,232.7,0.58,134.97,31.86,80.09,23.02,17.76,0.62,-0.04
1769,2398,Soybean,Black,Garcia PLC,Exporter,Brandenburg,Cooperative,2025-05-05,572.6,1.11,635.59,29.25,509.83,96.51,6.67,1.09,0.02
1770,5950,Potato,Red,Jones and Sons,Wholesaler,Hesse,Online,2024-08-23,1726.7,0.58,1001.49,24.55,882.5,94.44,20.67,0.61,-0.03
1771,4143,Potato,Russet,Gomez-Murphy,Retailer,Saxony,Cooperative,2024-07-16,501.0,0.98,490.98,1.17,395.15,94.66,18.34,0.92,0.06
1772,8748,Barley,Hulless,Jordan-Taylor,Exporter,Hesse,Online,2025-05-05,1547.5,1.29,1996.28,12.76,1884.02,99.5,9.31,1.35,-0.06
1773,2408,Soybean,Black,Martinez and Sons,Retailer,Brandenburg,Cooperative,2025-01-18,782.3,0.58,453.73,44.26,321.65,87.82,11.4,0.61,-0.03
1774,12240,Potato,Red,Carter-Davis,Exporter,Hesse,Direct,2025-05-05,1550.5,1.33,2062.16,30.34,2002.44,29.38,19.09,1.39,-0.06
1775,5287,Wheat,Emmer,Lopez Inc,Retailer,Hesse,Cooperative,2024-11-17,1662.1,1.09,1811.69,33.54,1732.84,45.31,22.23,1.15,-0.06
1776,8994,Corn,Sweet,"Francis, Allen and Hernandez",Exporter,Saxony,Online,2024-08-25,1402.1,1.12,1570.35,16.52,1491.63,62.2,20.43,1.2,-0.08
1777,3969,Potato,Russet,"Simon, Arnold and Thomas",Wholesaler,Hesse,Online,2024-06-12,1752.3,0.79,1384.32,11.85,1351.64,20.83,9.64,0.76,0.03
1778,6173,Corn,Dent,Carrillo Ltd,Exporter,Saxony,Direct,2024-04-07,382.9,0.53,202.94,13.86,125.29,63.79,5.38,0.58,-0.05
1779,7836,Soybean,Yellow,Miller-Reid,Wholesaler,Saxony,Cooperative,2024-11-27,1551.2,0.76,1178.91,46.05,1085.24,47.62,10.12,0.83,-0.07
1780,8889,Potato,Russet,Williams Group,Exporter,Hesse,Online,2024-05-21,1914.9,0.36,689.36,49.68,593.18,46.5,22.68,0.34,0.02
1781,2888,Soybean,Black,"Brewer, Barry and Gill",Exporter,Hesse,Cooperative,2025-04-01,509.8,0.35,178.43,47.46,80.19,50.78,12.3,0.36,-0.01
1782,6891,Soybean,Yellow,Pope Group,Wholesaler,Saxony,Direct,2024-11-30,983.8,0.61,600.12,21.92,552.98,25.22,10.63,0.64,-0.03
1783,12744,Soybean,Black,Reeves-Ryan,Retailer,Lower Saxony,Online,2024-06-14,1583.8,1.08,1710.5,47.03,1618.61,44.86,12.56,1.08,0.0
1784,10583,Barley,Hulless,Clark-Harris,Wholesaler,Saxony,Online,2025-04-18,898.9,0.65,584.28,9.26,520.65,54.37,5.94,0.63,0.02
1785,9716,Corn,Sweet,Bryan-Gould,Retailer,Brandenburg,Direct,2025-05-05,1295.6,0.72,932.83,1.13,860.79,70.91,12.62,0.72,0.0
1786,5740,Barley,Hulled,"Washington, Silva and Mcdonald",Wholesaler,Lower Saxony,Direct,2025-03-01,1589.1,0.93,1477.86,40.75,1373.51,63.6,12.63,1.01,-0.08
1787,10267,Soybean,Black,Moore Inc,Wholesaler,Lower Saxony,Cooperative,2025-05-05,897.4,1.31,1175.59,15.88,1094.61,65.1,23.48,1.29,0.02
1788,9332,Corn,Sweet,Martinez LLC,Retailer,Bavaria,Online,2024-10-03,1996.5,1.41,2815.06,37.59,2696.72,80.75,11.52,1.43,-0.02
1789,12361,Barley,Hulless,Duncan Inc,Retailer,Hesse,Direct,2025-01-07,1930.4,0.96,1853.18,43.68,1743.97,65.53,10.12,0.97,-0.01
1790,9623,Wheat,Emmer,Russo PLC,Exporter,Brandenburg,Direct,2025-03-21,456.0,0.42,191.52,39.26,140.69,11.57,20.49,0.38,0.04
1791,12291,Corn,Dent,Schroeder-Austin,Retailer,Brandenburg,Direct,2025-03-05,977.3,0.46,449.56,33.92,329.16,86.48,6.55,0.45,0.01
1792,3340,Potato,Red,"Dunlap, Campbell and Hamilton",Retailer,Hesse,Online,2023-09-27,1362.0,1.07,1457.34,3.64,1418.01,35.69,8.1,1.14,-0.07
1793,7617,Wheat,Durum,Warren Group,Retailer,Bavaria,Direct,2023-12-08,355.1,1.24,440.32,29.39,381.49,29.44,18.79,1.33,-0.09
1794,5512,Potato,Red,Ferguson-Moore,Wholesaler,Brandenburg,Online,2025-03-08,221.1,1.0,221.1,40.4,136.75,43.95,11.35,1.1,-0.1
1795,5978,Corn,Sweet,"Fisher, Davis and Henderson",Retailer,Lower Saxony,Online,2025-02-05,971.4,0.77,747.98,19.36,716.1,12.52,19.42,0.72,0.05
1796,12900,Corn,Dent,"Gamble, Riggs and Hill",Retailer,Brandenburg,Online,2025-03-07,1090.5,1.18,1286.79,41.97,1219.97,24.85,6.95,1.1,0.08
1797,11823,Barley,Hulled,"Franco, Martin and Crane",Wholesaler,Bavaria,Cooperative,2025-05-05,1555.8,0.41,637.88,9.76,587.53,40.59,8.39,0.41,0.0
1798,7059,Barley,Hulless,Miller Group,Retailer,Hesse,Cooperative,2025-05-03,705.8,1.02,719.92,42.97,647.93,29.02,19.65,0.94,0.08
1799,10132,Barley,Hulless,"Mckenzie, Johnson and Heath",Retailer,Saxony,Cooperative,2025-01-04,1195.2,0.78,932.26,43.58,789.56,99.12,10.81,0.71,0.07
1800,5348,Soybean,Yellow,"Taylor, Dorsey and Perkins",Exporter,Hesse,Online,2025-05-05,218.9,1.63,356.81,17.5,304.94,34.37,9.07,1.49,0.14
1801,12374,Barley,Hulled,Hampton-Li,Wholesaler,Brandenburg,Direct,2025-04-06,235.7,1.26,296.98,49.43,174.86,72.69,19.91,1.23,0.03
1802,7228,Soybean,Yellow,Vargas-Patel,Retailer,Bavaria,Direct,2025-05-05,663.1,0.54,358.07,4.85,342.35,10.87,20.37,0.54,0.0
1803,8505,Wheat,Emmer,Horn Ltd,Wholesaler,Lower Saxony,Online,2024-08-29,744.2,0.67,498.61,34.59,443.85,20.17,17.81,0.63,0.04
1804,2136,Barley,Hulless,Carr-Smith,Retailer,Brandenburg,Online,2024-09-27,1921.5,0.88,1690.92,23.48,1640.63,26.81,13.95,0.96,-0.08
1805,14679,Soybean,Yellow,"Burke, Evans and Castro",Wholesaler,Brandenburg,Cooperative,2024-08-26,1320.0,0.88,1161.6,28.71,1101.29,31.6,16.79,0.82,0.06
1806,294,Barley,Hulled,"Hernandez, Peters and Lee",Exporter,Hesse,Cooperative,2024-05-26,444.6,0.62,275.65,28.15,168.13,79.37,20.04,0.58,0.04
1807,7729,Wheat,Emmer,Gutierrez Inc,Retailer,Bavaria,Direct,2025-05-05,797.3,1.36,1084.33,3.78,1061.2,19.35,11.57,1.26,0.1
1808,8918,Potato,Russet,"Smith, Martinez and Knight",Exporter,Saxony,Cooperative,2025-03-06,1180.1,0.8,944.08,25.95,889.44,28.69,23.11,0.75,0.05
1809,4405,Potato,Russet,"Moore, Martin and Hansen",Exporter,Brandenburg,Online,2025-04-26,895.0,1.11,993.45,47.61,861.3,84.54,20.05,1.11,0.0
1810,6938,Wheat,Durum,Hall-Weeks,Exporter,Hesse,Cooperative,2023-10-09,1613.9,0.63,1016.76,21.26,964.31,31.19,5.15,0.65,-0.02
1811,3700,Corn,Sweet,"Hernandez, Mitchell and Olsen",Wholesaler,Saxony,Online,2025-03-18,689.5,0.52,358.54,39.86,240.71,77.97,18.84,0.52,0.0
1812,2137,Potato,Russet,Jackson Group,Wholesaler,Saxony,Online,2023-11-26,1559.3,1.2,1871.16,5.0,1772.72,93.44,18.39,1.16,0.04
1813,8961,Potato,Russet,"Haas, Archer and Davies",Exporter,Brandenburg,Cooperative,2025-01-16,989.2,0.81,801.25,24.39,724.82,52.04,11.44,0.83,-0.02
1814,1688,Potato,Red,"Robertson, Beasley and Perez",Exporter,Lower Saxony,Direct,2024-11-12,1460.4,0.6,876.24,28.36,753.34,94.54,20.99,0.66,-0.06
1815,1531,Barley,Hulled,Franklin LLC,Wholesaler,Bavaria,Online,2025-02-10,832.8,1.38,1149.26,16.58,1096.56,36.12,14.19,1.32,0.06
1816,147,Wheat,Emmer,Martin and Sons,Retailer,Brandenburg,Cooperative,2025-05-05,898.1,0.57,511.92,32.83,405.15,73.94,20.74,0.57,0.0
1817,987,Soybean,Black,Hanson Group,Wholesaler,Lower Saxony,Cooperative,2024-10-15,501.9,0.91,456.73,30.69,326.81,99.23,21.33,0.97,-0.06
1818,6885,Barley,Hulled,Mcpherson-Carroll,Exporter,Brandenburg,Cooperative,2025-04-28,271.2,1.43,387.82,6.26,347.2,34.36,17.28,1.36,0.07
1819,3362,Potato,Russet,Williams-Walker,Wholesaler,Saxony,Cooperative,2025-04-01,1612.4,0.98,1580.15,38.5,1483.75,57.9,18.84,0.96,0.02
1820,2390,Corn,Sweet,Dean-Harrison,Wholesaler,Brandenburg,Online,2025-01-19,1710.1,1.09,1864.01,46.81,1740.7,76.5,20.49,1.2,-0.11
1821,5522,Potato,Russet,"Cohen, Lynch and Randall",Exporter,Lower Saxony,Cooperative,2025-03-13,1401.3,1.1,1541.43,32.42,1432.46,76.55,15.98,1.21,-0.11
1822,11802,Soybean,Black,Johnson-Smith,Exporter,Brandenburg,Direct,2025-04-29,1963.0,1.09,2139.67,49.66,2016.41,73.6,10.31,0.99,0.1
1823,10505,Soybean,Yellow,Miller LLC,Exporter,Bavaria,Direct,2025-01-10,1331.6,1.28,1704.45,3.34,1628.19,72.92,14.07,1.22,0.06
1824,12324,Barley,Hulled,"Romero, Waller and Frye",Retailer,Bavaria,Direct,2024-03-13,691.8,1.04,719.47,14.59,661.77,43.11,20.93,1.04,0.0
1825,5153,Soybean,Yellow,Alvarez-Jones,Exporter,Hesse,Online,2025-03-02,1150.4,0.75,862.8,6.2,772.42,84.18,23.32,0.78,-0.03
1826,4095,Corn,Dent,"Sweeney, Watson and Holmes",Retailer,Hesse,Online,2024-12-01,1779.1,1.01,1796.89,48.02,1724.3,24.57,11.28,0.96,0.05
1827,8683,Corn,Dent,Berry and Sons,Exporter,Lower Saxony,Direct,2025-01-12,1303.2,1.04,1355.33,40.05,1216.66,98.62,17.17,1.15,-0.11
1828,11010,Wheat,Durum,"Stevens, Sloan and Lee",Exporter,Lower Saxony,Online,2025-04-08,1527.2,0.33,503.98,34.9,383.74,85.34,14.19,0.31,0.02
1829,9076,Wheat,Durum,"Ellis, Marshall and Peters",Retailer,Hesse,Cooperative,2024-07-12,795.9,0.95,756.1,22.41,643.71,89.98,21.58,0.9,0.05
1830,3177,Potato,Russet,"Garcia, Scott and Jimenez",Exporter,Brandenburg,Online,2025-03-02,567.1,1.07,606.8,34.42,509.16,63.22,11.44,1.07,0.0
1831,1535,Barley,Hulless,"Khan, Mason and Mercer",Retailer,Lower Saxony,Online,2025-04-26,1003.7,1.21,1214.48,29.19,1119.58,65.71,13.47,1.21,0.0
1832,11576,Barley,Hulless,Jones and Sons,Exporter,Saxony,Cooperative,2025-05-05,240.8,0.71,170.97,47.56,94.93,28.48,18.38,0.65,0.06
1833,13580,Soybean,Yellow,Wilson-Myers,Retailer,Brandenburg,Cooperative,2024-08-03,1400.4,1.2,1680.48,33.98,1562.01,84.49,12.97,1.17,0.03
1834,6816,Potato,Red,Ramirez-Mcneil,Exporter,Bavaria,Direct,2023-10-31,446.7,0.79,352.89,22.75,272.32,57.82,8.71,0.77,0.02
1835,9963,Potato,Russet,Phillips-Gutierrez,Exporter,Hesse,Cooperative,2025-02-10,1197.6,0.5,598.8,22.09,540.37,36.34,6.99,0.54,-0.04
1836,10045,Wheat,Emmer,Dudley-Lee,Retailer,Brandenburg,Online,2024-12-16,1544.3,0.95,1467.08,2.15,1420.69,44.24,7.38,0.99,-0.04
1837,5636,Corn,Dent,Barry-Young,Retailer,Hesse,Online,2024-08-23,1982.2,0.73,1447.01,9.72,1385.37,51.92,15.95,0.67,0.06
1838,10137,Barley,Hulless,"Strickland, Gaines and Fields",Exporter,Lower Saxony,Cooperative,2024-07-07,850.2,1.47,1249.79,18.0,1180.31,51.48,6.71,1.48,-0.01
1839,2648,Potato,Russet,Mcguire-Jones,Wholesaler,Hesse,Cooperative,2024-09-24,1674.6,1.21,2026.27,18.15,1949.45,58.67,15.86,1.13,0.08
1840,11025,Potato,Russet,"Conner, Green and Reyes",Wholesaler,Brandenburg,Direct,2025-05-05,361.5,1.13,408.49,39.78,344.73,23.98,12.12,1.14,-0.01
1841,9908,Potato,Red,Taylor-Becker,Wholesaler,Brandenburg,Online,2025-02-05,1676.3,1.0,1676.3,28.62,1632.31,15.37,8.89,1.04,-0.04
1842,14613,Soybean,Yellow,Anderson and Sons,Wholesaler,Brandenburg,Direct,2025-05-05,867.6,0.99,858.92,43.63,717.09,98.2,13.39,1.07,-0.08
1843,2688,Potato,Russet,Wall Ltd,Wholesaler,Lower Saxony,Cooperative,2024-09-15,1750.7,0.79,1383.05,31.58,1260.19,91.28,9.23,0.85,-0.06
1844,4631,Barley,Hulled,"Martinez, Francis and Ellis",Wholesaler,Hesse,Online,2025-05-05,1300.8,1.14,1482.91,33.7,1438.98,10.23,8.71,1.14,0.0
1845,11262,Barley,Hulled,"Ortiz, Myers and Silva",Exporter,Saxony,Cooperative,2025-04-11,831.9,0.87,723.75,43.74,641.55,38.46,18.57,0.84,0.03
1846,5763,Wheat,Emmer,White-Davis,Wholesaler,Hesse,Online,2025-05-05,1627.3,0.46,748.56,1.83,714.82,31.91,14.04,0.46,0.0
1847,5252,Wheat,Durum,Arias Ltd,Retailer,Hesse,Cooperative,2024-10-10,573.3,0.42,240.79,31.9,117.73,91.16,8.56,0.42,0.0
1848,3512,Wheat,Emmer,Keller-Sexton,Retailer,Saxony,Cooperative,2024-07-26,544.2,1.45,789.09,14.86,680.01,94.22,8.7,1.39,0.06
1849,10749,Soybean,Yellow,Owens Ltd,Retailer,Saxony,Cooperative,2025-05-05,372.0,1.13,420.36,47.13,287.32,85.91,13.98,1.1,0.03
1850,12839,Potato,Red,Abbott PLC,Wholesaler,Hesse,Direct,2024-12-05,1949.6,0.91,1774.14,2.95,1698.53,72.66,6.33,0.89,0.02
1851,11566,Wheat,Durum,"Johnson, Rodriguez and Pearson",Retailer,Bavaria,Online,2024-09-26,1605.7,1.19,1910.78,13.07,1824.47,73.24,8.71,1.18,0.01
1852,6796,Wheat,Durum,Hays-Alexander,Exporter,Bavaria,Direct,2023-12-19,656.1,1.56,1023.52,30.25,917.75,75.52,5.07,1.45,0.11
1853,11374,Wheat,Durum,Bell Ltd,Wholesaler,Bavaria,Direct,2025-05-05,300.7,0.81,243.57,16.09,166.12,61.36,10.47,0.81,0.0
1854,11470,Corn,Sweet,"Peters, Ortiz and Martinez",Exporter,Lower Saxony,Direct,2025-05-05,215.8,1.2,258.96,12.33,161.97,84.66,15.06,1.28,-0.08
1855,1231,Wheat,Emmer,"Garcia, Haynes and Miller",Exporter,Saxony,Online,2024-01-25,1658.8,0.5,829.4,39.44,700.2,89.76,10.96,0.54,-0.04
1856,9988,Barley,Hulless,Lin-Walker,Retailer,Brandenburg,Online,2024-10-25,591.9,0.93,550.47,18.61,452.1,79.76,5.3,0.93,0.0
1857,6477,Corn,Dent,Lang PLC,Exporter,Bavaria,Online,2025-05-01,1325.5,1.31,1736.4,22.93,1685.72,27.75,15.4,1.41,-0.1
1858,7311,Wheat,Durum,Vasquez-Salazar,Retailer,Saxony,Direct,2025-05-05,1359.0,0.33,448.47,29.04,341.89,77.54,18.91,0.35,-0.02
1859,13239,Potato,Russet,Stark-Kim,Retailer,Saxony,Cooperative,2025-01-03,1207.0,0.7,844.9,44.24,705.61,95.05,15.36,0.75,-0.05
1860,6537,Soybean,Black,Phillips LLC,Wholesaler,Brandenburg,Cooperative,2024-12-02,1431.0,1.25,1788.75,48.99,1726.35,13.41,14.65,1.25,0.0
1861,9407,Barley,Hulless,Arnold-Castro,Exporter,Hesse,Direct,2025-03-15,611.8,1.11,679.1,45.54,595.16,38.4,11.48,1.14,-0.03
1862,11077,Soybean,Yellow,"Reed, Williams and Watson",Wholesaler,Hesse,Online,2023-12-31,1669.8,0.8,1335.84,34.19,1218.34,83.31,5.75,0.74,0.06
1863,599,Potato,Red,Hall PLC,Retailer,Lower Saxony,Direct,2024-11-20,1088.8,1.47,1600.54,6.7,1544.15,49.69,18.28,1.39,0.08
1864,8382,Barley,Hulled,Willis-Cordova,Retailer,Lower Saxony,Cooperative,2024-10-31,1330.8,0.61,811.79,3.04,786.15,22.6,9.57,0.57,0.04
1865,8569,Potato,Russet,"Garcia, Escobar and Ramos",Exporter,Saxony,Online,2025-05-04,1625.3,0.72,1170.22,16.23,1087.72,66.27,24.72,0.73,-0.01
1866,2091,Corn,Sweet,Miller and Sons,Retailer,Hesse,Online,2024-06-07,1107.0,1.06,1173.42,47.05,1035.88,90.49,11.73,1.13,-0.07
1867,11259,Potato,Russet,Hernandez-Briggs,Exporter,Brandenburg,Online,2024-11-14,1319.4,0.99,1306.21,15.03,1198.54,92.64,11.48,1.08,-0.09
1868,1063,Soybean,Yellow,Tran LLC,Wholesaler,Brandenburg,Cooperative,2025-05-05,1881.3,0.39,733.71,42.77,662.44,28.5,21.23,0.38,0.01
1869,10221,Barley,Hulled,"Morgan, Murphy and Brown",Wholesaler,Bavaria,Direct,2024-10-10,205.0,0.67,137.35,1.17,123.63,12.55,18.77,0.66,0.01
1870,3023,Corn,Sweet,James PLC,Retailer,Brandenburg,Direct,2025-03-09,1915.7,0.73,1398.46,20.52,1367.28,10.66,11.25,0.69,0.04
1871,4471,Soybean,Yellow,Knight and Sons,Wholesaler,Bavaria,Online,2025-05-05,1221.1,0.31,378.54,41.54,273.65,63.35,7.25,0.33,-0.02
1872,10371,Barley,Hulless,Reilly-Cochran,Wholesaler,Bavaria,Direct,2025-03-10,1814.9,0.94,1706.01,25.68,1587.84,92.49,22.42,0.93,0.01
1873,8342,Soybean,Black,Chavez-Perez,Retailer,Hesse,Online,2024-09-21,1640.8,1.45,2379.16,32.35,2310.5,36.31,20.02,1.49,-0.04
1874,12054,Wheat,Emmer,"Stewart, Watson and Newton",Wholesaler,Lower Saxony,Online,2025-05-05,931.1,0.97,903.17,37.7,791.64,73.83,12.76,1.01,-0.04
1875,354,Corn,Sweet,Ward LLC,Retailer,Brandenburg,Cooperative,2024-07-17,1676.7,1.16,1944.97,42.8,1803.08,99.09,6.39,1.1,0.06
1876,9442,Wheat,Durum,Patel and Sons,Retailer,Bavaria,Direct,2025-05-05,1412.7,0.44,621.59,25.57,527.6,68.42,24.61,0.45,-0.01
1877,5435,Corn,Dent,Matthews Inc,Retailer,Lower Saxony,Direct,2025-01-21,944.0,1.43,1349.92,39.32,1264.06,46.54,17.57,1.31,0.12
1878,10061,Potato,Red,Greer Inc,Retailer,Bavaria,Cooperative,2025-03-10,1895.5,0.38,720.29,29.94,678.53,11.82,17.12,0.41,-0.03
1879,2390,Corn,Sweet,"Gonzales, Rodriguez and Townsend",Retailer,Saxony,Direct,2024-12-29,651.2,1.26,820.51,9.73,777.45,33.33,13.36,1.2,0.06
1880,4442,Barley,Hulless,Randolph Group,Exporter,Brandenburg,Direct,2025-04-23,824.6,0.86,709.16,30.89,662.35,15.92,23.87,0.88,-0.02
1881,10511,Barley,Hulled,"Ferguson, Molina and Stewart",Exporter,Brandenburg,Cooperative,2025-01-18,1826.7,0.4,730.68,43.25,676.04,11.39,20.13,0.37,0.03
1882,11903,Potato,Russet,Ryan-Bryant,Retailer,Saxony,Cooperative,2025-05-05,1601.6,0.69,1105.1,39.66,1040.7,24.74,13.99,0.63,0.06
1883,2217,Corn,Sweet,Ford Inc,Wholesaler,Hesse,Direct,2024-07-20,1730.1,0.7,1211.07,43.22,1071.82,96.03,5.78,0.65,0.05
1884,7373,Potato,Russet,"Espinoza, Thompson and Ramos",Wholesaler,Saxony,Online,2025-02-01,1693.9,0.62,1050.22,28.03,936.44,85.75,15.49,0.57,0.05
1885,12323,Corn,Sweet,Mckinney Group,Retailer,Hesse,Online,2025-02-25,801.3,0.34,272.44,28.3,213.12,31.02,6.11,0.35,-0.01
1886,3727,Soybean,Black,Martin LLC,Exporter,Bavaria,Online,2024-03-23,1521.5,1.11,1688.87,32.88,1608.89,47.1,22.15,1.01,0.1
1887,2483,Corn,Dent,Merritt-Francis,Wholesaler,Saxony,Direct,2024-12-14,1241.0,1.61,1998.01,14.44,1941.17,42.4,6.72,1.48,0.13
1888,4929,Wheat,Durum,"Manning, Gonzalez and Austin",Retailer,Brandenburg,Cooperative,2025-05-01,606.8,0.35,212.38,11.82,148.35,52.21,14.84,0.37,-0.02
1889,14777,Corn,Sweet,Thomas-Fernandez,Exporter,Brandenburg,Cooperative,2025-05-05,1043.3,1.36,1418.89,26.54,1351.65,40.7,15.0,1.49,-0.13
1890,7914,Barley,Hulless,Jones Ltd,Retailer,Brandenburg,Cooperative,2025-05-03,699.0,0.75,524.25,38.25,414.12,71.88,19.43,0.75,0.0
1891,8559,Barley,Hulless,"Andrews, Huff and Gibbs",Wholesaler,Brandenburg,Cooperative,2025-03-18,1804.8,0.6,1082.88,38.15,955.47,89.26,16.84,0.56,0.04
1892,2801,Barley,Hulled,Frey PLC,Exporter,Hesse,Direct,2025-04-29,1436.9,1.07,1537.48,49.56,1471.8,16.12,19.12,1.14,-0.07
1893,12998,Soybean,Black,Lane-Kim,Exporter,Brandenburg,Cooperative,2024-08-17,642.7,1.03,661.98,24.03,573.66,64.29,6.16,1.06,-0.03
1894,8741,Barley,Hulled,Thompson and Sons,Wholesaler,Hesse,Cooperative,2025-02-23,1579.4,1.12,1768.93,37.11,1635.82,96.0,24.51,1.11,0.01
1895,13112,Wheat,Emmer,Wise Ltd,Wholesaler,Bavaria,Cooperative,2025-03-21,1414.1,1.25,1767.62,1.25,1710.16,56.21,18.62,1.18,0.07
1896,3526,Barley,Hulless,Moore PLC,Exporter,Saxony,Online,2024-12-23,1587.3,0.53,841.27,45.11,757.01,39.15,8.43,0.53,0.0
1897,1880,Potato,Red,Merritt Ltd,Exporter,Lower Saxony,Direct,2025-05-02,1633.9,0.48,784.27,38.48,720.28,25.51,20.0,0.53,-0.05
1898,12314,Soybean,Black,"Martinez, Pratt and Welch",Retailer,Lower Saxony,Direct,2025-01-05,1420.4,0.52,738.61,42.23,608.05,88.33,7.02,0.48,0.04
1899,8316,Barley,Hulled,Murray Inc,Wholesaler,Hesse,Direct,2024-02-26,784.3,1.32,1035.28,11.42,978.51,45.35,13.17,1.44,-0.12
1900,5790,Wheat,Emmer,Gibson-Thompson,Retailer,Hesse,Direct,2025-04-17,1882.8,0.49,922.57,5.06,825.55,91.96,12.19,0.49,0.0
1901,7796,Soybean,Black,Reynolds and Sons,Retailer,Saxony,Online,2025-04-25,304.5,0.52,158.34,9.57,108.9,39.87,20.03,0.55,-0.03
1902,274,Potato,Red,Ruiz LLC,Wholesaler,Brandenburg,Online,2025-05-05,1406.2,0.73,1026.53,21.31,975.23,29.99,14.64,0.75,-0.02
1903,4580,Corn,Sweet,"Morgan, Wilkinson and White",Exporter,Saxony,Cooperative,2025-05-05,1353.5,0.84,1136.94,19.52,1060.58,56.84,6.99,0.84,0.0
1904,8826,Barley,Hulless,White-Banks,Exporter,Lower Saxony,Online,2025-03-27,336.4,0.78,262.39,19.73,154.06,88.6,9.31,0.75,0.03
1905,14465,Corn,Sweet,Martin-Thompson,Retailer,Brandenburg,Direct,2025-01-28,703.9,0.36,253.4,37.9,150.62,64.88,21.21,0.4,-0.04
1906,6108,Soybean,Black,"Drake, Wiley and Velasquez",Retailer,Lower Saxony,Online,2024-06-25,210.3,1.39,292.32,9.79,234.85,47.68,15.77,1.34,0.05
1907,10077,Potato,Red,"Smith, Richardson and Wilson",Wholesaler,Bavaria,Online,2025-02-15,746.8,0.79,589.97,40.03,473.87,76.07,22.19,0.77,0.02
1908,2484,Soybean,Black,Stewart-Fields,Retailer,Hesse,Direct,2025-05-05,242.6,0.36,87.34,31.23,9.53,46.58,13.48,0.38,-0.02
1909,5830,Potato,Russet,Black-Williamson,Exporter,Brandenburg,Direct,2025-04-08,1888.8,0.55,1038.84,1.5,1017.77,19.57,15.78,0.54,0.01
1910,922,Corn,Dent,Doyle-York,Retailer,Lower Saxony,Cooperative,2025-01-12,973.4,0.66,642.44,35.3,573.25,33.89,16.28,0.65,0.01
1911,13123,Soybean,Yellow,Johnson Group,Wholesaler,Hesse,Cooperative,2025-04-26,285.6,1.13,322.73,12.55,231.82,78.36,8.82,1.04,0.09
1912,7151,Corn,Dent,Bailey Ltd,Retailer,Saxony,Online,2025-05-05,299.8,1.17,350.77,0.04,253.76,96.97,16.24,1.23,-0.06
1913,7221,Potato,Red,Parker-Stevenson,Retailer,Brandenburg,Direct,2025-01-24,1681.6,1.53,2572.85,34.52,2451.29,87.04,9.05,1.46,0.07
1914,3113,Barley,Hulless,"Zimmerman, Owens and Murray",Retailer,Saxony,Cooperative,2025-05-05,510.8,1.51,771.31,11.03,722.2,38.08,11.78,1.46,0.05
1915,1667,Corn,Sweet,Blair Group,Exporter,Lower Saxony,Direct,2025-03-31,1375.7,1.3,1788.41,31.88,1677.55,78.98,23.35,1.31,-0.01
1916,3567,Potato,Red,"Johnson, Rice and Lopez",Wholesaler,Hesse,Direct,2024-09-18,667.1,0.71,473.64,11.68,438.74,23.22,12.35,0.72,-0.01
1917,9131,Potato,Red,Harper Group,Wholesaler,Hesse,Direct,2025-03-23,1234.5,1.23,1518.44,27.5,1453.93,37.01,16.88,1.36,-0.13
1918,11663,Barley,Hulled,Bullock and Sons,Exporter,Brandenburg,Direct,2025-03-19,949.1,0.42,398.62,28.33,275.33,94.96,22.57,0.41,0.01
1919,13098,Wheat,Durum,"Patterson, White and Roberts",Retailer,Saxony,Direct,2025-02-27,616.3,1.01,622.46,48.15,502.64,71.67,15.48,1.05,-0.04
1920,824,Barley,Hulled,Baker LLC,Retailer,Saxony,Online,2025-03-15,1732.4,1.15,1992.26,7.07,1928.86,56.33,13.14,1.2,-0.05
1921,4138,Barley,Hulless,"Park, Martin and Preston",Retailer,Saxony,Online,2025-05-05,1632.7,0.62,1012.27,46.95,916.02,49.3,12.24,0.64,-0.02
1922,6230,Soybean,Black,Mitchell Ltd,Exporter,Brandenburg,Online,2024-03-18,1842.3,0.98,1805.45,27.57,1703.89,73.99,15.95,1.03,-0.05
1923,14132,Corn,Sweet,Haynes PLC,Retailer,Bavaria,Cooperative,2025-03-06,1080.1,0.55,594.05,28.38,535.13,30.54,8.97,0.54,0.01
1924,8100,Wheat,Emmer,"Moyer, Johnson and Stevens",Exporter,Hesse,Direct,2025-05-05,796.1,0.74,589.11,7.54,569.31,12.26,8.73,0.71,0.03
1925,10221,Barley,Hulled,Nguyen PLC,Wholesaler,Brandenburg,Cooperative,2024-10-05,460.6,0.69,317.81,16.69,286.4,14.72,22.36,0.66,0.03
1926,9970,Barley,Hulless,Cisneros Group,Retailer,Lower Saxony,Direct,2025-05-05,1826.6,0.95,1735.27,48.76,1590.29,96.22,6.12,1.05,-0.1
1927,12623,Corn,Dent,"Griffith, Bradley and Diaz",Wholesaler,Brandenburg,Cooperative,2025-05-05,1306.5,0.38,496.47,2.82,395.52,98.13,18.78,0.42,-0.04
1928,9243,Barley,Hulled,Contreras-Richardson,Retailer,Hesse,Cooperative,2024-12-21,545.4,0.51,278.15,10.92,210.75,56.48,11.03,0.5,0.01
1929,1884,Corn,Dent,Price PLC,Wholesaler,Lower Saxony,Direct,2024-03-16,1228.8,0.93,1142.78,22.4,1046.54,73.84,7.74,0.97,-0.04
1930,10583,Barley,Hulless,Trevino-Fletcher,Retailer,Bavaria,Online,2025-04-25,372.4,0.6,223.44,39.49,163.86,20.09,12.22,0.63,-0.03
1931,3972,Wheat,Durum,"Russell, Murphy and Holt",Wholesaler,Hesse,Cooperative,2025-05-05,1408.1,1.52,2140.31,37.7,2090.02,12.59,21.42,1.4,0.12
1932,6207,Wheat,Durum,Nelson PLC,Exporter,Saxony,Cooperative,2024-12-10,1962.3,1.26,2472.5,5.5,2397.06,69.94,11.9,1.36,-0.1
1933,10504,Corn,Dent,"Brown, Young and Taylor",Wholesaler,Brandenburg,Online,2024-09-22,616.5,0.68,419.22,23.83,323.52,71.87,21.54,0.63,0.05
1934,1292,Barley,Hulless,Franklin PLC,Wholesaler,Brandenburg,Online,2025-04-05,698.4,1.28,893.95,9.66,855.24,29.05,5.88,1.39,-0.11
1935,14743,Wheat,Emmer,Wright PLC,Retailer,Bavaria,Online,2025-03-11,1586.2,1.39,2204.82,33.88,2072.64,98.3,14.79,1.45,-0.06
1936,4680,Potato,Red,Cruz-Farmer,Retailer,Brandenburg,Direct,2024-12-21,1178.3,0.91,1072.25,4.34,1047.31,20.6,24.34,0.95,-0.04
1937,13810,Soybean,Yellow,Bowman-Lloyd,Retailer,Lower Saxony,Cooperative,2025-02-12,1425.1,0.42,598.54,38.4,473.39,86.75,14.81,0.42,0.0
1938,5342,Potato,Russet,"Woodard, Clark and Cox",Exporter,Hesse,Online,2025-02-08,1765.7,0.58,1024.11,6.99,959.12,58.0,24.48,0.55,0.03
1939,1851,Wheat,Durum,"Martinez, Jordan and Morris",Retailer,Hesse,Direct,2023-12-16,1732.5,0.61,1056.82,4.76,968.06,84.0,8.13,0.67,-0.06
1940,13602,Barley,Hulled,"Cohen, Fuentes and Ramos",Wholesaler,Lower Saxony,Cooperative,2025-01-29,908.6,1.01,917.69,7.78,899.83,10.08,20.24,1.07,-0.06
1941,3508,Potato,Russet,"Austin, Nelson and Patton",Exporter,Brandenburg,Online,2025-02-02,1191.8,1.07,1275.23,38.62,1183.76,52.85,14.05,1.04,0.03
1942,12386,Soybean,Black,Mora-Brown,Wholesaler,Saxony,Cooperative,2025-02-06,1049.9,0.45,472.46,7.83,370.61,94.02,15.78,0.48,-0.03
1943,8093,Corn,Sweet,"Huff, Wells and Burton",Exporter,Brandenburg,Cooperative,2024-06-23,1007.7,0.88,886.78,34.09,827.83,24.86,5.66,0.84,0.04
1944,13606,Corn,Dent,"Smith, Robinson and Jordan",Retailer,Hesse,Cooperative,2025-05-05,1598.2,1.4,2237.48,14.95,2212.22,10.31,20.22,1.29,0.11
1945,12492,Barley,Hulless,"Fuller, Torres and Rowland",Exporter,Lower Saxony,Cooperative,2025-04-19,1522.1,0.42,639.28,12.37,578.79,48.12,22.59,0.41,0.01
1946,3227,Wheat,Durum,Williams Inc,Retailer,Brandenburg,Cooperative,2025-02-24,1216.4,1.13,1374.53,44.54,1239.86,90.13,22.27,1.05,0.08
1947,6459,Soybean,Yellow,Hester-Ramos,Wholesaler,Lower Saxony,Direct,2024-07-06,374.9,1.12,419.89,43.8,328.27,47.82,24.92,1.1,0.02
1948,5747,Barley,Hulled,"Taylor, Gomez and Thomas",Retailer,Hesse,Direct,2025-01-16,948.2,0.71,673.22,39.61,581.42,52.19,18.29,0.65,0.06
1949,10218,Wheat,Emmer,Miller-Rodriguez,Exporter,Lower Saxony,Direct,2025-04-26,1202.6,1.36,1635.54,6.16,1570.07,59.31,12.73,1.35,0.01
1950,8036,Barley,Hulled,Edwards-Chung,Retailer,Hesse,Online,2025-05-05,1265.5,1.09,1379.4,23.29,1266.29,89.82,18.28,1.02,0.07
1951,11653,Barley,Hulled,Davis-Ferguson,Wholesaler,Saxony,Direct,2025-05-05,371.8,1.02,379.24,16.83,274.2,88.21,18.69,1.04,-0.02
1952,7319,Barley,Hulless,Chambers-Crawford,Exporter,Brandenburg,Online,2024-12-09,1693.6,0.96,1625.86,6.79,1587.71,31.36,23.91,0.97,-0.01
1953,2794,Corn,Dent,Lee-Mendoza,Retailer,Bavaria,Cooperative,2025-03-04,1630.4,0.68,1108.67,27.91,991.17,89.59,11.63,0.66,0.02
1954,12048,Corn,Dent,"Perkins, Roberts and Douglas",Exporter,Brandenburg,Online,2025-02-02,1258.2,0.74,931.07,49.48,797.94,83.65,21.54,0.69,0.05
1955,1291,Barley,Hulled,"Castaneda, Phillips and Harris",Wholesaler,Brandenburg,Cooperative,2025-03-01,1257.3,1.13,1420.75,1.88,1349.39,69.48,18.64,1.15,-0.02
1956,7755,Potato,Russet,Parrish Group,Exporter,Brandenburg,Cooperative,2024-06-17,1209.2,0.88,1064.1,0.66,1050.23,13.21,15.41,0.86,0.02
1957,14079,Barley,Hulled,"Shaw, Lee and Holt",Retailer,Saxony,Direct,2025-05-05,434.9,0.77,334.87,44.51,260.36,30.0,8.36,0.78,-0.01
1958,13355,Soybean,Black,Miller-Mason,Retailer,Hesse,Direct,2025-02-15,1142.1,1.38,1576.1,22.99,1512.93,40.18,22.84,1.3,0.08
1959,296,Wheat,Durum,Wall-Taylor,Retailer,Lower Saxony,Direct,2024-09-28,1897.1,0.43,815.75,42.6,724.4,48.75,11.59,0.44,-0.01
1960,13193,Soybean,Black,Smith and Sons,Exporter,Hesse,Direct,2024-11-04,233.8,0.84,196.39,28.89,71.0,96.5,22.72,0.93,-0.09
1961,14186,Potato,Russet,Santana Ltd,Exporter,Saxony,Cooperative,2025-01-08,1297.5,0.41,531.98,25.2,438.37,68.41,11.0,0.45,-0.04
1962,4461,Potato,Russet,Curry PLC,Exporter,Hesse,Online,2024-07-04,1415.0,0.51,721.65,12.57,622.78,86.3,7.59,0.57,-0.06
1963,12518,Corn,Dent,"Bush, Oneal and Adams",Exporter,Saxony,Online,2025-01-05,1373.5,0.98,1346.03,12.12,1245.16,88.75,5.22,0.99,-0.01
1964,14166,Corn,Dent,Richardson and Sons,Exporter,Hesse,Cooperative,2024-11-28,840.4,1.23,1033.69,8.47,925.82,99.4,23.72,1.25,-0.02
1965,13479,Corn,Sweet,"Peters, Jones and Robinson",Retailer,Saxony,Cooperative,2025-05-05,1646.6,1.32,2173.51,48.8,2104.84,19.87,19.65,1.29,0.03
1966,7603,Barley,Hulled,"Sanchez, Lee and Mendoza",Retailer,Brandenburg,Direct,2024-01-25,276.0,1.0,276.0,43.22,162.3,70.48,5.98,1.01,-0.01
1967,5809,Corn,Sweet,Morris LLC,Retailer,Lower Saxony,Direct,2024-05-05,1941.4,0.76,1475.46,30.03,1401.55,43.88,8.49,0.81,-0.05
1968,4884,Potato,Red,Sutton-Morris,Exporter,Hesse,Online,2025-03-02,621.8,1.06,659.11,37.52,573.92,47.67,20.74,0.97,0.09
1969,3800,Wheat,Emmer,"Johnson, Perez and Medina",Exporter,Brandenburg,Online,2024-12-02,1959.2,0.62,1214.7,44.78,1072.77,97.15,19.31,0.61,0.01
1970,7209,Wheat,Emmer,Robinson LLC,Wholesaler,Brandenburg,Cooperative,2025-02-02,507.5,0.47,238.52,3.76,173.89,60.87,23.69,0.5,-0.03
1971,7882,Soybean,Yellow,"Ferrell, Gray and Edwards",Exporter,Lower Saxony,Online,2025-04-13,1299.8,1.35,1754.73,27.22,1659.42,68.09,10.28,1.48,-0.13
1972,10229,Potato,Red,Burke Group,Wholesaler,Brandenburg,Direct,2025-05-05,612.8,0.81,496.37,2.42,408.16,85.79,7.79,0.79,0.02
1973,14206,Corn,Dent,Thomas-Welch,Wholesaler,Saxony,Cooperative,2025-01-17,304.1,1.34,407.49,36.42,356.75,14.32,11.9,1.48,-0.14
1974,6710,Barley,Hulled,Nunez-Hubbard,Exporter,Saxony,Cooperative,2024-02-17,506.5,1.31,663.52,10.57,608.1,44.85,12.0,1.21,0.1
1975,11654,Potato,Red,Castillo and Sons,Retailer,Brandenburg,Cooperative,2024-09-27,294.4,0.99,291.46,24.22,231.07,36.17,24.66,0.91,0.08
1976,11362,Corn,Sweet,"Chapman, Collins and Ray",Wholesaler,Saxony,Online,2024-12-12,557.5,0.76,423.7,9.22,376.01,38.47,15.06,0.76,0.0
1977,1147,Wheat,Durum,Ward-Ortiz,Retailer,Brandenburg,Online,2025-04-20,249.5,1.3,324.35,43.99,190.15,90.21,22.76,1.31,-0.01
1978,13291,Corn,Dent,Brown LLC,Retailer,Hesse,Cooperative,2025-05-05,1855.8,0.48,890.78,1.0,870.12,19.66,12.98,0.47,0.01
1979,12724,Corn,Dent,Cruz PLC,Exporter,Bavaria,Cooperative,2025-03-30,278.3,0.38,105.75,25.77,65.12,14.86,8.19,0.42,-0.04
1980,7139,Wheat,Emmer,Mitchell Inc,Wholesaler,Brandenburg,Online,2025-01-20,1621.7,1.4,2270.38,9.39,2165.94,95.05,10.47,1.44,-0.04
1981,1866,Barley,Hulless,Miles Inc,Exporter,Saxony,Direct,2024-02-08,300.3,1.34,402.4,0.1,307.12,95.18,15.79,1.47,-0.13
1982,129,Wheat,Emmer,Hopkins-May,Retailer,Brandenburg,Cooperative,2024-11-08,1210.2,1.02,1234.4,7.67,1131.17,95.56,20.05,0.96,0.06
1983,5135,Soybean,Yellow,"Johnson, Hardin and Mcdonald",Retailer,Saxony,Direct,2025-02-26,902.7,0.3,270.81,2.35,209.82,58.64,25.0,0.3,0.0
1984,275,Wheat,Emmer,Martinez-Smith,Exporter,Brandenburg,Direct,2024-12-14,493.8,1.47,725.89,27.06,646.95,51.88,8.0,1.43,0.04
1985,12968,Barley,Hulless,"Koch, Pineda and Castaneda",Exporter,Hesse,Cooperative,2025-04-02,888.4,0.63,559.69,3.79,470.09,85.81,24.48,0.63,0.0
1986,13136,Potato,Russet,"Greene, Christian and Brown",Wholesaler,Bavaria,Cooperative,2025-05-05,346.3,0.64,221.63,49.63,129.01,42.99,5.96,0.71,-0.07
1987,6945,Barley,Hulled,Smith Inc,Exporter,Lower Saxony,Cooperative,2024-11-03,1706.6,0.43,733.84,4.69,682.6,46.55,18.56,0.45,-0.02
1988,29,Soybean,Yellow,Allison-Munoz,Exporter,Hesse,Online,2025-04-07,1733.7,0.92,1595.0,7.38,1541.27,46.35,23.58,0.85,0.07
1989,5108,Potato,Russet,Blanchard and Sons,Wholesaler,Hesse,Direct,2024-05-18,218.1,0.31,67.61,48.92,-20.24,38.93,14.84,0.3,0.01
1990,10466,Potato,Red,Medina-West,Wholesaler,Brandenburg,Online,2024-05-02,1291.5,0.78,1007.37,0.77,942.88,63.72,7.58,0.77,0.01
1991,32,Potato,Red,Kennedy-Roman,Wholesaler,Saxony,Direct,2024-10-26,874.8,1.31,1145.99,3.08,1071.98,70.93,9.61,1.23,0.08
1992,2715,Barley,Hulless,"Mason, Holloway and Rivera",Retailer,Lower Saxony,Online,2025-05-05,1903.4,1.03,1960.5,0.52,1894.86,65.12,18.88,1.03,0.0
1993,10935,Potato,Red,Barrett PLC,Retailer,Brandenburg,Online,2025-05-05,338.3,0.75,253.73,1.42,178.56,73.75,13.78,0.74,0.01
1994,9580,Corn,Sweet,Estrada LLC,Exporter,Brandenburg,Online,2024-07-15,694.4,0.65,451.36,45.7,335.64,70.02,8.43,0.6,0.05
1995,183,Soybean,Black,Sutton-Barnes,Retailer,Bavaria,Cooperative,2025-05-05,202.4,0.43,87.03,39.83,-39.57,86.77,24.75,0.44,-0.01
1996,9404,Potato,Red,Peterson-Green,Retailer,Bavaria,Direct,2024-09-15,1247.4,1.0,1247.4,30.82,1183.18,33.4,5.21,1.09,-0.09
1997,6804,Potato,Russet,"Carter, Smith and Nunez",Exporter,Brandenburg,Direct,2025-04-27,389.8,0.85,331.33,21.78,211.94,97.61,24.6,0.83,0.02
1998,13448,Corn,Dent,Burke Inc,Retailer,Lower Saxony,Online,2024-05-09,1475.0,0.93,1371.75,46.27,1258.94,66.54,23.38,0.9,0.03
1999,2726,Barley,Hulled,Johnson LLC,Retailer,Saxony,Online,2024-07-21,1116.6,1.38,1540.91,42.28,1485.6,13.03,10.42,1.4,-0.02
2000,10753,Soybean,Black,"Mcguire, Douglas and Salinas",Retailer,Bavaria,Online,2025-05-05,840.8,0.76,639.01,36.54,507.23,95.24,5.1,0.8,-0.04
2001,10238,Corn,Sweet,"Scott, Anthony and Haney",Wholesaler,Bavaria,Direct,2025-01-04,1202.6,1.06,1274.76,47.22,1170.82,56.72,17.4,1.02,0.04
2002,2899,Corn,Sweet,"Maxwell, Cross and Buckley",Retailer,Brandenburg,Online,2025-01-18,1525.4,0.93,1418.62,5.94,1313.81,98.87,6.52,0.95,-0.02
2003,8447,Wheat,Durum,"Smith, Curtis and Bentley",Wholesaler,Bavaria,Online,2025-03-21,432.3,1.14,492.82,5.22,474.75,12.85,24.17,1.17,-0.03
2004,14749,Corn,Sweet,"Salas, Dennis and Wong",Wholesaler,Saxony,Online,2025-02-02,1238.5,0.95,1176.58,8.54,1104.57,63.47,22.68,0.98,-0.03
2005,7430,Wheat,Emmer,"Mccoy, Lee and Shepard",Wholesaler,Lower Saxony,Cooperative,2024-12-03,1286.4,1.45,1865.28,21.56,1811.91,31.81,6.1,1.38,0.07
2006,11337,Corn,Sweet,Hall Group,Wholesaler,Brandenburg,Online,2025-02-24,1323.1,0.82,1084.94,12.45,1027.13,45.36,15.95,0.85,-0.03
2007,4182,Corn,Dent,Hale-Brown,Wholesaler,Bavaria,Cooperative,2024-08-31,1184.0,0.89,1053.76,25.94,963.52,64.3,22.6,0.84,0.05
2008,9336,Barley,Hulled,Edwards PLC,Exporter,Hesse,Cooperative,2024-12-31,1176.2,1.55,1823.11,11.7,1718.28,93.13,11.05,1.43,0.12
2009,1045,Soybean,Black,Walker Ltd,Retailer,Hesse,Online,2025-04-07,1595.5,1.12,1786.96,4.14,1684.56,98.26,13.05,1.02,0.1
2010,12305,Wheat,Emmer,Lopez-Brown,Exporter,Hesse,Online,2025-05-04,475.5,1.3,618.15,32.71,571.93,13.51,9.01,1.25,0.05
2011,3275,Corn,Sweet,"Tucker, Coffey and Bennett",Retailer,Saxony,Online,2025-05-02,1425.2,1.31,1867.01,35.33,1777.92,53.76,19.11,1.4,-0.09
2012,8955,Soybean,Black,Hernandez-Pacheco,Exporter,Saxony,Direct,2025-03-24,1609.3,0.78,1255.25,13.28,1222.42,19.55,10.33,0.72,0.06
2013,11682,Soybean,Yellow,Moran Ltd,Wholesaler,Lower Saxony,Online,2025-03-13,1582.3,0.89,1408.25,10.45,1379.47,18.33,21.84,0.88,0.01
2014,13027,Barley,Hulless,Kelly-Williams,Retailer,Bavaria,Direct,2025-05-04,1453.0,0.95,1380.35,18.39,1294.9,67.06,10.51,0.98,-0.03
2015,3929,Corn,Dent,Thompson-Stephens,Wholesaler,Lower Saxony,Direct,2023-12-23,227.3,0.75,170.48,5.33,130.68,34.47,8.03,0.69,0.06
2016,14329,Barley,Hulled,Hughes-Bryant,Exporter,Hesse,Online,2024-10-22,1317.4,1.31,1725.79,13.52,1662.36,49.91,5.47,1.31,0.0
2017,4189,Wheat,Durum,Carroll-Harvey,Wholesaler,Brandenburg,Cooperative,2024-08-22,1106.7,0.91,1007.1,14.06,982.01,11.03,14.66,0.91,0.0
2018,8735,Corn,Sweet,"Murphy, Schneider and Wells",Retailer,Lower Saxony,Online,2025-04-09,1925.9,0.75,1444.43,28.58,1366.25,49.6,18.26,0.83,-0.08
2019,13775,Barley,Hulless,"Wilson, Wilcox and Johnson",Wholesaler,Bavaria,Online,2025-01-13,515.8,0.48,247.58,1.13,191.96,54.49,23.56,0.52,-0.04
2020,4723,Barley,Hulled,"Anderson, Knight and Williams",Wholesaler,Saxony,Direct,2024-11-24,649.2,1.18,766.06,9.79,714.71,41.56,17.34,1.21,-0.03
2021,9744,Wheat,Emmer,Lewis-Miller,Retailer,Saxony,Cooperative,2024-06-30,1593.2,1.45,2310.14,11.75,2241.03,57.36,24.22,1.48,-0.03
2022,2474,Soybean,Black,"Warren, Young and Freeman",Exporter,Hesse,Online,2025-02-21,545.7,0.8,436.56,39.57,358.31,38.68,9.53,0.87,-0.07
2023,13130,Barley,Hulled,Johnson-James,Retailer,Saxony,Direct,2024-11-01,1955.3,0.33,645.25,7.06,575.35,62.84,24.32,0.36,-0.03
2024,8270,Barley,Hulled,Fitzgerald LLC,Exporter,Bavaria,Online,2024-06-06,814.1,0.96,781.54,32.7,674.45,74.39,12.27,0.94,0.02
2025,432,Barley,Hulled,"Sherman, Martin and Lopez",Retailer,Bavaria,Online,2025-03-29,1530.8,0.43,658.24,15.35,548.49,94.4,17.47,0.39,0.04
2026,5972,Corn,Sweet,Hudson PLC,Exporter,Bavaria,Cooperative,2024-07-13,753.9,0.55,414.65,36.87,288.32,89.46,16.43,0.6,-0.05
2027,13991,Wheat,Durum,Burton-Williams,Exporter,Hesse,Online,2024-12-21,1537.4,1.31,2013.99,11.67,1944.47,57.85,9.08,1.23,0.08
2028,5505,Soybean,Black,Scott Group,Wholesaler,Lower Saxony,Direct,2024-09-04,1627.8,0.67,1090.63,13.43,1049.33,27.87,19.63,0.66,0.01
2029,13621,Wheat,Durum,"Hicks, Wade and Ross",Exporter,Lower Saxony,Online,2025-05-05,1008.5,1.12,1129.52,44.67,1056.13,28.72,13.58,1.07,0.05
2030,7140,Barley,Hulled,Wells-Weaver,Wholesaler,Saxony,Online,2025-05-04,906.5,0.4,362.6,44.98,221.42,96.2,23.16,0.39,0.01
2031,3698,Barley,Hulled,Jackson Group,Wholesaler,Bavaria,Cooperative,2025-04-12,1801.7,1.49,2684.53,46.04,2586.45,52.04,19.72,1.44,0.05
2032,12923,Potato,Russet,Smith Ltd,Exporter,Saxony,Direct,2025-05-03,248.0,1.32,327.36,44.23,218.77,64.36,19.56,1.44,-0.12
2033,7701,Corn,Dent,Garcia and Sons,Exporter,Saxony,Cooperative,2025-05-05,446.8,0.32,142.98,11.55,38.06,93.37,12.1,0.32,0.0
2034,8978,Barley,Hulled,Carter-Obrien,Retailer,Hesse,Online,2024-08-20,814.4,0.83,675.95,48.65,548.58,78.72,10.65,0.87,-0.04
2035,11154,Potato,Russet,Walker Ltd,Exporter,Lower Saxony,Online,2025-04-27,793.8,0.69,547.72,5.75,524.75,17.22,6.04,0.65,0.04
2036,2154,Potato,Russet,Johnson-Baker,Retailer,Brandenburg,Direct,2025-02-11,1391.5,1.36,1892.44,45.45,1792.09,54.9,15.92,1.28,0.08
2037,973,Wheat,Emmer,Herring LLC,Wholesaler,Hesse,Direct,2025-05-05,847.4,1.48,1254.15,11.27,1230.62,12.26,11.3,1.42,0.06
2038,6618,Corn,Sweet,Mahoney PLC,Retailer,Hesse,Online,2025-04-16,1243.6,0.92,1144.11,49.86,1017.91,76.34,11.45,0.99,-0.07
2039,2102,Soybean,Black,"Maldonado, Perez and Williams",Exporter,Bavaria,Online,2025-01-25,1642.1,1.31,2151.15,32.4,2025.16,93.59,14.83,1.44,-0.13
2040,10715,Soybean,Yellow,Navarro-Jacobs,Exporter,Lower Saxony,Cooperative,2025-03-01,711.3,1.32,938.92,24.38,899.88,14.66,23.28,1.43,-0.11
2041,11604,Wheat,Emmer,Baker-Ochoa,Exporter,Bavaria,Online,2025-01-14,789.7,0.95,750.22,18.62,662.98,68.62,13.2,0.95,0.0
2042,6664,Barley,Hulless,"Patterson, Hernandez and Morris",Wholesaler,Bavaria,Online,2025-02-27,446.8,1.33,594.24,38.04,464.94,91.26,18.69,1.34,-0.01
2043,6838,Wheat,Durum,"Mclean, Mora and Lewis",Wholesaler,Saxony,Online,2025-04-16,1933.9,1.26,2436.71,15.52,2362.39,58.8,20.56,1.27,-0.01
2044,6252,Barley,Hulless,Garcia-Mathews,Wholesaler,Bavaria,Online,2024-10-07,330.5,1.5,495.75,44.1,374.57,77.08,23.22,1.4,0.1
2045,3466,Soybean,Yellow,Romero-Henderson,Exporter,Bavaria,Online,2024-09-26,656.0,1.29,846.24,12.99,812.7,20.55,9.1,1.34,-0.05
2046,12649,Barley,Hulless,Golden-Swanson,Exporter,Brandenburg,Cooperative,2024-08-04,1947.2,1.06,2064.03,26.24,1991.37,46.42,12.55,1.02,0.04
2047,2781,Wheat,Durum,Evans-Mayo,Retailer,Bavaria,Direct,2025-01-08,386.1,1.31,505.79,34.11,442.68,29.0,21.71,1.35,-0.04
2048,5074,Soybean,Yellow,Carpenter Group,Retailer,Lower Saxony,Cooperative,2025-03-11,740.8,1.4,1037.12,28.41,971.83,36.88,9.33,1.29,0.11
2049,9642,Corn,Sweet,Wu Inc,Retailer,Saxony,Cooperative,2025-05-05,1522.0,0.51,776.22,0.5,733.43,42.29,22.6,0.5,0.01
2050,11748,Wheat,Emmer,Osborne-Ballard,Exporter,Lower Saxony,Cooperative,2025-05-04,1325.0,0.31,410.75,8.53,388.66,13.56,6.22,0.33,-0.02
2051,1009,Soybean,Yellow,"Roy, Martin and Kim",Retailer,Bavaria,Online,2025-05-05,1092.7,1.03,1125.48,46.0,1002.53,76.95,18.77,1.0,0.03
2052,6766,Wheat,Durum,Johnson-Smith,Exporter,Hesse,Direct,2025-03-03,1081.6,0.47,508.35,6.62,403.4,98.33,24.7,0.46,0.01
2053,1041,Barley,Hulled,Oconnor Inc,Wholesaler,Bavaria,Online,2025-05-05,1782.1,1.33,2370.19,23.04,2259.95,87.2,18.38,1.36,-0.03
2054,4176,Potato,Red,"Cummings, Barnett and Rich",Wholesaler,Bavaria,Cooperative,2025-05-05,222.0,0.68,150.96,42.01,93.94,15.01,19.93,0.62,0.06
2055,4766,Soybean,Yellow,Simmons-Brady,Retailer,Bavaria,Direct,2024-10-27,633.5,0.62,392.77,19.01,282.52,91.24,14.93,0.6,0.02
2056,14782,Barley,Hulled,"Lamb, Sutton and Reid",Exporter,Bavaria,Cooperative,2024-11-26,1488.8,1.19,1771.67,2.04,1745.35,24.28,13.23,1.13,0.06
2057,9595,Wheat,Emmer,Sanchez-Rodriguez,Retailer,Hesse,Cooperative,2025-03-02,1888.0,1.5,2832.0,23.23,2716.34,92.43,6.95,1.39,0.11
2058,4377,Barley,Hulless,Paul-Gardner,Retailer,Bavaria,Online,2025-05-05,400.5,0.99,396.5,34.46,314.87,47.17,18.86,0.97,0.02
2059,10585,Wheat,Durum,Gill Inc,Wholesaler,Saxony,Cooperative,2025-02-05,1680.5,0.61,1025.1,28.39,983.85,12.86,11.41,0.57,0.04
2060,10726,Corn,Dent,"Parker, Sanders and Smith",Retailer,Saxony,Online,2025-01-13,331.5,0.59,195.58,17.2,83.16,95.22,5.05,0.62,-0.03
2061,2724,Potato,Red,Boyd-Pierce,Wholesaler,Bavaria,Direct,2025-01-08,984.0,0.91,895.44,27.63,769.83,97.98,18.04,0.88,0.03
2062,940,Soybean,Black,Scott-Cooper,Retailer,Lower Saxony,Cooperative,2025-05-05,616.8,0.74,456.43,36.19,365.82,54.42,23.29,0.71,0.03
2063,12859,Wheat,Emmer,"Duke, Mendoza and Palmer",Exporter,Hesse,Direct,2023-12-26,290.1,0.65,188.57,32.69,96.8,59.08,14.25,0.6,0.05
2064,7952,Soybean,Black,Beasley LLC,Retailer,Lower Saxony,Online,2025-01-06,652.5,0.77,502.42,4.72,484.52,13.18,21.37,0.73,0.04
2065,6593,Potato,Red,Middleton-Becker,Retailer,Hesse,Direct,2025-04-01,474.0,1.38,654.12,49.21,562.6,42.31,16.83,1.26,0.12
2066,9331,Wheat,Durum,Holder Inc,Exporter,Hesse,Cooperative,2025-03-01,640.9,0.41,262.77,43.62,155.82,63.33,20.88,0.45,-0.04
2067,3105,Soybean,Yellow,"Tucker, Martinez and Miller",Wholesaler,Saxony,Direct,2025-04-19,788.2,1.46,1150.77,7.44,1055.74,87.59,15.93,1.44,0.02
2068,13574,Potato,Russet,Strong Inc,Exporter,Saxony,Online,2025-01-24,1204.3,1.29,1553.55,11.18,1491.88,50.49,10.92,1.23,0.06
2069,4767,Barley,Hulless,Kerr-Keith,Retailer,Bavaria,Direct,2024-10-18,676.5,0.61,412.66,39.77,311.44,61.45,11.15,0.62,-0.01
2070,8467,Potato,Russet,Ross Group,Exporter,Bavaria,Direct,2025-01-04,803.2,0.91,730.91,20.31,667.02,43.58,17.76,0.83,0.08
2071,8146,Barley,Hulless,Moore Group,Wholesaler,Hesse,Cooperative,2024-08-07,260.9,0.51,133.06,14.58,97.94,20.54,18.54,0.52,-0.01
2072,5806,Corn,Dent,Guzman-Mcclure,Exporter,Saxony,Cooperative,2025-04-08,1498.5,1.41,2112.88,34.95,2008.65,69.28,15.68,1.28,0.13
2073,11317,Barley,Hulled,"Lynch, Mora and Williams",Exporter,Saxony,Cooperative,2025-02-21,757.1,1.49,1128.08,11.14,1053.94,63.0,9.82,1.46,0.03
2074,7353,Soybean,Yellow,Goodwin-Rogers,Wholesaler,Bavaria,Cooperative,2025-04-29,325.6,0.76,247.46,37.35,150.11,60.0,6.2,0.83,-0.07
2075,8896,Barley,Hulless,"Smith, Cole and Carroll",Retailer,Bavaria,Online,2025-03-18,1231.3,1.07,1317.49,44.57,1183.14,89.78,6.75,0.98,0.09
2076,6670,Soybean,Black,"Cross, Salazar and Hernandez",Exporter,Saxony,Direct,2025-03-29,259.5,1.11,288.04,25.64,175.31,87.09,8.26,1.15,-0.04
2077,2790,Barley,Hulless,Silva-Morgan,Wholesaler,Bavaria,Cooperative,2025-03-17,964.0,1.17,1127.88,1.71,1076.3,49.87,6.97,1.08,0.09
2078,3766,Wheat,Durum,"Clark, Brock and Blackburn",Retailer,Lower Saxony,Cooperative,2025-05-05,1009.9,1.01,1020.0,45.27,885.55,89.18,9.92,1.0,0.01
2079,10089,Barley,Hulled,"Rhodes, Pierce and Poole",Wholesaler,Brandenburg,Direct,2025-03-07,1641.1,0.83,1362.11,45.24,1246.6,70.27,9.39,0.77,0.06
2080,12554,Potato,Russet,"Juarez, Lopez and Richardson",Wholesaler,Bavaria,Direct,2024-09-19,792.9,0.41,325.09,27.95,244.06,53.08,16.03,0.4,0.01
2081,3251,Corn,Dent,Smith-Buchanan,Retailer,Saxony,Online,2024-12-18,1568.4,0.59,925.36,2.68,911.84,10.84,18.54,0.64,-0.05
2082,1866,Barley,Hulless,Petty Ltd,Retailer,Lower Saxony,Cooperative,2024-03-07,1730.6,1.33,2301.7,41.33,2179.48,80.89,9.76,1.47,-0.14
2083,5481,Barley,Hulless,Jacobs Inc,Wholesaler,Brandenburg,Online,2025-03-21,1889.8,1.0,1889.8,41.06,1798.08,50.66,21.13,1.04,-0.04
2084,14673,Barley,Hulled,"Cooper, Ortiz and Solis",Exporter,Saxony,Direct,2025-04-23,1177.5,0.42,494.55,37.23,439.62,17.7,8.35,0.44,-0.02
2085,12944,Wheat,Durum,Walker Ltd,Wholesaler,Saxony,Online,2025-05-05,592.0,0.59,349.28,38.81,224.69,85.78,18.63,0.62,-0.03
2086,7917,Potato,Red,"Wang, Johnson and Lee",Exporter,Saxony,Direct,2025-05-02,1142.1,0.89,1016.47,16.73,910.28,89.46,15.65,0.9,-0.01
2087,12210,Barley,Hulless,Cline LLC,Exporter,Saxony,Online,2025-05-04,1649.6,1.23,2029.01,22.68,1991.51,14.82,24.29,1.31,-0.08
2088,12337,Corn,Sweet,Miller Inc,Retailer,Hesse,Online,2025-05-05,1877.6,0.62,1164.11,19.29,1054.83,89.99,12.94,0.6,0.02
2089,1360,Potato,Russet,Johnston Inc,Exporter,Brandenburg,Direct,2024-01-27,451.2,0.47,212.06,14.94,171.39,25.73,5.52,0.44,0.03
2090,3761,Soybean,Yellow,Ellis-Ellison,Wholesaler,Hesse,Cooperative,2025-03-17,207.0,0.96,198.72,5.24,161.98,31.5,8.83,0.93,0.03
2091,3035,Soybean,Black,Armstrong-Torres,Wholesaler,Lower Saxony,Direct,2024-05-31,1047.7,0.71,743.87,22.77,658.61,62.49,24.27,0.74,-0.03
2092,12254,Potato,Russet,Stephens Group,Exporter,Saxony,Online,2024-09-26,1415.5,0.39,552.05,12.9,518.02,21.13,10.03,0.37,0.02
2093,377,Corn,Dent,"Pena, Jackson and Burgess",Exporter,Saxony,Direct,2025-03-03,1313.0,0.91,1194.83,24.87,1155.22,14.74,13.38,0.9,0.01
2094,8843,Wheat,Emmer,"Clark, Johnson and Mahoney",Retailer,Hesse,Online,2025-05-05,1598.7,1.14,1822.52,42.97,1707.38,72.17,8.56,1.21,-0.07
2095,6097,Corn,Sweet,May-Chapman,Exporter,Brandenburg,Cooperative,2025-05-05,476.5,1.51,719.52,5.91,654.76,58.85,8.4,1.4,0.11
2096,8022,Soybean,Yellow,Young Ltd,Retailer,Lower Saxony,Cooperative,2025-05-05,1526.2,1.32,2014.58,15.74,1938.26,60.58,7.94,1.33,-0.01
2097,6838,Wheat,Durum,Smith-Gillespie,Exporter,Saxony,Online,2025-04-05,1491.6,1.23,1834.67,9.89,1769.21,55.57,23.98,1.27,-0.04
2098,5058,Barley,Hulless,Barnes Group,Exporter,Saxony,Cooperative,2025-01-22,1655.5,0.75,1241.62,38.42,1149.58,53.62,21.88,0.81,-0.06
2099,3911,Corn,Sweet,"Martinez, Mckee and Cox",Retailer,Brandenburg,Online,2025-01-29,1800.2,1.37,2466.27,49.76,2372.68,43.83,6.53,1.45,-0.08
2100,1040,Wheat,Durum,Bryan PLC,Wholesaler,Brandenburg,Cooperative,2025-04-29,355.2,0.82,291.26,20.33,220.51,50.42,8.18,0.78,0.04
2101,13131,Wheat,Durum,Riley-Johnson,Wholesaler,Brandenburg,Online,2025-04-15,1743.1,0.76,1324.76,20.39,1246.96,57.41,11.48,0.75,0.01
2102,12823,Corn,Sweet,"Mays, Carroll and Mclean",Retailer,Saxony,Cooperative,2025-05-05,1102.1,0.59,650.24,39.75,530.61,79.88,21.87,0.62,-0.03
2103,2080,Potato,Russet,"Perry, Gray and Richard",Retailer,Brandenburg,Cooperative,2025-04-11,1115.3,1.31,1461.04,5.11,1398.75,57.18,18.59,1.27,0.04
2104,14269,Barley,Hulled,Cook Ltd,Wholesaler,Lower Saxony,Direct,2024-12-18,1962.3,0.9,1766.07,14.98,1721.71,29.38,20.84,0.95,-0.05
2105,10651,Soybean,Black,Kidd and Sons,Wholesaler,Brandenburg,Cooperative,2025-02-11,1368.6,1.11,1519.15,32.3,1414.92,71.93,10.64,1.12,-0.01
2106,10452,Corn,Sweet,"Carroll, Bowers and Estrada",Exporter,Lower Saxony,Online,2025-04-20,1833.3,0.63,1154.98,3.09,1072.55,79.34,6.65,0.63,0.0
2107,14161,Soybean,Black,Watson Ltd,Exporter,Saxony,Direct,2025-01-10,1062.0,1.2,1274.4,15.55,1195.94,62.91,14.22,1.17,0.03
2108,2857,Wheat,Emmer,Cherry-Smith,Exporter,Lower Saxony,Cooperative,2025-04-20,1018.8,0.47,478.84,41.95,410.57,26.32,5.93,0.51,-0.04
2109,2489,Corn,Sweet,Copeland-Santos,Exporter,Bavaria,Cooperative,2024-12-01,1203.7,1.49,1793.51,23.62,1674.39,95.5,9.58,1.46,0.03
2110,5011,Potato,Red,Floyd-Robinson,Retailer,Bavaria,Cooperative,2025-03-26,1372.5,0.53,727.42,11.45,657.38,58.59,22.88,0.53,0.0
2111,11541,Wheat,Durum,Downs LLC,Exporter,Bavaria,Cooperative,2025-03-09,730.9,1.07,782.06,25.84,687.22,69.0,7.27,1.13,-0.06
2112,14935,Soybean,Yellow,Arnold and Sons,Wholesaler,Brandenburg,Online,2024-02-18,1114.1,1.42,1582.02,46.02,1476.07,59.93,23.11,1.37,0.05
2113,6243,Soybean,Black,Ramirez Ltd,Retailer,Hesse,Cooperative,2025-03-20,1334.0,0.49,653.66,49.62,562.03,42.01,9.86,0.46,0.03
2114,12569,Soybean,Yellow,Brown Inc,Retailer,Bavaria,Online,2024-12-25,847.7,0.98,830.75,21.66,772.9,36.19,15.59,1.02,-0.04
2115,7457,Corn,Sweet,Kennedy-Brown,Retailer,Lower Saxony,Cooperative,2024-04-24,1909.0,0.86,1641.74,28.79,1569.16,43.79,15.37,0.79,0.07
2116,6405,Soybean,Yellow,"Jordan, Lynch and Deleon",Wholesaler,Lower Saxony,Online,2024-05-11,267.8,0.71,190.14,37.53,105.25,47.36,21.2,0.7,0.01
2117,9368,Corn,Dent,Conley Group,Exporter,Bavaria,Direct,2024-10-07,804.2,1.41,1133.92,24.46,1079.77,29.69,23.98,1.33,0.08
2118,242,Soybean,Yellow,"Cox, Morris and Baker",Retailer,Bavaria,Cooperative,2025-03-04,221.5,1.12,248.08,32.78,144.89,70.41,21.76,1.12,0.0
2119,2853,Wheat,Durum,"Adams, Morton and Price",Retailer,Lower Saxony,Online,2024-06-12,1626.8,0.98,1594.26,17.51,1549.35,27.4,8.64,1.09,-0.11
2120,650,Potato,Russet,Johnson-Hill,Retailer,Bavaria,Cooperative,2025-04-16,1068.0,1.01,1078.68,27.27,1028.38,23.03,15.06,1.07,-0.06
2121,1618,Barley,Hulless,Fisher-Davis,Exporter,Lower Saxony,Cooperative,2025-04-08,351.0,1.6,561.6,2.63,484.03,74.94,5.11,1.49,0.11
2122,10056,Corn,Sweet,Woodard Ltd,Retailer,Hesse,Direct,2024-09-26,395.5,1.24,490.42,18.62,378.86,92.94,15.51,1.36,-0.12
2123,138,Potato,Red,Harmon-Washington,Retailer,Brandenburg,Online,2025-05-05,674.8,0.96,647.81,39.18,522.01,86.62,7.28,0.91,0.05
2124,11492,Corn,Sweet,Davis-Beltran,Exporter,Saxony,Direct,2024-07-28,1500.5,1.13,1695.56,19.77,1653.2,22.59,23.01,1.23,-0.1
2125,14500,Soybean,Yellow,"Lee, Jones and Bradley",Exporter,Hesse,Online,2025-03-29,1514.5,1.12,1696.24,27.24,1581.22,87.78,24.99,1.17,-0.05
2126,9679,Wheat,Durum,Lowe-Wilkins,Exporter,Lower Saxony,Direct,2025-03-14,561.0,1.18,661.98,16.8,592.32,52.86,11.11,1.11,0.07
2127,11885,Corn,Dent,Webster-Ward,Wholesaler,Saxony,Online,2024-02-22,1814.9,1.38,2504.56,3.26,2471.67,29.63,9.23,1.28,0.1
2128,9481,Barley,Hulless,"Beard, Case and Smith",Retailer,Bavaria,Direct,2024-12-16,923.5,0.65,600.28,6.42,575.81,18.05,22.05,0.63,0.02
2129,9652,Wheat,Durum,Martinez LLC,Retailer,Brandenburg,Cooperative,2025-05-05,1421.5,0.97,1378.86,48.41,1233.03,97.42,11.88,0.98,-0.01
2130,533,Soybean,Black,Soto Inc,Wholesaler,Saxony,Online,2025-04-24,423.2,1.56,660.19,8.12,597.8,54.27,10.72,1.42,0.14
2131,1941,Potato,Russet,Wilson Ltd,Wholesaler,Brandenburg,Direct,2025-03-14,849.8,1.32,1121.74,37.8,1015.11,68.83,14.77,1.39,-0.07
2132,2605,Soybean,Black,Ayala PLC,Retailer,Hesse,Direct,2025-02-26,802.2,0.78,625.72,28.01,560.53,37.18,15.71,0.74,0.04
2133,2698,Corn,Dent,Glass-Herrera,Wholesaler,Hesse,Cooperative,2025-02-26,1450.7,1.47,2132.53,19.7,2042.0,70.83,22.58,1.4,0.07
2134,3064,Barley,Hulless,Frank Ltd,Retailer,Bavaria,Online,2025-01-31,922.5,0.57,525.82,17.01,453.92,54.89,11.56,0.57,0.0
2135,4634,Potato,Russet,Morgan Inc,Exporter,Saxony,Direct,2025-01-13,1625.4,0.69,1121.53,12.68,1072.96,35.89,11.12,0.74,-0.05
2136,4594,Potato,Red,Peterson and Sons,Retailer,Brandenburg,Online,2025-04-25,882.3,0.35,308.8,7.53,285.64,15.63,21.3,0.35,0.0
2137,13073,Soybean,Black,"Lucas, Flores and Pope",Wholesaler,Brandenburg,Direct,2024-11-30,285.8,1.51,431.56,46.34,293.84,91.38,19.98,1.46,0.05
2138,12367,Barley,Hulled,"Hernandez, Molina and Garcia",Retailer,Hesse,Cooperative,2025-04-16,748.9,0.91,681.5,35.11,559.89,86.5,15.54,0.84,0.07
2139,6103,Wheat,Emmer,"Flynn, Harvey and Bradford",Wholesaler,Bavaria,Online,2025-04-16,1774.6,0.71,1259.97,40.66,1201.31,18.0,20.49,0.7,0.01
2140,1242,Potato,Russet,Young-Rodriguez,Exporter,Saxony,Cooperative,2025-04-21,1896.4,1.32,2503.25,32.28,2421.02,49.95,5.88,1.24,0.08
2141,14189,Potato,Russet,Nash PLC,Wholesaler,Hesse,Cooperative,2024-10-31,1170.6,0.33,386.3,20.18,318.83,47.29,5.52,0.33,0.0
2142,7396,Corn,Sweet,"Turner, Diaz and Contreras",Retailer,Saxony,Direct,2024-11-20,1168.5,1.15,1343.78,2.58,1316.16,25.04,12.62,1.18,-0.03
2143,14060,Corn,Sweet,Cantrell-Black,Exporter,Bavaria,Cooperative,2024-05-31,1298.1,0.65,843.76,30.55,782.0,31.21,14.91,0.69,-0.04
2144,8216,Potato,Red,"Anderson, Porter and Salinas",Wholesaler,Saxony,Direct,2025-05-05,640.7,1.31,839.32,31.78,795.08,12.46,7.42,1.31,0.0
2145,4203,Potato,Red,Bowen-Adams,Exporter,Bavaria,Online,2024-02-11,794.6,0.52,413.19,10.31,348.67,54.21,14.67,0.5,0.02
2146,12919,Wheat,Durum,"Patterson, Watson and Gonzalez",Retailer,Saxony,Direct,2025-04-25,1858.4,1.1,2044.24,15.82,2006.04,22.38,12.36,1.01,0.09
2147,13473,Potato,Russet,Oconnell Group,Retailer,Brandenburg,Online,2025-02-23,715.7,1.44,1030.61,23.05,928.8,78.76,8.97,1.4,0.04
2148,13584,Wheat,Durum,"Duncan, Romero and Wilson",Exporter,Saxony,Cooperative,2024-10-22,1695.1,1.05,1779.86,45.43,1647.97,86.46,21.54,1.01,0.04
2149,5213,Wheat,Emmer,Peters Ltd,Wholesaler,Saxony,Direct,2024-10-23,1596.9,1.47,2347.44,5.51,2292.97,48.96,17.03,1.42,0.05
2150,6800,Barley,Hulled,Johnson-Long,Retailer,Brandenburg,Cooperative,2024-12-07,879.6,0.48,422.21,28.07,336.97,57.17,9.31,0.47,0.01
2151,9940,Soybean,Black,"Colon, Silva and Rodriguez",Retailer,Lower Saxony,Cooperative,2024-09-22,1096.4,1.33,1458.21,6.49,1385.54,66.18,12.2,1.28,0.05
2152,12310,Soybean,Yellow,Rhodes-Rowe,Exporter,Bavaria,Cooperative,2024-12-22,1205.6,0.66,795.7,31.29,682.74,81.67,8.29,0.61,0.05
2153,3369,Wheat,Emmer,Hall Group,Wholesaler,Saxony,Online,2024-06-17,1132.6,0.75,849.45,14.14,776.47,58.84,5.28,0.72,0.03
2154,1945,Corn,Sweet,Martin Inc,Exporter,Saxony,Online,2025-04-07,1666.3,0.79,1316.38,43.38,1190.99,82.01,13.55,0.8,-0.01
2155,12476,Barley,Hulless,Cooper Group,Exporter,Brandenburg,Cooperative,2025-04-11,1145.5,1.1,1260.05,34.75,1182.78,42.52,10.92,1.12,-0.02
2156,11402,Potato,Russet,"Richmond, Singh and Powell",Exporter,Brandenburg,Direct,2025-03-18,1581.3,1.26,1992.44,33.7,1922.7,36.04,13.89,1.26,0.0
2157,9179,Potato,Red,Williams-Elliott,Retailer,Hesse,Online,2025-05-05,535.0,0.93,497.55,20.97,464.05,12.53,18.65,0.88,0.05
2158,8094,Potato,Russet,Gutierrez-Graham,Exporter,Lower Saxony,Direct,2025-01-06,1591.3,0.51,811.56,43.95,717.77,49.84,7.38,0.56,-0.05
2159,7940,Potato,Red,Davis-Powers,Retailer,Brandenburg,Cooperative,2024-09-12,1049.2,0.84,881.33,27.21,796.36,57.76,10.04,0.89,-0.05
2160,5353,Corn,Sweet,Hernandez Ltd,Wholesaler,Bavaria,Cooperative,2025-05-05,974.8,1.36,1325.73,27.5,1242.48,55.75,21.36,1.41,-0.05
2161,4614,Wheat,Durum,Johnson Ltd,Exporter,Brandenburg,Direct,2025-02-01,1433.3,1.05,1504.96,37.95,1386.35,80.66,18.06,1.07,-0.02
2162,10736,Potato,Russet,Henderson-Fox,Wholesaler,Lower Saxony,Direct,2024-09-05,1823.3,0.36,656.39,39.97,590.51,25.91,17.07,0.33,0.03
2163,5001,Potato,Russet,Knight-Archer,Retailer,Saxony,Direct,2024-11-28,943.1,0.96,905.38,7.82,864.6,32.96,6.24,1.06,-0.1
2164,1929,Wheat,Emmer,Baker Group,Wholesaler,Lower Saxony,Online,2024-06-17,645.1,0.98,632.2,5.0,583.48,43.72,11.36,0.98,0.0
2165,9780,Potato,Red,Walker and Sons,Exporter,Brandenburg,Cooperative,2024-07-01,1509.0,0.46,694.14,45.37,630.56,18.21,21.52,0.46,0.0
2166,5527,Barley,Hulless,Foster Ltd,Wholesaler,Lower Saxony,Direct,2024-01-09,1636.1,0.8,1308.88,9.17,1219.98,79.73,24.3,0.82,-0.02
2167,12407,Corn,Sweet,Burke PLC,Exporter,Brandenburg,Online,2025-05-05,842.6,0.62,522.41,14.78,467.51,40.12,15.49,0.66,-0.04
2168,940,Soybean,Black,Mclaughlin Ltd,Exporter,Hesse,Cooperative,2025-05-05,519.7,0.72,374.18,44.91,262.21,67.06,5.73,0.71,0.01
2169,7667,Wheat,Emmer,Marshall-Benson,Exporter,Bavaria,Online,2024-10-31,1677.2,0.9,1509.48,38.67,1444.43,26.38,18.06,0.97,-0.07
2170,7679,Barley,Hulless,Newman Inc,Exporter,Brandenburg,Cooperative,2024-07-29,210.3,1.35,283.91,11.95,183.94,88.02,13.87,1.31,0.04
2171,2237,Corn,Dent,Gomez-Kim,Exporter,Hesse,Cooperative,2025-03-31,858.1,0.61,523.44,29.93,398.28,95.23,9.71,0.57,0.04
2172,13683,Barley,Hulled,Wise Ltd,Wholesaler,Lower Saxony,Online,2025-01-30,1791.3,1.29,2310.78,22.27,2250.08,38.43,8.22,1.41,-0.12
2173,3979,Wheat,Emmer,Durham LLC,Exporter,Brandenburg,Cooperative,2025-04-18,416.6,0.35,145.81,49.44,50.09,46.28,11.95,0.33,0.02
2174,7971,Wheat,Emmer,Williamson-Hudson,Wholesaler,Lower Saxony,Online,2024-10-17,1012.9,0.78,790.06,27.8,698.99,63.27,14.74,0.77,0.01
2175,10692,Potato,Red,White PLC,Wholesaler,Saxony,Online,2025-04-25,1772.1,0.56,992.38,31.85,899.82,60.71,5.42,0.56,0.0
2176,7208,Potato,Red,"Christian, Schroeder and Cook",Exporter,Lower Saxony,Cooperative,2024-07-15,1353.4,0.46,622.56,10.23,583.64,28.69,18.58,0.43,0.03
2177,13107,Soybean,Yellow,Garcia-Gallagher,Wholesaler,Brandenburg,Online,2025-05-05,1524.0,1.12,1706.88,6.95,1610.53,89.4,6.89,1.03,0.09
2178,14026,Soybean,Yellow,Meadows LLC,Exporter,Saxony,Cooperative,2025-05-05,738.2,0.51,376.48,7.08,327.13,42.27,10.2,0.51,0.0
2179,2797,Potato,Russet,Zhang Group,Retailer,Hesse,Direct,2025-02-28,1797.0,1.3,2336.1,38.06,2251.33,46.71,16.9,1.38,-0.08
2180,12331,Soybean,Black,Villa Inc,Wholesaler,Lower Saxony,Direct,2025-04-09,1700.8,0.48,816.38,27.35,762.95,26.08,21.6,0.53,-0.05
2181,6386,Soybean,Black,Johnson-Archer,Retailer,Lower Saxony,Direct,2024-03-20,671.2,1.26,845.71,37.7,781.38,26.63,9.37,1.22,0.04
2182,10798,Soybean,Black,"Castillo, Cisneros and Vincent",Retailer,Brandenburg,Cooperative,2025-04-30,380.2,0.64,243.33,49.93,100.59,92.81,8.81,0.62,0.02
2183,3606,Potato,Russet,"Hansen, Saunders and Blankenship",Retailer,Saxony,Online,2024-12-27,590.1,0.97,572.4,21.2,481.78,69.42,13.49,1.0,-0.03
2184,11035,Corn,Dent,Peterson Ltd,Exporter,Brandenburg,Cooperative,2025-04-30,563.3,1.1,619.63,32.04,576.29,11.3,13.56,1.07,0.03
2185,3942,Soybean,Yellow,"Robbins, Hernandez and Smith",Wholesaler,Lower Saxony,Direct,2025-05-02,1684.3,0.63,1061.11,36.18,985.94,38.99,6.81,0.65,-0.02
2186,7770,Barley,Hulled,Matthews-Tucker,Wholesaler,Brandenburg,Direct,2025-05-05,1340.8,0.45,603.36,16.13,568.08,19.15,16.14,0.47,-0.02
2187,6003,Barley,Hulled,Moore-Martinez,Wholesaler,Lower Saxony,Cooperative,2024-12-03,1334.0,1.45,1934.3,20.52,1888.23,25.55,12.0,1.42,0.03
2188,13034,Wheat,Durum,"Hawkins, Martinez and Rollins",Exporter,Brandenburg,Direct,2024-10-15,225.9,0.87,196.53,21.82,93.19,81.52,7.59,0.9,-0.03
2189,5236,Corn,Sweet,"Curry, Cobb and Simmons",Exporter,Saxony,Direct,2024-04-23,562.4,1.34,753.62,28.46,685.32,39.84,17.05,1.26,0.08
2190,11606,Corn,Dent,Sloan and Sons,Exporter,Brandenburg,Cooperative,2025-05-05,515.5,0.71,366.0,6.83,270.47,88.7,20.59,0.65,0.06
2191,7171,Potato,Red,Robinson Group,Wholesaler,Hesse,Online,2025-05-05,1725.9,0.6,1035.54,23.37,962.86,49.31,11.48,0.58,0.02
2192,11543,Barley,Hulled,"Collier, Brooks and Campbell",Exporter,Bavaria,Cooperative,2025-01-08,1262.5,0.85,1073.12,15.09,1029.71,28.32,13.46,0.87,-0.02
2193,11862,Potato,Russet,"Kelley, Abbott and Barajas",Wholesaler,Lower Saxony,Direct,2025-03-23,1079.9,0.86,928.71,39.01,848.41,41.29,22.93,0.93,-0.07
2194,5174,Barley,Hulled,Lyons-Nicholson,Retailer,Brandenburg,Cooperative,2025-03-29,1172.2,1.45,1699.69,38.55,1628.74,32.4,17.49,1.41,0.04
2195,10742,Soybean,Black,Walker PLC,Exporter,Hesse,Direct,2025-02-11,1257.0,0.7,879.9,40.61,789.04,50.25,23.4,0.75,-0.05
2196,14267,Wheat,Durum,"Bell, Hebert and Barrera",Retailer,Saxony,Direct,2025-03-26,935.4,0.44,411.58,44.66,293.01,73.91,14.45,0.48,-0.04
2197,1454,Corn,Dent,"Rodriguez, Armstrong and Cooper",Wholesaler,Saxony,Cooperative,2025-04-04,1543.6,0.53,818.11,6.28,748.82,63.01,6.93,0.59,-0.06
2198,13216,Soybean,Yellow,Gardner Inc,Exporter,Lower Saxony,Online,2024-09-06,1084.2,1.53,1658.83,47.04,1534.44,77.35,16.86,1.42,0.11
2199,2546,Barley,Hulled,Martin-Russo,Exporter,Lower Saxony,Cooperative,2025-03-03,1310.6,1.22,1598.93,14.35,1490.49,94.09,16.43,1.14,0.08
2200,2523,Wheat,Durum,Walton-Dominguez,Retailer,Brandenburg,Cooperative,2024-07-25,1098.1,1.42,1559.3,13.89,1522.15,23.26,14.76,1.33,0.09
2201,12939,Potato,Red,West Group,Wholesaler,Lower Saxony,Direct,2025-04-29,235.1,0.4,94.04,6.99,46.18,40.87,24.39,0.43,-0.03
2202,11845,Potato,Red,"Anthony, Francis and Allen",Retailer,Lower Saxony,Online,2025-04-16,968.2,0.47,455.05,11.69,412.67,30.69,7.99,0.45,0.02
2203,1603,Wheat,Durum,Thomas-Rubio,Exporter,Bavaria,Direct,2025-05-04,209.1,1.33,278.1,0.74,177.72,99.64,19.99,1.44,-0.11
2204,11714,Soybean,Black,Brown-Walker,Retailer,Brandenburg,Direct,2025-04-23,977.4,0.53,518.02,44.97,458.53,14.52,5.72,0.53,0.0
2205,9190,Corn,Sweet,"Singh, Dixon and Barber",Retailer,Bavaria,Cooperative,2024-06-06,1387.6,0.82,1137.83,22.58,1082.4,32.85,8.3,0.81,0.01
2206,714,Corn,Sweet,"Jones, Wolf and Simon",Retailer,Saxony,Direct,2024-12-06,1117.3,0.29,324.02,47.61,192.27,84.14,19.56,0.32,-0.03
2207,10595,Wheat,Emmer,Torres-Bennett,Exporter,Hesse,Cooperative,2025-02-23,1576.2,0.83,1308.25,14.99,1216.04,77.22,24.27,0.83,0.0
2208,13032,Wheat,Durum,Woodard-Proctor,Exporter,Hesse,Cooperative,2025-05-01,258.0,0.43,110.94,3.82,55.33,51.79,8.88,0.47,-0.04
2209,3356,Potato,Russet,Robertson PLC,Exporter,Lower Saxony,Cooperative,2024-07-02,1071.6,0.46,492.94,46.57,424.59,21.78,18.09,0.42,0.04
2210,1045,Soybean,Black,Oliver Group,Retailer,Bavaria,Online,2024-09-03,1809.1,1.1,1990.01,30.18,1862.98,96.85,7.88,1.02,0.08
2211,14806,Potato,Red,Conway and Sons,Exporter,Lower Saxony,Direct,2024-10-21,633.8,1.36,861.97,5.3,776.93,79.74,9.53,1.33,0.03
2212,8327,Barley,Hulled,Roy PLC,Exporter,Lower Saxony,Direct,2025-05-05,1485.4,0.7,1039.78,10.34,969.33,60.11,16.31,0.75,-0.05
2213,5210,Barley,Hulled,"Green, Thompson and Lopez",Retailer,Bavaria,Direct,2025-01-19,407.7,0.6,244.62,11.47,202.69,30.46,5.88,0.6,0.0
2214,6904,Soybean,Black,"Herring, Shepherd and Alvarado",Exporter,Hesse,Direct,2024-09-30,1320.3,0.61,805.38,45.74,696.33,63.31,16.46,0.61,0.0
2215,11782,Soybean,Yellow,"Daniels, Rice and Santana",Retailer,Brandenburg,Cooperative,2024-06-03,225.8,1.32,298.06,14.13,228.18,55.75,22.16,1.42,-0.1
2216,5630,Wheat,Emmer,Zimmerman Ltd,Exporter,Lower Saxony,Cooperative,2025-02-17,1118.3,1.05,1174.21,16.49,1095.03,62.69,17.43,1.13,-0.08
2217,296,Wheat,Durum,Anderson-Harris,Retailer,Lower Saxony,Cooperative,2024-11-05,956.6,0.4,382.64,47.76,307.12,27.76,13.33,0.44,-0.04
2218,3376,Corn,Sweet,Winters Ltd,Wholesaler,Brandenburg,Online,2025-03-07,812.5,0.38,308.75,44.0,168.07,96.68,8.25,0.36,0.02
2219,11064,Potato,Red,Myers-White,Wholesaler,Brandenburg,Direct,2024-09-14,972.6,0.95,923.97,13.51,878.07,32.39,24.14,0.87,0.08
2220,8697,Potato,Russet,"Gonzalez, Allison and Ayers",Retailer,Lower Saxony,Online,2024-10-02,710.8,1.47,1044.88,42.61,986.39,15.88,18.74,1.5,-0.03
2221,4226,Wheat,Emmer,Ball-Henry,Retailer,Saxony,Cooperative,2025-02-10,1538.5,1.2,1846.2,24.26,1723.77,98.17,7.49,1.17,0.03
2222,10313,Corn,Dent,"Blackwell, Chavez and Kennedy",Wholesaler,Saxony,Cooperative,2025-05-05,650.7,0.84,546.59,0.31,522.2,24.08,20.21,0.91,-0.07
2223,3848,Corn,Sweet,Allen Group,Exporter,Lower Saxony,Direct,2025-04-01,246.7,0.54,133.22,43.72,71.71,17.79,15.62,0.59,-0.05
2224,4753,Barley,Hulless,"Sawyer, Cuevas and Ruiz",Exporter,Saxony,Online,2025-05-05,1989.7,0.71,1412.69,1.67,1370.74,40.28,21.8,0.65,0.06
2225,13612,Potato,Red,"Hanna, Lawrence and Rojas",Exporter,Lower Saxony,Online,2024-05-05,1433.8,0.48,688.22,45.35,607.44,35.43,6.41,0.49,-0.01
2226,1044,Wheat,Durum,Mosley LLC,Exporter,Bavaria,Direct,2024-06-18,443.7,0.83,368.27,7.22,327.69,33.36,9.99,0.9,-0.07
2227,11128,Soybean,Black,"Crosby, Hanna and Mahoney",Retailer,Brandenburg,Direct,2024-11-15,1064.3,1.39,1479.38,14.83,1451.52,13.03,5.12,1.3,0.09
2228,8260,Wheat,Emmer,"Smith, Herrera and Reyes",Exporter,Lower Saxony,Online,2024-01-18,1883.4,0.87,1638.56,36.56,1522.23,79.77,10.17,0.95,-0.08
2229,1514,Corn,Dent,Briggs Ltd,Retailer,Saxony,Online,2025-05-05,903.0,1.05,948.15,16.24,887.28,44.63,20.75,1.03,0.02
2230,8864,Soybean,Yellow,"Hicks, Anderson and Simmons",Retailer,Saxony,Cooperative,2024-11-29,1753.8,0.39,683.98,2.98,611.77,69.23,8.75,0.36,0.03
2231,2936,Corn,Dent,Martinez-Glenn,Retailer,Saxony,Cooperative,2025-04-12,1494.6,0.99,1479.65,41.44,1412.5,25.71,14.37,0.96,0.03
2232,12328,Barley,Hulled,"Farmer, Foley and Harmon",Retailer,Bavaria,Cooperative,2024-02-06,534.1,0.76,405.92,22.15,321.35,62.42,13.85,0.78,-0.02
2233,6585,Wheat,Emmer,"Thomas, Bass and Garcia",Wholesaler,Bavaria,Cooperative,2024-04-27,616.4,1.19,733.52,29.28,631.55,72.69,23.32,1.31,-0.12
2234,3619,Barley,Hulless,Bailey-Simon,Wholesaler,Brandenburg,Cooperative,2024-05-10,422.6,0.5,211.3,25.65,146.47,39.18,14.44,0.53,-0.03
2235,339,Barley,Hulless,Hess PLC,Exporter,Brandenburg,Cooperative,2024-12-11,445.9,1.3,579.67,24.56,544.74,10.37,24.67,1.32,-0.02
2236,2031,Barley,Hulless,Lin-Holmes,Wholesaler,Saxony,Cooperative,2025-05-05,543.1,1.43,776.63,1.86,753.56,21.21,10.75,1.47,-0.04
2237,4240,Soybean,Yellow,Cervantes Group,Retailer,Hesse,Cooperative,2025-01-16,443.0,0.94,416.42,42.83,309.24,64.35,14.75,0.9,0.04
2238,4074,Barley,Hulless,Burns PLC,Retailer,Bavaria,Online,2025-05-05,373.8,0.42,157.0,6.18,132.97,17.85,5.57,0.45,-0.03
2239,13596,Soybean,Black,"Romero, Wilson and Morgan",Exporter,Hesse,Direct,2024-07-28,1616.9,0.41,662.93,9.29,594.62,59.02,15.72,0.42,-0.01
2240,7479,Corn,Sweet,"Rios, Thompson and Sanchez",Exporter,Lower Saxony,Online,2025-05-05,1979.4,1.12,2216.93,17.38,2171.09,28.46,17.46,1.08,0.04
2241,10750,Wheat,Emmer,"Hall, Austin and Curtis",Wholesaler,Saxony,Online,2025-03-24,1135.8,1.49,1692.34,20.38,1574.78,97.18,19.89,1.38,0.11
2242,11560,Wheat,Durum,Harper-Evans,Exporter,Brandenburg,Direct,2024-03-26,769.3,1.05,807.76,49.06,736.44,22.26,20.21,1.07,-0.02
2243,133,Wheat,Durum,Young-Horn,Exporter,Hesse,Online,2024-08-28,927.3,1.06,982.94,23.74,915.51,43.69,8.0,0.97,0.09
2244,4981,Corn,Dent,"Cook, Diaz and Carroll",Retailer,Brandenburg,Online,2025-01-22,1450.7,0.34,493.24,5.23,415.07,72.94,23.97,0.36,-0.02
2245,3242,Wheat,Durum,"Glass, Kirby and Summers",Retailer,Bavaria,Online,2024-04-26,1963.8,0.34,667.69,26.83,610.01,30.85,16.18,0.36,-0.02
2246,2109,Barley,Hulled,Brooks LLC,Retailer,Bavaria,Online,2024-07-09,371.7,1.02,379.13,38.07,300.22,40.84,12.79,1.06,-0.04
2247,7465,Wheat,Emmer,Robles LLC,Retailer,Brandenburg,Direct,2024-08-14,1380.1,0.55,759.06,41.1,656.41,61.55,17.8,0.52,0.03
2248,5151,Wheat,Durum,Mcgee LLC,Retailer,Bavaria,Cooperative,2024-03-14,1514.2,0.46,696.53,23.47,619.91,53.15,22.08,0.48,-0.02
2249,4794,Wheat,Emmer,"Becker, Mcfarland and Watson",Exporter,Brandenburg,Direct,2025-01-20,777.4,0.83,645.24,12.69,616.03,16.52,9.25,0.79,0.04
2250,475,Barley,Hulled,Brooks-Carr,Retailer,Bavaria,Direct,2025-03-22,320.0,0.68,217.6,33.21,104.08,80.31,12.54,0.63,0.05
2251,7408,Soybean,Yellow,Sexton Ltd,Retailer,Brandenburg,Cooperative,2024-11-09,1181.5,0.87,1027.9,21.14,964.93,41.83,9.14,0.83,0.04
2252,8117,Potato,Red,Jarvis and Sons,Retailer,Lower Saxony,Online,2024-09-15,1596.5,1.38,2203.17,1.57,2165.16,36.44,10.06,1.41,-0.03
2253,6571,Soybean,Black,"Hansen, Nichols and Baker",Wholesaler,Lower Saxony,Direct,2025-01-18,761.0,1.25,951.25,48.12,871.47,31.66,17.74,1.32,-0.07
2254,11406,Barley,Hulled,Delacruz-Mckenzie,Retailer,Lower Saxony,Cooperative,2025-05-05,1822.7,0.65,1184.76,13.84,1152.86,18.06,11.08,0.72,-0.07
2255,14766,Potato,Russet,Hunter Group,Wholesaler,Hesse,Direct,2024-12-01,949.5,1.12,1063.44,22.59,954.89,85.96,17.03,1.12,0.0
2256,3067,Wheat,Emmer,Robertson Group,Wholesaler,Brandenburg,Cooperative,2025-02-16,686.5,0.83,569.79,37.85,473.85,58.09,15.77,0.8,0.03
2257,4917,Potato,Red,Williams Group,Wholesaler,Saxony,Cooperative,2025-05-01,728.0,1.01,735.28,27.29,671.32,36.67,20.35,1.05,-0.04
2258,6208,Barley,Hulless,Williams LLC,Wholesaler,Bavaria,Cooperative,2024-11-09,1247.7,1.37,1709.35,45.5,1602.51,61.34,10.06,1.26,0.11
2259,2115,Potato,Russet,"Scott, Webb and Hart",Exporter,Bavaria,Cooperative,2024-01-19,1468.5,0.65,954.52,7.08,863.84,83.6,5.46,0.59,0.06
2260,6905,Barley,Hulled,"Taylor, Brown and Cox",Wholesaler,Lower Saxony,Direct,2025-01-15,1157.0,0.83,960.31,10.88,927.92,21.51,7.34,0.79,0.04
2261,2771,Wheat,Emmer,"Gonzalez, Ingram and Lyons",Exporter,Bavaria,Online,2024-12-17,200.3,0.54,108.16,5.44,81.57,21.15,18.7,0.59,-0.05
2262,5483,Soybean,Yellow,King-Contreras,Retailer,Saxony,Cooperative,2025-05-01,1050.9,1.48,1555.33,23.13,1485.65,46.55,7.39,1.45,0.03
2263,5579,Barley,Hulless,Andrews LLC,Exporter,Bavaria,Cooperative,2025-04-14,1064.2,1.23,1308.97,32.15,1188.41,88.41,11.53,1.28,-0.05
2264,2149,Potato,Russet,"Smith, Marshall and Hawkins",Retailer,Saxony,Online,2025-04-05,1583.1,1.09,1725.58,20.26,1647.42,57.9,10.1,1.02,0.07
2265,9887,Wheat,Emmer,"Cunningham, Martinez and Fitzgerald",Wholesaler,Saxony,Direct,2024-11-22,699.2,1.36,950.91,19.69,904.51,26.71,11.72,1.44,-0.08
2266,13452,Barley,Hulless,"Graham, Hancock and Thompson",Wholesaler,Brandenburg,Direct,2025-01-29,1277.6,1.21,1545.9,37.34,1438.07,70.49,17.81,1.22,-0.01
2267,13228,Potato,Red,"Benson, Howard and Moore",Exporter,Bavaria,Cooperative,2025-05-05,533.2,1.02,543.86,18.12,483.82,41.92,6.41,0.94,0.08
2268,10513,Barley,Hulless,Miller-Greene,Retailer,Bavaria,Cooperative,2024-04-21,813.7,0.8,650.96,14.09,617.77,19.1,18.36,0.78,0.02
2269,5871,Potato,Russet,Williams-Phillips,Exporter,Hesse,Direct,2025-05-02,236.3,1.21,285.92,24.69,198.98,62.25,22.65,1.3,-0.09
2270,14407,Potato,Russet,"Hurley, Marshall and Miller",Wholesaler,Hesse,Online,2025-03-16,1135.4,1.17,1328.42,1.9,1244.72,81.8,11.93,1.27,-0.1
2271,3637,Soybean,Black,"Edwards, Hill and Miller",Exporter,Bavaria,Online,2024-09-15,555.5,1.14,633.27,33.39,508.07,91.81,18.36,1.18,-0.04
2272,4849,Soybean,Black,"Le, Willis and Morgan",Retailer,Brandenburg,Online,2025-05-05,1110.6,0.75,832.95,49.21,719.23,64.51,17.16,0.69,0.06
2273,57,Corn,Dent,"Allen, Coffey and Garcia",Exporter,Saxony,Online,2025-04-24,1715.2,0.63,1080.58,45.49,1024.68,10.41,7.25,0.63,0.0
2274,4735,Barley,Hulless,White and Sons,Wholesaler,Hesse,Cooperative,2025-02-28,1539.7,1.53,2355.74,24.67,2241.6,89.47,9.94,1.44,0.09
2275,13059,Corn,Sweet,Smith Inc,Retailer,Hesse,Direct,2025-03-13,1361.3,0.43,585.36,48.94,481.01,55.41,6.45,0.41,0.02
2276,9031,Barley,Hulled,Campbell-Hall,Retailer,Bavaria,Cooperative,2025-05-05,855.4,0.81,692.87,3.48,631.72,57.67,12.52,0.78,0.03
2277,14813,Soybean,Yellow,Hurst-Alexander,Wholesaler,Hesse,Direct,2024-10-07,1980.9,1.41,2793.07,44.89,2682.08,66.1,15.2,1.48,-0.07
2278,11975,Soybean,Black,Brown Group,Wholesaler,Bavaria,Direct,2025-03-15,704.4,0.44,309.94,2.89,234.08,72.97,18.72,0.48,-0.04
2279,11319,Soybean,Black,"Edwards, Mosley and Reed",Wholesaler,Saxony,Cooperative,2025-01-01,1273.5,0.65,827.78,9.18,720.97,97.63,17.04,0.72,-0.07
2280,12999,Wheat,Durum,"Small, Arroyo and Mendoza",Wholesaler,Brandenburg,Online,2025-05-05,334.8,0.77,257.8,21.22,169.09,67.49,22.77,0.76,0.01
2281,13620,Wheat,Emmer,"Mclaughlin, Gonzalez and Jackson",Retailer,Lower Saxony,Cooperative,2024-05-08,815.1,0.28,228.23,24.71,141.13,62.39,24.64,0.31,-0.03
2282,6315,Soybean,Yellow,Phillips-Ross,Exporter,Bavaria,Cooperative,2024-12-09,1874.9,0.67,1256.18,19.08,1180.72,56.38,7.05,0.64,0.03
2283,8787,Barley,Hulled,"Schneider, Mason and White",Exporter,Bavaria,Cooperative,2025-04-30,931.0,1.08,1005.48,34.93,884.23,86.32,24.65,1.16,-0.08
2284,12475,Wheat,Emmer,Smith Group,Exporter,Brandenburg,Online,2024-09-13,544.6,0.42,228.73,48.83,147.53,32.37,16.73,0.39,0.03
2285,101,Wheat,Emmer,"Peterson, Booker and Harris",Wholesaler,Hesse,Online,2025-05-05,765.9,1.56,1194.8,7.62,1151.26,35.92,20.42,1.46,0.1
2286,7448,Barley,Hulled,"Mckay, Thompson and Clayton",Retailer,Hesse,Online,2025-02-22,927.1,0.63,584.07,28.47,542.95,12.65,6.76,0.63,0.0
2287,12786,Soybean,Yellow,"Haney, Johnson and Johnson",Exporter,Brandenburg,Direct,2025-05-05,1933.4,0.6,1160.04,46.22,1080.94,32.88,17.56,0.55,0.05
2288,13803,Wheat,Emmer,Moreno-Sims,Exporter,Lower Saxony,Cooperative,2024-04-16,1961.5,0.84,1647.66,13.11,1568.8,65.75,10.41,0.84,0.0
2289,7802,Corn,Sweet,Reyes LLC,Wholesaler,Brandenburg,Cooperative,2025-04-06,844.0,1.17,987.48,39.78,905.15,42.55,21.6,1.16,0.01
2290,8937,Potato,Red,Snow-Butler,Exporter,Brandenburg,Online,2025-05-05,1495.8,1.3,1944.54,24.4,1871.95,48.19,18.78,1.35,-0.05
2291,9707,Barley,Hulled,Boyd-Mcclure,Retailer,Hesse,Direct,2025-04-25,1654.4,0.38,628.67,27.46,540.25,60.96,24.0,0.41,-0.03
2292,8116,Potato,Red,Charles Ltd,Exporter,Lower Saxony,Cooperative,2024-12-14,235.2,0.55,129.36,38.67,1.1,89.59,16.74,0.59,-0.04
2293,13511,Wheat,Emmer,"Taylor, Gonzalez and Rasmussen",Exporter,Saxony,Direct,2025-02-02,404.1,1.13,456.63,42.05,364.48,50.1,20.94,1.26,-0.13
2294,4944,Barley,Hulless,Kerr PLC,Wholesaler,Saxony,Online,2024-06-07,1564.6,1.13,1768.0,36.27,1655.64,76.09,6.93,1.04,0.09
2295,7029,Wheat,Durum,Crawford-Rogers,Exporter,Hesse,Online,2025-04-22,1315.0,0.61,802.15,15.13,697.84,89.18,21.58,0.63,-0.02
2296,14399,Barley,Hulless,Watson-Gray,Exporter,Saxony,Cooperative,2025-03-07,683.2,0.74,505.57,5.28,459.05,41.24,16.74,0.75,-0.01
2297,1084,Corn,Dent,"Wright, Stephens and Jimenez",Exporter,Hesse,Cooperative,2024-10-22,1229.5,1.19,1463.1,10.46,1382.68,69.96,14.66,1.17,0.02
2298,1321,Potato,Russet,"Rosales, Wagner and Anderson",Wholesaler,Hesse,Direct,2024-06-15,511.8,1.35,690.93,25.36,589.67,75.9,15.97,1.35,0.0
2299,12349,Corn,Dent,"Singh, Jacobs and Peters",Exporter,Bavaria,Direct,2024-07-31,307.8,1.3,400.14,24.41,321.97,53.76,24.51,1.22,0.08
2300,910,Soybean,Yellow,Nguyen Ltd,Exporter,Hesse,Online,2025-05-02,1989.3,0.61,1213.47,22.67,1133.32,57.48,10.35,0.67,-0.06
2301,14112,Potato,Red,Richardson Inc,Exporter,Brandenburg,Cooperative,2025-01-13,549.3,1.07,587.75,26.65,487.45,73.65,6.32,1.03,0.04
2302,6575,Soybean,Yellow,Silva Inc,Wholesaler,Hesse,Direct,2024-10-22,957.7,0.58,555.47,42.46,423.8,89.21,9.51,0.58,0.0
2303,8581,Soybean,Black,Palmer Inc,Exporter,Saxony,Cooperative,2025-04-15,1634.7,1.13,1847.21,37.32,1771.02,38.87,17.6,1.25,-0.12
2304,9354,Barley,Hulless,Rogers-Sims,Retailer,Brandenburg,Direct,2025-04-18,1079.9,0.31,334.77,11.94,235.95,86.88,10.27,0.34,-0.03
2305,7803,Corn,Sweet,Simpson PLC,Retailer,Bavaria,Cooperative,2025-03-31,610.4,0.89,543.26,16.65,457.43,69.18,20.2,0.91,-0.02
2306,10082,Corn,Sweet,Hernandez-Lewis,Wholesaler,Lower Saxony,Cooperative,2023-09-23,234.5,0.4,93.8,32.81,-7.55,68.54,12.37,0.37,0.03
2307,14873,Corn,Sweet,"Castro, Cooper and Coleman",Wholesaler,Brandenburg,Direct,2024-10-23,1729.1,0.42,726.22,15.59,625.11,85.52,5.12,0.41,0.01
2308,5826,Soybean,Yellow,"Berry, Choi and Kirby",Wholesaler,Lower Saxony,Cooperative,2025-04-18,292.3,0.65,190.0,5.45,172.16,12.39,5.81,0.7,-0.05
2309,10998,Potato,Russet,"Thomas, Anderson and Nelson",Retailer,Brandenburg,Cooperative,2025-02-15,1668.5,1.11,1852.04,13.08,1768.54,70.42,9.2,1.21,-0.1
2310,9295,Wheat,Durum,Velasquez and Sons,Retailer,Hesse,Direct,2025-02-01,746.0,0.52,387.92,10.41,293.13,84.38,7.46,0.57,-0.05
2311,2966,Soybean,Yellow,Martin and Sons,Wholesaler,Lower Saxony,Online,2025-04-28,1966.4,0.31,609.58,2.9,518.79,87.89,9.39,0.33,-0.02
2312,9838,Wheat,Durum,Mills-Salinas,Retailer,Lower Saxony,Cooperative,2025-05-05,921.8,1.45,1336.61,26.43,1277.93,32.25,22.55,1.45,0.0
2313,14658,Barley,Hulled,Morris-Nunez,Wholesaler,Hesse,Direct,2024-08-10,313.5,1.09,341.72,38.44,225.17,78.11,16.61,1.08,0.01
2314,6230,Soybean,Black,"Duncan, Vargas and Lambert",Retailer,Saxony,Online,2024-06-07,1434.4,1.08,1549.15,46.33,1488.56,14.26,6.08,1.03,0.05
2315,10658,Corn,Dent,Morgan Ltd,Wholesaler,Lower Saxony,Online,2024-09-14,1986.8,0.46,913.93,10.43,829.26,74.24,11.04,0.43,0.03
2316,2377,Barley,Hulled,"Smith, Miller and Guerrero",Wholesaler,Saxony,Direct,2025-05-05,1631.0,1.35,2201.85,21.37,2111.84,68.64,20.98,1.36,-0.01
2317,5768,Soybean,Black,Steele-Simmons,Wholesaler,Bavaria,Cooperative,2024-11-22,1906.8,1.08,2059.34,46.24,1972.42,40.68,5.21,1.19,-0.11
2318,1935,Corn,Dent,Fernandez and Sons,Exporter,Brandenburg,Cooperative,2025-03-01,893.9,1.25,1117.38,32.21,1034.38,50.79,10.83,1.29,-0.04
2319,330,Corn,Sweet,"Smith, Wilson and Williams",Exporter,Bavaria,Direct,2024-11-03,801.8,0.97,777.75,44.5,639.16,94.09,17.13,1.0,-0.03
2320,13534,Corn,Sweet,"Casey, Foster and Love",Retailer,Lower Saxony,Online,2025-05-01,713.3,0.41,292.45,7.99,238.42,46.04,5.72,0.45,-0.04
2321,1281,Potato,Russet,"Bass, Davis and Reyes",Retailer,Lower Saxony,Online,2024-08-24,1496.1,0.71,1062.23,34.34,986.29,41.6,10.26,0.72,-0.01
2322,9397,Soybean,Black,Vasquez-Price,Wholesaler,Bavaria,Direct,2024-10-03,544.9,1.23,670.23,19.38,599.89,50.96,17.81,1.13,0.1
2323,5153,Soybean,Yellow,Campbell Inc,Wholesaler,Lower Saxony,Online,2025-04-02,356.3,0.84,299.29,23.71,223.45,52.13,16.42,0.78,0.06
2324,3557,Wheat,Durum,"Bradshaw, Price and Walker",Wholesaler,Saxony,Direct,2024-12-10,521.7,1.33,693.86,0.93,676.82,16.11,5.91,1.42,-0.09
2325,5650,Barley,Hulled,Haney Inc,Wholesaler,Bavaria,Cooperative,2025-01-29,886.4,0.49,434.34,45.69,289.82,98.83,13.15,0.45,0.04
2326,6130,Potato,Russet,"Palmer, Rhodes and Rivera",Retailer,Hesse,Online,2025-04-27,968.1,1.05,1016.51,11.06,982.23,23.22,13.94,1.16,-0.11
2327,7179,Corn,Sweet,Richard PLC,Exporter,Bavaria,Online,2024-05-07,1777.3,0.75,1332.98,2.65,1256.3,74.03,24.11,0.73,0.02
2328,13951,Soybean,Black,"Romero, Bright and Alvarez",Exporter,Lower Saxony,Direct,2025-01-07,1715.2,0.56,960.51,31.28,873.53,55.7,17.47,0.56,0.0
2329,6986,Soybean,Yellow,"Davis, Smith and Bates",Retailer,Brandenburg,Online,2025-05-05,1419.7,1.18,1675.25,23.64,1600.21,51.4,15.94,1.17,0.01
2330,1862,Soybean,Yellow,"Miller, Johnson and Rivera",Wholesaler,Brandenburg,Online,2024-06-10,578.0,1.35,780.3,19.34,662.88,98.08,14.73,1.48,-0.13
2331,1344,Barley,Hulled,Myers-Shah,Wholesaler,Brandenburg,Online,2025-05-05,1717.8,1.22,2095.72,42.45,1970.9,82.37,17.44,1.17,0.05
2332,10178,Wheat,Durum,"Garcia, Wolf and Daniels",Retailer,Hesse,Cooperative,2025-05-02,692.7,0.5,346.35,33.02,298.14,15.19,6.12,0.5,0.0
2333,933,Soybean,Black,"Avila, Elliott and Montes",Retailer,Bavaria,Online,2025-04-23,888.3,0.31,275.37,49.05,139.7,86.62,20.76,0.31,0.0
2334,61,Potato,Red,Brown PLC,Exporter,Lower Saxony,Cooperative,2024-06-13,1326.6,0.88,1167.41,32.15,1084.31,50.95,15.58,0.83,0.05
2335,9036,Barley,Hulless,"Hernandez, Bryant and Davis",Exporter,Brandenburg,Cooperative,2024-09-17,1567.5,1.27,1990.72,49.99,1893.58,47.15,22.94,1.18,0.09
2336,151,Soybean,Yellow,Goodman-Horton,Wholesaler,Bavaria,Direct,2025-05-05,491.2,1.0,491.2,18.16,405.16,67.88,9.21,1.0,0.0
2337,5472,Wheat,Emmer,Whitaker LLC,Retailer,Lower Saxony,Online,2025-03-01,1925.8,1.04,2002.83,47.89,1920.26,34.68,24.26,0.95,0.09
2338,2502,Wheat,Durum,"Price, Shannon and Williams",Retailer,Bavaria,Direct,2025-03-12,1440.4,0.95,1368.38,36.06,1236.47,95.85,8.06,0.93,0.02
2339,10266,Corn,Dent,Jenkins PLC,Exporter,Lower Saxony,Cooperative,2024-09-02,906.6,0.29,262.91,33.71,146.98,82.22,24.87,0.31,-0.02
2340,9321,Corn,Sweet,Brown and Sons,Exporter,Brandenburg,Cooperative,2024-12-29,1545.2,1.11,1715.17,26.89,1610.95,77.33,14.71,1.2,-0.09
2341,11418,Barley,Hulled,Wilson and Sons,Exporter,Hesse,Direct,2025-03-24,1438.8,0.63,906.44,5.0,839.36,62.08,24.35,0.67,-0.04
2342,1759,Barley,Hulled,"Brown, Hernandez and Alvarez",Exporter,Hesse,Online,2025-05-05,246.2,0.58,142.8,21.21,41.26,80.33,23.92,0.61,-0.03
2343,11525,Potato,Red,Rogers Inc,Wholesaler,Saxony,Cooperative,2024-08-10,1354.1,0.55,744.76,15.68,676.66,52.42,14.44,0.57,-0.02
2344,13999,Corn,Dent,Bates-Garza,Wholesaler,Hesse,Cooperative,2025-04-27,1301.3,1.38,1795.79,29.26,1693.35,73.18,12.23,1.3,0.08
2345,6463,Barley,Hulled,"Cox, Perez and Hester",Wholesaler,Hesse,Online,2025-05-05,1537.9,0.7,1076.53,45.87,978.08,52.58,5.64,0.75,-0.05
2346,1858,Wheat,Emmer,"Proctor, Moran and Decker",Exporter,Lower Saxony,Cooperative,2025-05-05,901.1,1.52,1369.67,42.14,1296.37,31.16,9.39,1.43,0.09
2347,3821,Soybean,Black,"Brown, Baldwin and Reyes",Exporter,Lower Saxony,Online,2024-06-15,1727.9,1.28,2211.71,0.19,2164.69,46.83,20.93,1.38,-0.1
2348,1783,Barley,Hulless,"Walker, Jackson and Sharp",Exporter,Brandenburg,Online,2024-09-24,303.9,1.49,452.81,35.15,343.95,73.71,23.59,1.43,0.06
2349,2125,Potato,Russet,Owens-Carter,Retailer,Bavaria,Cooperative,2024-06-09,974.4,1.19,1159.54,47.88,1093.93,17.73,22.13,1.21,-0.02
2350,7812,Corn,Sweet,Freeman-Hodges,Wholesaler,Brandenburg,Direct,2024-06-26,321.0,0.76,243.96,44.05,183.83,16.08,9.52,0.73,0.03
2351,7265,Soybean,Black,Harris LLC,Retailer,Hesse,Cooperative,2025-03-28,1413.2,0.46,650.07,41.64,553.42,55.01,11.92,0.47,-0.01
2352,13337,Barley,Hulled,"Diaz, Brown and Griffith",Exporter,Brandenburg,Cooperative,2025-05-04,764.1,0.79,603.64,39.08,544.68,19.88,23.77,0.84,-0.05
2353,10246,Corn,Dent,"Adams, Cole and Durham",Exporter,Lower Saxony,Direct,2025-01-13,1403.7,1.55,2175.74,27.46,2068.96,79.32,16.65,1.43,0.12
2354,12273,Wheat,Durum,Frost-Morris,Exporter,Bavaria,Online,2025-04-29,1539.1,0.69,1061.98,18.28,954.31,89.39,20.61,0.68,0.01
2355,233,Barley,Hulled,Palmer-Wilson,Retailer,Bavaria,Cooperative,2024-06-06,1785.2,1.38,2463.58,37.99,2373.95,51.64,11.97,1.4,-0.02
2356,7304,Potato,Russet,"West, French and Dominguez",Exporter,Lower Saxony,Cooperative,2025-03-13,1674.5,0.53,887.48,33.16,755.72,98.6,13.02,0.56,-0.03
2357,7695,Corn,Sweet,Chavez-Mccall,Retailer,Hesse,Direct,2024-04-20,1537.2,1.01,1552.57,38.21,1440.08,74.28,24.18,1.07,-0.06
2358,13335,Corn,Sweet,George-Montgomery,Wholesaler,Bavaria,Cooperative,2024-10-14,726.4,0.86,624.7,20.68,564.58,39.44,21.43,0.81,0.05
2359,13956,Corn,Sweet,"Dominguez, Barrett and Lewis",Retailer,Bavaria,Cooperative,2023-12-13,275.8,1.34,369.57,8.59,317.54,43.44,13.42,1.39,-0.05
2360,13178,Soybean,Black,Mckinney and Sons,Retailer,Saxony,Direct,2024-09-06,1513.5,1.25,1891.88,15.91,1778.06,97.91,6.32,1.22,0.03
2361,13074,Potato,Russet,Li-Howell,Wholesaler,Brandenburg,Direct,2025-03-21,245.5,0.33,81.02,32.08,16.59,32.35,19.52,0.36,-0.03
2362,2366,Barley,Hulless,"Solis, Kennedy and Smith",Exporter,Saxony,Cooperative,2025-03-18,401.6,1.09,437.74,22.82,400.19,14.73,6.51,1.03,0.06
2363,3563,Wheat,Emmer,Goodwin Group,Wholesaler,Saxony,Cooperative,2024-03-17,296.5,1.4,415.1,1.69,401.57,11.84,20.09,1.28,0.12
2364,4132,Wheat,Emmer,Levy-Reyes,Exporter,Bavaria,Direct,2024-08-01,1280.6,0.4,512.24,5.81,464.98,41.45,18.45,0.44,-0.04
2365,8684,Wheat,Durum,Castro Group,Retailer,Saxony,Online,2025-05-05,917.6,1.19,1091.94,45.42,1008.86,37.66,7.39,1.13,0.06
2366,12180,Corn,Dent,"Vega, Gomez and Ramirez",Exporter,Lower Saxony,Cooperative,2025-05-05,1249.1,1.48,1848.67,9.83,1778.75,60.09,7.26,1.42,0.06
2367,13826,Corn,Sweet,Castaneda Group,Retailer,Brandenburg,Direct,2024-12-13,1893.6,1.37,2594.23,7.93,2510.29,76.01,23.94,1.32,0.05
2368,10239,Barley,Hulless,Morse Inc,Exporter,Brandenburg,Cooperative,2023-12-04,475.7,0.44,209.31,26.87,126.03,56.41,12.0,0.42,0.02
2369,11821,Potato,Red,Griffin-Clark,Exporter,Saxony,Online,2025-04-29,1086.7,0.44,478.15,17.79,427.74,32.62,16.21,0.43,0.01
2370,4479,Corn,Dent,"Sanchez, Gonzales and Howard",Exporter,Hesse,Online,2024-11-20,386.8,0.4,154.72,26.5,41.72,86.5,13.05,0.38,0.02
2371,13619,Wheat,Durum,"Phillips, Evans and Edwards",Retailer,Lower Saxony,Direct,2024-10-11,564.5,0.37,208.86,16.17,176.46,16.23,9.64,0.36,0.01
2372,284,Potato,Red,Frank PLC,Exporter,Brandenburg,Online,2025-03-24,1481.3,0.84,1244.29,33.48,1115.71,95.1,14.93,0.87,-0.03
2373,6992,Soybean,Black,"Acosta, Frazier and Vazquez",Retailer,Hesse,Cooperative,2025-03-31,1719.1,1.55,2664.6,32.2,2589.49,42.91,17.26,1.41,0.14
2374,5335,Wheat,Durum,Gordon-Cochran,Exporter,Brandenburg,Cooperative,2024-11-24,390.7,0.85,332.1,19.33,243.44,69.33,11.32,0.82,0.03
2375,7144,Potato,Russet,"Reed, Lane and Murray",Retailer,Hesse,Cooperative,2024-08-18,1905.8,0.66,1257.83,40.58,1126.42,90.83,20.25,0.6,0.06
2376,2345,Barley,Hulless,Everett-Taylor,Wholesaler,Brandenburg,Cooperative,2024-10-06,1654.3,0.74,1224.18,5.12,1148.35,70.71,16.68,0.69,0.05
2377,5205,Barley,Hulled,Cummings-Wu,Retailer,Brandenburg,Cooperative,2024-11-29,1815.4,0.42,762.47,4.83,722.64,35.0,18.28,0.45,-0.03
2378,13670,Corn,Dent,Barnes-Thompson,Wholesaler,Brandenburg,Online,2025-05-05,1996.4,1.38,2755.03,3.8,2709.12,42.11,6.33,1.35,0.03
2379,14180,Corn,Dent,Higgins-Perez,Retailer,Lower Saxony,Direct,2025-01-14,1881.1,0.86,1617.75,29.43,1494.47,93.85,18.65,0.82,0.04
2380,4350,Potato,Russet,Holmes-Morris,Exporter,Hesse,Online,2025-04-12,682.4,1.01,689.22,10.27,628.26,50.69,5.67,1.06,-0.05
2381,10898,Corn,Sweet,"Lee, Young and Brown",Retailer,Saxony,Online,2025-02-01,1423.2,0.91,1295.11,33.66,1237.08,24.37,16.08,0.89,0.02
2382,10110,Soybean,Black,"Wells, Cooper and Sellers",Exporter,Bavaria,Direct,2025-03-17,617.1,0.87,536.88,21.04,494.75,21.09,23.96,0.89,-0.02
2383,11991,Potato,Red,Brown Group,Wholesaler,Saxony,Cooperative,2025-03-09,322.1,0.91,293.11,4.74,278.02,10.35,12.42,0.99,-0.08
2384,1520,Corn,Dent,Lowery and Sons,Wholesaler,Bavaria,Online,2025-03-14,1803.0,1.29,2325.87,5.76,2271.97,48.14,14.43,1.39,-0.1
2385,6109,Corn,Sweet,"Davis, Reyes and Mckinney",Wholesaler,Bavaria,Online,2025-05-05,248.5,1.02,253.47,7.32,232.9,13.25,9.8,1.1,-0.08
2386,6142,Soybean,Yellow,Brown-Nichols,Retailer,Saxony,Direct,2025-05-05,1780.8,0.76,1353.41,36.21,1306.7,10.5,16.07,0.72,0.04
2387,10223,Potato,Red,Gordon and Sons,Retailer,Saxony,Online,2025-05-05,588.8,1.12,659.46,25.1,575.73,58.63,22.47,1.08,0.04
2388,9955,Barley,Hulled,Collins-Camacho,Wholesaler,Bavaria,Cooperative,2025-05-05,859.2,0.57,489.74,35.64,386.22,67.88,18.08,0.53,0.04
2389,10503,Potato,Red,Moss Group,Exporter,Brandenburg,Direct,2024-05-16,885.2,0.58,513.42,14.1,454.33,44.99,19.0,0.53,0.05
2390,6281,Corn,Dent,Sanchez Ltd,Retailer,Hesse,Online,2024-11-28,242.1,1.33,321.99,28.09,222.62,71.28,11.29,1.3,0.03
2391,14842,Soybean,Yellow,Kim-James,Exporter,Bavaria,Direct,2025-05-05,669.7,0.8,535.76,30.07,408.53,97.16,18.33,0.74,0.06
2392,4863,Wheat,Durum,Nelson-Krueger,Exporter,Brandenburg,Direct,2025-03-25,1393.5,0.87,1212.34,48.4,1078.02,85.92,12.67,0.92,-0.05
2393,7350,Barley,Hulless,"Roberson, French and Moore",Retailer,Bavaria,Cooperative,2024-11-07,1543.7,0.41,632.92,43.69,546.3,42.93,24.3,0.39,0.02
2394,10515,Soybean,Yellow,Moody-Medina,Exporter,Brandenburg,Cooperative,2025-05-05,1926.8,0.41,789.99,12.69,692.7,84.6,8.29,0.38,0.03
2395,197,Corn,Sweet,Campbell-Webb,Retailer,Brandenburg,Online,2024-07-04,694.5,1.16,805.62,4.7,786.01,14.91,13.77,1.22,-0.06
2396,437,Wheat,Emmer,"Floyd, Palmer and Lee",Exporter,Lower Saxony,Direct,2025-05-05,1687.2,0.69,1164.17,38.92,1098.19,27.06,15.9,0.73,-0.04
2397,8484,Barley,Hulless,"Mcdonald, West and Spence",Wholesaler,Bavaria,Cooperative,2025-05-05,1745.8,0.79,1379.18,42.63,1260.27,76.28,20.8,0.77,0.02
2398,6190,Corn,Dent,Gillespie-Meza,Wholesaler,Saxony,Direct,2025-03-12,1741.0,0.8,1392.8,7.99,1307.34,77.47,5.56,0.78,0.02
2399,4723,Barley,Hulled,Washington Inc,Wholesaler,Bavaria,Online,2024-12-23,1430.8,1.33,1902.96,49.28,1801.79,51.89,15.19,1.21,0.12
2400,2088,Potato,Red,Kim LLC,Retailer,Saxony,Cooperative,2025-05-03,1802.3,0.87,1568.0,36.33,1503.64,28.03,7.69,0.89,-0.02
2401,14352,Soybean,Black,Malone Group,Retailer,Bavaria,Cooperative,2025-05-05,812.6,0.37,300.66,41.76,188.84,70.06,17.81,0.35,0.02
2402,1109,Barley,Hulless,"Hernandez, Harvey and Saunders",Exporter,Saxony,Online,2025-03-01,1266.0,0.44,557.04,38.17,435.99,82.88,17.22,0.43,0.01
2403,13337,Barley,Hulled,"Gomez, Mendoza and Cook",Exporter,Bavaria,Cooperative,2025-05-04,262.3,0.88,230.82,37.61,173.03,20.18,24.38,0.84,0.04
2404,5744,Soybean,Black,Fox and Sons,Wholesaler,Hesse,Cooperative,2024-08-24,774.3,1.1,851.73,13.65,752.56,85.52,23.9,1.21,-0.11
2405,12709,Wheat,Durum,"Nelson, Howard and Chen",Wholesaler,Lower Saxony,Cooperative,2024-12-09,759.5,0.66,501.27,20.9,464.39,15.98,24.66,0.63,0.03
2406,7393,Wheat,Durum,Berg LLC,Retailer,Lower Saxony,Cooperative,2024-06-13,1399.2,0.94,1315.25,33.57,1210.65,71.03,21.27,0.94,0.0
2407,8765,Wheat,Emmer,Beasley-Hardy,Exporter,Lower Saxony,Direct,2025-05-05,585.5,0.54,316.17,1.93,279.51,34.73,5.58,0.5,0.04
2408,3079,Barley,Hulled,"Powers, Simpson and Bailey",Retailer,Lower Saxony,Online,2025-04-03,1405.3,1.07,1503.67,26.95,1462.28,14.44,19.79,1.15,-0.08
2409,3758,Soybean,Black,Brown Inc,Wholesaler,Saxony,Direct,2024-06-11,1738.2,0.73,1268.89,16.35,1234.67,17.87,7.45,0.75,-0.02
2410,8617,Potato,Russet,"Bush, Sullivan and Smith",Retailer,Brandenburg,Direct,2025-05-05,1905.8,0.69,1315.0,1.04,1297.68,16.28,9.61,0.76,-0.07
2411,1896,Potato,Russet,Lopez PLC,Wholesaler,Brandenburg,Cooperative,2023-10-28,873.3,0.72,628.78,42.63,514.78,71.37,21.53,0.76,-0.04
2412,7344,Soybean,Black,"Sanders, Davis and Richardson",Exporter,Brandenburg,Direct,2025-05-05,1526.2,0.69,1053.08,4.42,988.67,59.99,12.62,0.65,0.04
2413,4178,Corn,Dent,Wallace-Reed,Exporter,Lower Saxony,Online,2025-05-05,291.2,1.19,346.53,9.58,326.78,10.17,21.68,1.12,0.07
2414,6430,Wheat,Emmer,Burton Ltd,Retailer,Lower Saxony,Online,2025-05-05,1852.1,0.57,1055.7,9.26,968.7,77.74,20.93,0.54,0.03
2415,5991,Barley,Hulless,Burns Ltd,Wholesaler,Brandenburg,Direct,2025-05-04,915.8,1.04,952.43,10.52,868.05,73.86,17.67,0.95,0.09
2416,9907,Wheat,Durum,Sanders-Evans,Wholesaler,Brandenburg,Direct,2025-04-11,1243.4,1.14,1417.48,9.91,1378.23,29.34,5.52,1.07,0.07
2417,14641,Barley,Hulled,"Wheeler, Rose and Suarez",Wholesaler,Hesse,Direct,2025-02-08,1271.7,1.5,1907.55,48.78,1769.13,89.64,11.21,1.45,0.05
2418,13374,Soybean,Yellow,Heath-Flores,Retailer,Brandenburg,Cooperative,2024-08-26,858.7,0.59,506.63,35.2,429.31,42.12,19.16,0.57,0.02
2419,14445,Barley,Hulled,"Davis, Wood and Garrett",Retailer,Brandenburg,Cooperative,2024-11-29,1098.9,1.23,1351.65,31.34,1285.13,35.18,18.09,1.24,-0.01
2420,132,Corn,Dent,Smith Group,Wholesaler,Lower Saxony,Cooperative,2025-02-14,1111.9,0.62,689.38,25.08,590.69,73.61,19.1,0.65,-0.03
2421,11090,Soybean,Black,Neal-Lawrence,Wholesaler,Brandenburg,Direct,2024-06-17,1161.4,0.85,987.19,0.9,900.48,85.81,15.69,0.87,-0.02
2422,3170,Corn,Dent,Frye-Sanchez,Wholesaler,Bavaria,Direct,2025-05-05,1703.1,0.84,1430.6,33.22,1347.12,50.26,17.56,0.9,-0.06
2423,2397,Potato,Red,Saunders and Sons,Retailer,Brandenburg,Cooperative,2024-11-17,1953.6,0.92,1797.31,11.19,1725.87,60.25,18.69,0.84,0.08
2424,4127,Soybean,Black,Wells PLC,Wholesaler,Brandenburg,Direct,2024-03-27,665.6,0.58,386.05,45.86,300.58,39.61,22.75,0.63,-0.05
2425,12320,Wheat,Emmer,Robinson-Ross,Exporter,Lower Saxony,Online,2023-12-31,1919.5,0.51,978.94,49.7,886.92,42.32,20.8,0.51,0.0
2426,9681,Potato,Russet,Campbell Inc,Wholesaler,Hesse,Online,2025-03-04,1883.7,1.26,2373.46,8.44,2280.78,84.24,9.02,1.28,-0.02
2427,10736,Potato,Russet,"Martinez, Hatfield and Barrett",Exporter,Hesse,Online,2024-05-16,1326.2,0.32,424.38,16.74,374.29,33.35,6.85,0.33,-0.01
2428,6113,Wheat,Emmer,Morgan-Scott,Retailer,Lower Saxony,Direct,2024-12-10,1940.0,0.78,1513.2,10.0,1446.99,56.21,5.76,0.76,0.02
2429,12031,Barley,Hulled,"Davis, Moore and Wolfe",Retailer,Saxony,Online,2025-05-05,507.8,1.08,548.42,48.81,454.05,45.56,16.71,1.01,0.07
2430,5082,Potato,Red,Turner LLC,Retailer,Saxony,Online,2025-04-10,928.8,0.42,390.1,40.79,338.73,10.58,11.19,0.41,0.01
2431,4651,Wheat,Durum,Holmes-Lopez,Retailer,Brandenburg,Direct,2025-02-09,367.5,0.44,161.7,45.65,26.58,89.47,22.63,0.42,0.02
2432,14231,Barley,Hulless,Murray-Francis,Exporter,Bavaria,Cooperative,2024-11-24,402.6,1.21,487.15,11.2,435.4,40.55,5.41,1.13,0.08
2433,13355,Soybean,Black,Ortega-Gibson,Wholesaler,Lower Saxony,Cooperative,2024-09-25,233.2,1.3,303.16,5.96,285.37,11.83,15.7,1.3,0.0
2434,1855,Potato,Red,"Zhang, Lee and Rodriguez",Exporter,Hesse,Cooperative,2025-04-03,1554.8,0.62,963.98,5.27,947.91,10.8,20.68,0.57,0.05
2435,14163,Potato,Russet,Foster and Sons,Exporter,Bavaria,Direct,2024-09-03,1535.1,0.8,1228.08,24.53,1186.36,17.19,15.76,0.76,0.04
2436,5705,Potato,Red,Chambers Group,Retailer,Bavaria,Online,2025-02-21,633.7,0.7,443.59,9.38,401.09,33.12,7.73,0.64,0.06
2437,4078,Corn,Dent,Martinez-Turner,Retailer,Lower Saxony,Cooperative,2024-12-28,510.1,0.35,178.54,18.24,96.58,63.72,9.79,0.33,0.02
2438,12039,Wheat,Emmer,Valencia-Clements,Wholesaler,Brandenburg,Cooperative,2024-05-20,1669.0,1.25,2086.25,23.57,2050.46,12.22,16.37,1.17,0.08
2439,8033,Corn,Sweet,Leon-Sutton,Wholesaler,Bavaria,Online,2025-04-29,1312.5,1.11,1456.88,29.22,1391.83,35.83,18.44,1.08,0.03
2440,4378,Barley,Hulless,Kelley-Mcknight,Exporter,Lower Saxony,Direct,2024-10-06,1881.9,1.35,2540.57,3.26,2502.72,34.59,23.11,1.23,0.12
2441,296,Wheat,Durum,Jordan-Malone,Wholesaler,Brandenburg,Online,2025-03-08,1286.1,0.42,540.16,36.24,477.99,25.93,20.96,0.44,-0.02
2442,1936,Potato,Russet,"Simpson, Edwards and Brewer",Wholesaler,Lower Saxony,Cooperative,2024-07-28,591.8,0.84,497.11,19.66,394.65,82.8,5.4,0.91,-0.07
2443,3615,Barley,Hulled,Castro Group,Wholesaler,Bavaria,Cooperative,2024-10-06,1101.3,0.78,859.01,46.16,738.47,74.38,10.03,0.77,0.01
2444,8428,Barley,Hulless,Gamble Ltd,Exporter,Lower Saxony,Direct,2024-06-13,1729.6,0.98,1695.01,26.58,1605.8,62.63,22.22,1.06,-0.08
2445,9603,Wheat,Emmer,"Gonzalez, Buck and Stein",Retailer,Brandenburg,Cooperative,2025-01-26,702.6,1.46,1025.8,23.08,929.36,73.36,6.48,1.37,0.09
2446,4783,Soybean,Yellow,Powell-Mays,Retailer,Brandenburg,Direct,2024-06-30,1628.2,1.45,2360.89,27.94,2234.93,98.02,8.75,1.45,0.0
2447,11439,Wheat,Emmer,Chang Group,Exporter,Bavaria,Online,2024-12-01,504.7,1.5,757.05,10.55,725.22,21.28,11.46,1.43,0.07
2448,14088,Corn,Dent,Johnson Inc,Wholesaler,Saxony,Cooperative,2024-03-14,1185.7,1.23,1458.41,15.11,1358.49,84.81,9.17,1.32,-0.09
2449,5558,Corn,Dent,Hamilton Ltd,Exporter,Lower Saxony,Direct,2025-03-02,1854.5,1.03,1910.14,39.0,1777.4,93.74,18.53,1.0,0.03
2450,2786,Corn,Dent,Rogers Inc,Exporter,Hesse,Cooperative,2025-03-13,608.4,0.75,456.3,38.39,338.57,79.34,11.85,0.7,0.05
2451,7187,Potato,Red,"Torres, Brown and Trujillo",Wholesaler,Bavaria,Online,2025-05-05,1146.7,0.47,538.95,20.93,469.29,48.73,16.39,0.47,0.0
2452,8174,Potato,Russet,Taylor-Jones,Retailer,Brandenburg,Online,2024-10-27,1742.8,0.81,1411.67,19.12,1327.75,64.8,16.74,0.76,0.05
2453,7479,Corn,Sweet,Carr-Jones,Exporter,Brandenburg,Online,2025-05-05,1197.6,1.03,1233.53,29.12,1167.76,36.65,7.96,1.08,-0.05
2454,3526,Barley,Hulless,"Waters, Bryant and Hamilton",Retailer,Lower Saxony,Cooperative,2024-11-03,369.5,0.52,192.14,19.08,81.63,91.43,5.52,0.53,-0.01
2455,11015,Wheat,Durum,Smith and Sons,Retailer,Saxony,Cooperative,2024-11-22,1094.2,1.19,1302.1,25.32,1204.01,72.77,23.59,1.23,-0.04
2456,5583,Potato,Red,Bowman PLC,Exporter,Lower Saxony,Direct,2024-03-29,388.7,1.01,392.59,22.05,298.03,72.51,12.11,1.11,-0.1
2457,4887,Barley,Hulless,"Osborne, Reed and Johnson",Wholesaler,Lower Saxony,Online,2025-04-22,1314.4,0.5,657.2,6.51,602.51,48.18,22.12,0.48,0.02
2458,7709,Barley,Hulled,Nielsen-Meyers,Retailer,Bavaria,Direct,2025-05-05,945.4,1.34,1266.84,15.01,1184.36,67.47,19.76,1.35,-0.01
2459,14025,Corn,Dent,"Snyder, Kerr and Norris",Wholesaler,Bavaria,Online,2025-02-28,1285.4,1.37,1761.0,16.69,1727.67,16.64,21.29,1.38,-0.01
2460,10611,Barley,Hulled,Farrell-Garner,Wholesaler,Lower Saxony,Direct,2025-05-02,1892.4,0.55,1040.82,24.44,941.39,74.99,24.37,0.51,0.04
2461,874,Potato,Red,Thomas-Small,Wholesaler,Brandenburg,Cooperative,2025-04-21,1207.2,1.36,1641.79,43.89,1560.45,37.45,5.91,1.27,0.09
2462,10598,Soybean,Yellow,"Adams, Nichols and Russell",Wholesaler,Hesse,Cooperative,2024-10-12,595.7,0.73,434.86,21.77,364.14,48.95,22.57,0.75,-0.02
2463,10308,Barley,Hulled,Harris-Arnold,Retailer,Bavaria,Direct,2025-05-05,781.8,1.26,985.07,48.98,843.73,92.36,6.65,1.3,-0.04
2464,13801,Wheat,Emmer,"Sanchez, Stevens and Williams",Wholesaler,Hesse,Cooperative,2024-10-14,682.8,1.15,785.22,36.64,654.49,94.09,21.08,1.06,0.09
2465,8859,Wheat,Durum,Hoover and Sons,Exporter,Saxony,Cooperative,2024-04-16,652.9,0.95,620.26,25.12,557.74,37.4,15.61,0.88,0.07
2466,13834,Soybean,Black,Combs PLC,Exporter,Lower Saxony,Direct,2025-01-07,1370.8,0.48,657.98,38.04,553.75,66.19,5.58,0.46,0.02
2467,11781,Soybean,Black,Hunter-Collins,Wholesaler,Brandenburg,Online,2025-03-16,916.1,1.36,1245.9,5.82,1218.6,21.48,5.37,1.38,-0.02
2468,2567,Barley,Hulled,Harris-Ward,Retailer,Hesse,Online,2024-08-29,205.4,0.86,176.64,18.28,82.51,75.85,11.9,0.89,-0.03
2469,7613,Potato,Red,Soto-Gilbert,Retailer,Bavaria,Online,2025-05-05,1976.3,0.34,671.94,26.9,613.82,31.22,16.0,0.33,0.01
2470,479,Corn,Dent,Robinson LLC,Retailer,Hesse,Online,2025-04-30,966.8,0.42,406.06,44.06,347.97,14.03,20.48,0.39,0.03
2471,8861,Corn,Sweet,Flores-Collins,Exporter,Hesse,Online,2024-10-23,1387.0,0.46,638.02,40.41,517.26,80.35,11.38,0.51,-0.05
2472,14002,Soybean,Black,"Reed, Mccormick and Johnson",Retailer,Saxony,Online,2025-04-19,1135.5,0.75,851.62,27.36,775.69,48.57,18.63,0.75,0.0
2473,10674,Wheat,Emmer,James Group,Retailer,Saxony,Direct,2025-04-29,1929.6,1.03,1987.49,6.92,1931.16,49.41,13.34,0.95,0.08
2474,4257,Soybean,Black,"Lang, Sullivan and Reed",Wholesaler,Lower Saxony,Online,2025-04-21,645.7,1.03,665.07,34.78,533.14,97.15,15.23,1.13,-0.1
2475,9658,Barley,Hulled,"Mason, Walsh and Smith",Retailer,Lower Saxony,Cooperative,2025-01-28,1995.0,0.91,1815.45,15.46,1748.51,51.48,21.4,0.9,0.01
2476,6864,Barley,Hulless,Carlson LLC,Exporter,Bavaria,Online,2024-02-22,367.2,0.37,135.86,0.74,39.88,95.24,12.04,0.38,-0.01
2477,10326,Corn,Dent,Jefferson Ltd,Exporter,Bavaria,Cooperative,2025-04-20,1781.0,1.43,2546.83,44.59,2420.77,81.47,18.58,1.3,0.13
2478,8142,Soybean,Yellow,Diaz-Cook,Wholesaler,Brandenburg,Online,2025-05-05,396.7,0.48,190.42,29.92,94.18,66.32,20.49,0.46,0.02
2479,5568,Barley,Hulless,Gonzalez-Cohen,Wholesaler,Lower Saxony,Cooperative,2024-12-21,1857.7,0.66,1226.08,22.7,1113.39,89.99,22.55,0.71,-0.05
2480,8921,Potato,Red,Lee-Estes,Exporter,Bavaria,Online,2025-01-18,1095.0,1.55,1697.25,0.87,1647.76,48.62,9.11,1.42,0.13
2481,12227,Soybean,Yellow,Pacheco and Sons,Retailer,Brandenburg,Cooperative,2024-11-12,660.1,0.66,435.67,14.42,363.49,57.76,12.14,0.66,0.0
2482,10081,Corn,Sweet,Clarke Group,Retailer,Lower Saxony,Direct,2025-01-20,1476.4,1.06,1564.98,44.4,1426.87,93.71,12.25,1.04,0.02
2483,11410,Wheat,Durum,"Davis, Bush and Simpson",Exporter,Brandenburg,Online,2025-05-05,1617.8,0.64,1035.39,36.72,950.31,48.36,12.11,0.59,0.05
2484,7632,Potato,Red,Lynch and Sons,Retailer,Brandenburg,Direct,2024-09-06,1349.3,0.71,958.0,14.42,906.0,37.58,6.53,0.71,0.0
2485,8676,Soybean,Yellow,Bowers-Hernandez,Retailer,Brandenburg,Online,2024-09-14,1364.2,0.31,422.9,26.24,306.63,90.03,16.77,0.32,-0.01
2486,4106,Corn,Dent,Fox Ltd,Retailer,Hesse,Online,2025-02-01,903.6,0.55,496.98,3.66,448.65,44.67,12.56,0.58,-0.03
2487,13936,Corn,Dent,"Haley, Pittman and Maldonado",Exporter,Saxony,Online,2024-11-30,1988.2,1.32,2624.42,16.46,2517.48,90.48,12.32,1.25,0.07
2488,1666,Corn,Sweet,"Fuller, Estrada and Mcclure",Exporter,Saxony,Online,2025-03-05,716.6,0.55,394.13,26.13,341.34,26.66,23.7,0.56,-0.01
2489,5526,Soybean,Black,"Brown, Ray and Wagner",Wholesaler,Brandenburg,Online,2025-02-04,1034.8,0.73,755.4,15.44,688.94,51.02,24.21,0.69,0.04
2490,10075,Soybean,Black,"Thomas, Cook and Brewer",Retailer,Hesse,Cooperative,2025-05-05,696.7,0.45,313.52,30.78,190.01,92.73,6.96,0.44,0.01
2491,14393,Wheat,Durum,Horton-Sutton,Wholesaler,Hesse,Online,2024-03-03,1509.0,0.91,1373.19,41.57,1283.8,47.82,18.04,0.96,-0.05
2492,9478,Wheat,Durum,Lee Inc,Retailer,Brandenburg,Online,2024-08-04,1434.2,0.81,1161.7,35.1,1067.03,59.57,5.74,0.84,-0.03
2493,7717,Potato,Red,Perez Group,Retailer,Lower Saxony,Direct,2025-05-05,405.0,0.96,388.8,28.87,297.17,62.76,21.92,0.99,-0.03
2494,4692,Corn,Sweet,Cole-Barrett,Retailer,Bavaria,Online,2024-05-04,397.5,0.96,381.6,49.2,270.91,61.49,17.61,0.89,0.07
2495,8763,Soybean,Yellow,Allen PLC,Exporter,Bavaria,Online,2025-05-05,1068.2,0.62,662.28,20.98,542.27,99.03,14.74,0.61,0.01
2496,12195,Soybean,Black,Fernandez and Sons,Exporter,Saxony,Direct,2025-02-17,374.9,1.2,449.88,7.48,414.39,28.01,13.81,1.22,-0.02
2497,2069,Corn,Dent,Kane-Kim,Wholesaler,Hesse,Direct,2025-03-27,1973.3,1.0,1973.3,23.13,1921.18,28.99,16.2,1.06,-0.06
2498,3611,Soybean,Yellow,Murray-Delacruz,Retailer,Saxony,Online,2024-11-07,922.0,1.18,1087.96,12.83,1011.94,63.19,12.84,1.2,-0.02
2499,8530,Barley,Hulless,Brown Ltd,Retailer,Bavaria,Direct,2025-03-17,531.9,1.02,542.54,32.09,443.09,67.36,6.97,0.95,0.07
2500,8196,Barley,Hulless,"Wong, Fisher and Hatfield",Wholesaler,Hesse,Cooperative,2024-09-30,1168.1,1.47,1717.11,43.18,1631.13,42.8,17.75,1.35,0.12
2501,11439,Wheat,Emmer,Garner-Malone,Retailer,Brandenburg,Online,2025-01-12,1980.3,1.32,2614.0,15.9,2565.96,32.14,22.83,1.43,-0.11
2502,2864,Barley,Hulless,Smith Group,Retailer,Bavaria,Direct,2024-10-26,802.1,1.24,994.6,47.11,867.92,79.57,19.44,1.36,-0.12
2503,7375,Wheat,Durum,Bradley-Payne,Wholesaler,Hesse,Direct,2025-01-24,1798.0,1.06,1905.88,28.12,1809.3,68.46,8.7,1.16,-0.1
2504,2031,Barley,Hulless,Williams-Rojas,Exporter,Brandenburg,Cooperative,2025-05-05,1400.2,1.49,2086.3,39.99,1993.25,53.06,21.12,1.47,0.02
2505,4239,Potato,Red,"Hughes, Hood and Romero",Retailer,Bavaria,Cooperative,2024-07-04,1533.9,0.8,1227.12,18.83,1125.61,82.68,5.32,0.75,0.05
2506,4776,Barley,Hulled,"Thompson, Hayes and Watson",Exporter,Hesse,Online,2024-11-23,740.9,1.51,1118.76,42.0,981.97,94.79,17.07,1.47,0.04
2507,11648,Barley,Hulled,"Kelley, Gill and Jackson",Exporter,Brandenburg,Direct,2025-04-02,1462.2,0.56,818.83,0.37,727.71,90.75,18.36,0.58,-0.02
2508,14856,Potato,Red,"Holt, Hart and Walker",Exporter,Brandenburg,Cooperative,2024-07-18,1358.6,1.46,1983.56,6.56,1904.05,72.95,13.37,1.45,0.01
2509,2078,Barley,Hulled,"Fletcher, Wilson and Ross",Exporter,Hesse,Direct,2024-03-02,1906.3,0.93,1772.86,1.62,1695.21,76.03,22.34,0.87,0.06
2510,10746,Corn,Dent,"Salazar, Morgan and Smith",Wholesaler,Lower Saxony,Cooperative,2024-10-30,562.6,1.36,765.14,42.04,654.79,68.31,19.82,1.27,0.09
2511,7553,Corn,Dent,Pratt-Cooper,Retailer,Lower Saxony,Cooperative,2025-05-05,1190.5,0.48,571.44,21.66,530.94,18.84,21.13,0.44,0.04
2512,893,Wheat,Emmer,Guzman-Davis,Exporter,Hesse,Cooperative,2025-05-05,437.1,0.42,183.58,46.01,43.07,94.5,15.7,0.4,0.02
2513,13810,Soybean,Yellow,Thompson-Henry,Exporter,Bavaria,Cooperative,2025-01-13,1569.0,0.46,721.74,46.54,617.88,57.32,11.4,0.42,0.04
2514,10307,Wheat,Durum,"Lopez, Berry and Clark",Retailer,Saxony,Direct,2025-04-12,1540.6,0.65,1001.39,9.81,931.87,59.71,24.46,0.62,0.03
2515,9779,Potato,Red,Bartlett-Williams,Retailer,Lower Saxony,Cooperative,2025-04-26,1143.5,1.39,1589.46,45.91,1513.26,30.29,18.52,1.27,0.12
2516,11609,Wheat,Durum,Keller Group,Retailer,Lower Saxony,Direct,2024-10-23,1067.4,0.49,523.03,18.93,405.51,98.59,16.73,0.54,-0.05
2517,11090,Soybean,Black,"Adkins, Thomas and Dillon",Wholesaler,Hesse,Direct,2023-11-12,385.0,0.85,327.25,37.3,203.36,86.59,20.28,0.87,-0.02
2518,13203,Corn,Dent,Walker Inc,Retailer,Brandenburg,Direct,2025-01-17,480.5,0.34,163.37,18.13,66.41,78.83,15.48,0.36,-0.02
2519,12067,Corn,Sweet,Boyd-Peters,Exporter,Brandenburg,Cooperative,2025-03-22,647.7,1.31,848.49,39.3,744.86,64.33,11.83,1.37,-0.06
2520,14656,Potato,Russet,Calderon-Young,Retailer,Saxony,Direct,2024-12-19,865.3,1.0,865.3,15.3,767.23,82.77,21.1,1.01,-0.01
2521,11247,Wheat,Durum,Williams Group,Exporter,Saxony,Cooperative,2025-05-05,1141.3,0.89,1015.76,4.07,912.19,99.5,16.53,0.81,0.08
2522,1732,Potato,Russet,Mcguire-Johnson,Retailer,Lower Saxony,Online,2025-04-06,943.2,1.17,1103.54,9.91,1058.87,34.76,6.72,1.19,-0.02
2523,13462,Corn,Dent,Bright and Sons,Exporter,Lower Saxony,Direct,2025-04-06,1147.7,0.7,803.39,40.68,749.26,13.45,13.84,0.67,0.03
2524,4294,Potato,Red,Thompson-Walton,Exporter,Bavaria,Direct,2025-05-02,1865.9,1.54,2873.49,34.0,2807.05,32.44,7.48,1.43,0.11
2525,13309,Barley,Hulless,"Gardner, Perez and May",Wholesaler,Saxony,Direct,2025-01-08,526.1,0.56,294.62,35.2,202.32,57.1,24.42,0.62,-0.06
2526,11844,Corn,Dent,Crawford LLC,Wholesaler,Bavaria,Online,2025-03-26,520.6,1.38,718.43,23.82,683.53,11.08,9.87,1.4,-0.02
2527,8436,Barley,Hulled,"Young, Knight and Hall",Retailer,Saxony,Online,2024-10-08,392.3,0.69,270.69,45.06,152.1,73.53,18.6,0.74,-0.05
2528,8042,Barley,Hulled,Young-Salas,Wholesaler,Saxony,Cooperative,2025-02-02,1551.8,1.36,2110.45,42.17,2035.21,33.07,17.95,1.28,0.08
2529,13523,Soybean,Yellow,Gutierrez-Fernandez,Exporter,Hesse,Direct,2024-10-19,737.4,0.53,390.82,41.88,268.74,80.2,11.66,0.58,-0.05
2530,13160,Barley,Hulless,Merritt Ltd,Wholesaler,Lower Saxony,Direct,2024-05-07,372.6,1.05,391.23,47.33,293.13,50.77,5.91,1.12,-0.07
2531,9575,Potato,Russet,Ware-Rodriguez,Wholesaler,Brandenburg,Cooperative,2024-06-09,1390.3,0.47,653.44,11.38,577.22,64.84,9.69,0.5,-0.03
2532,6297,Soybean,Black,"Rosario, Wilson and Robinson",Exporter,Saxony,Direct,2025-05-05,307.5,0.52,159.9,13.1,107.15,39.65,6.64,0.53,-0.01
2533,4537,Corn,Dent,Gomez-Fowler,Retailer,Bavaria,Cooperative,2025-02-15,511.2,0.61,311.83,26.8,192.3,92.73,23.15,0.64,-0.03
2534,2991,Barley,Hulless,"Montoya, Carter and Williams",Retailer,Bavaria,Online,2025-05-05,1228.6,1.03,1265.46,37.54,1200.5,27.42,24.67,1.11,-0.08
2535,10615,Potato,Red,"Farrell, Conrad and Mendoza",Exporter,Brandenburg,Cooperative,2025-05-05,1493.9,0.9,1344.51,24.59,1266.86,53.06,12.75,0.87,0.03
2536,5675,Barley,Hulled,Wheeler-Moses,Wholesaler,Saxony,Direct,2025-03-21,385.9,0.58,223.82,9.17,170.64,44.01,23.23,0.58,0.0
2537,13935,Barley,Hulled,Harper-Hill,Exporter,Saxony,Cooperative,2025-03-12,911.5,1.47,1339.9,15.41,1225.49,99.0,20.02,1.5,-0.03
2538,6001,Soybean,Black,Henderson and Sons,Retailer,Saxony,Direct,2025-01-23,1285.9,0.46,591.51,45.91,477.15,68.45,16.28,0.43,0.03
2539,11999,Corn,Sweet,Lutz Group,Exporter,Bavaria,Cooperative,2025-02-28,946.2,0.5,473.1,24.64,353.49,94.97,23.48,0.51,-0.01
2540,13368,Wheat,Durum,Jones-Harmon,Exporter,Lower Saxony,Cooperative,2025-05-04,1401.2,0.51,714.61,6.42,674.09,34.1,15.86,0.47,0.04
2541,1891,Barley,Hulless,Mueller-Beard,Retailer,Lower Saxony,Direct,2025-01-30,1924.1,1.15,2212.71,26.87,2145.43,40.41,12.2,1.09,0.06
2542,2454,Soybean,Yellow,Martin LLC,Exporter,Lower Saxony,Cooperative,2024-12-22,1782.4,1.21,2156.7,46.83,2068.69,41.18,19.34,1.31,-0.1
2543,7672,Corn,Dent,Baxter-Erickson,Exporter,Lower Saxony,Cooperative,2025-04-24,673.9,0.46,309.99,41.1,177.94,90.95,5.37,0.42,0.04
2544,2182,Barley,Hulled,Smith-Ramirez,Retailer,Hesse,Cooperative,2025-04-02,1723.5,1.52,2619.72,13.0,2548.81,57.91,8.54,1.47,0.05
2545,6577,Barley,Hulled,Preston-Massey,Wholesaler,Lower Saxony,Cooperative,2025-05-05,266.6,0.7,186.62,23.71,116.88,46.03,18.65,0.67,0.03
2546,14462,Wheat,Durum,Richardson-Lloyd,Wholesaler,Hesse,Cooperative,2025-04-06,1681.3,0.45,756.58,15.93,668.9,71.75,12.4,0.42,0.03
2547,13342,Potato,Russet,Rice-Rodriguez,Wholesaler,Brandenburg,Direct,2025-03-20,479.8,1.12,537.38,30.41,418.49,88.48,16.91,1.22,-0.1
2548,14507,Soybean,Black,"Robinson, Lopez and Hamilton",Retailer,Hesse,Online,2025-04-12,1948.6,0.43,837.9,26.07,746.42,65.41,18.0,0.42,0.01
2549,5598,Wheat,Emmer,"Parker, Smith and Pena",Wholesaler,Saxony,Cooperative,2025-03-19,1991.9,0.67,1334.57,38.42,1246.04,50.11,13.14,0.64,0.03
2550,6408,Soybean,Yellow,Adams Ltd,Retailer,Bavaria,Cooperative,2025-04-14,828.3,0.83,687.49,12.58,640.33,34.58,21.02,0.9,-0.07
2551,14482,Corn,Dent,Dean-Humphrey,Exporter,Bavaria,Online,2024-05-06,1075.9,1.25,1344.88,5.96,1278.98,59.94,8.14,1.22,0.03
2552,1642,Potato,Russet,Fisher and Sons,Retailer,Bavaria,Direct,2024-06-07,1912.4,1.2,2294.88,41.38,2208.12,45.38,16.92,1.18,0.02
2553,2393,Barley,Hulless,Martin PLC,Wholesaler,Lower Saxony,Cooperative,2025-05-05,1995.6,1.01,2015.56,20.27,1941.96,53.33,9.35,1.1,-0.09
2554,13761,Soybean,Black,Richards-Elliott,Exporter,Brandenburg,Online,2025-05-05,1128.7,1.05,1185.14,10.52,1093.43,81.19,21.01,1.1,-0.05
2555,9710,Corn,Dent,Sweeney-Bowman,Wholesaler,Saxony,Cooperative,2023-10-02,644.8,0.65,419.12,39.23,311.91,67.98,24.71,0.69,-0.04
2556,6826,Barley,Hulled,Griffin Ltd,Wholesaler,Hesse,Direct,2025-01-27,256.5,0.77,197.5,18.63,82.07,96.8,9.21,0.85,-0.08
2557,5642,Soybean,Black,Cook Ltd,Wholesaler,Lower Saxony,Cooperative,2025-05-02,1439.4,1.08,1554.55,20.44,1485.07,49.04,12.45,1.02,0.06
2558,8223,Wheat,Durum,"Wu, Jones and Blanchard",Wholesaler,Saxony,Cooperative,2024-04-13,1616.3,0.47,759.66,7.57,681.87,70.22,23.76,0.5,-0.03
2559,14865,Soybean,Black,Montoya Inc,Exporter,Brandenburg,Online,2024-09-29,1514.5,1.15,1741.68,17.99,1636.3,87.39,21.43,1.15,0.0
2560,1612,Corn,Dent,Dean-Villa,Retailer,Lower Saxony,Direct,2025-05-05,432.9,1.19,515.15,33.09,390.98,91.08,23.59,1.27,-0.08
2561,3521,Corn,Dent,Taylor-Lewis,Wholesaler,Brandenburg,Online,2025-05-05,757.9,1.2,909.48,27.03,817.11,65.34,17.58,1.33,-0.13
2562,9785,Soybean,Yellow,Coleman Ltd,Exporter,Lower Saxony,Cooperative,2024-05-31,974.8,1.17,1140.52,33.25,1087.06,20.21,15.16,1.12,0.05
2563,7541,Barley,Hulless,Hampton-Hall,Exporter,Bavaria,Online,2025-04-19,1484.9,1.32,1960.07,18.53,1913.0,28.54,21.5,1.25,0.07
2564,364,Soybean,Black,Thompson Ltd,Wholesaler,Hesse,Online,2024-11-12,1317.6,0.59,777.38,1.04,745.63,30.71,13.93,0.55,0.04
2565,3395,Wheat,Durum,Moore-Dudley,Exporter,Brandenburg,Direct,2024-02-05,1298.9,0.49,636.46,42.15,518.98,75.33,14.66,0.53,-0.04
2566,1677,Potato,Red,Bowen PLC,Exporter,Saxony,Direct,2024-09-14,800.5,0.97,776.48,23.78,679.24,73.46,19.41,1.03,-0.06
2567,6846,Potato,Red,"Nelson, Page and Rhodes",Retailer,Saxony,Online,2025-02-08,1580.9,0.6,948.54,8.67,876.07,63.8,10.05,0.56,0.04
2568,12331,Soybean,Black,"Salazar, Phillips and Davis",Exporter,Brandenburg,Online,2025-04-14,1834.2,0.53,972.13,4.29,901.22,66.62,11.68,0.53,0.0
2569,10537,Wheat,Emmer,Foster Inc,Wholesaler,Bavaria,Online,2024-08-02,1346.0,1.37,1844.02,15.34,1756.96,71.72,18.94,1.35,0.02
2570,9749,Wheat,Durum,Sullivan Group,Wholesaler,Saxony,Online,2025-05-05,735.9,1.46,1074.41,31.55,997.45,45.41,16.3,1.5,-0.04
2571,2024,Corn,Sweet,Kline Inc,Wholesaler,Brandenburg,Cooperative,2024-02-29,1214.2,0.64,777.09,26.77,661.02,89.3,13.11,0.68,-0.04
2572,8963,Potato,Red,Dunn-Miller,Retailer,Brandenburg,Cooperative,2025-05-05,1567.4,0.69,1081.51,14.33,1047.19,19.99,15.67,0.7,-0.01
2573,14102,Corn,Dent,Harrison-Hernandez,Retailer,Lower Saxony,Direct,2024-09-15,1479.1,1.23,1819.29,17.77,1706.32,95.2,24.4,1.36,-0.13
2574,4155,Barley,Hulled,Mullins-Fischer,Exporter,Bavaria,Direct,2025-05-05,366.0,1.43,523.38,3.42,502.87,17.09,11.53,1.32,0.11
2575,3715,Potato,Red,Carter-Martinez,Retailer,Saxony,Direct,2024-07-10,448.1,1.28,573.57,3.19,477.11,93.27,19.18,1.3,-0.02
2576,12516,Barley,Hulless,"Gardner, Kim and Howard",Wholesaler,Bavaria,Direct,2024-08-19,1888.7,1.13,2134.23,41.67,2067.83,24.73,6.04,1.2,-0.07
2577,9830,Potato,Russet,"Hill, Robinson and Cunningham",Retailer,Saxony,Online,2024-11-22,744.7,0.62,461.71,20.38,379.97,61.36,5.46,0.63,-0.01
2578,1246,Potato,Red,Rosales PLC,Wholesaler,Bavaria,Direct,2025-04-25,1711.3,1.3,2224.69,35.29,2104.02,85.38,10.39,1.41,-0.11
2579,1737,Corn,Dent,Mills-Schmidt,Retailer,Hesse,Online,2025-04-19,1361.5,1.46,1987.79,17.9,1894.41,75.48,11.56,1.49,-0.03
2580,3047,Wheat,Emmer,Fuentes Group,Exporter,Brandenburg,Direct,2024-04-12,328.8,0.71,233.45,2.79,198.63,32.03,13.59,0.66,0.05
2581,4743,Potato,Red,Norman-Wood,Wholesaler,Saxony,Direct,2025-01-16,706.9,0.91,643.28,14.51,569.08,59.69,5.72,0.94,-0.03
2582,2357,Soybean,Yellow,Jennings-Grant,Wholesaler,Brandenburg,Direct,2024-08-17,1767.5,0.64,1131.2,11.95,1059.08,60.17,23.04,0.59,0.05
2583,13112,Wheat,Emmer,"Coleman, Daniels and Williamson",Exporter,Bavaria,Cooperative,2025-01-28,1988.4,1.22,2425.85,38.78,2353.15,33.92,15.7,1.18,0.04
2584,395,Corn,Sweet,Hernandez Group,Exporter,Saxony,Cooperative,2025-04-12,1211.2,1.26,1526.11,38.83,1395.57,91.71,17.71,1.24,0.02
2585,4043,Corn,Dent,Brooks-Young,Exporter,Lower Saxony,Cooperative,2025-05-05,592.6,0.47,278.52,11.48,172.62,94.42,14.71,0.43,0.04
2586,4881,Potato,Russet,"Mccoy, Thornton and Nicholson",Exporter,Bavaria,Cooperative,2025-04-26,340.7,1.18,402.03,10.61,366.44,24.98,19.26,1.1,0.08
2587,4003,Wheat,Emmer,Ward Inc,Exporter,Hesse,Direct,2025-01-10,1797.0,0.43,772.71,24.66,658.08,89.97,5.93,0.45,-0.02
2588,8910,Wheat,Durum,Lane Group,Exporter,Lower Saxony,Cooperative,2025-02-13,983.1,0.31,304.76,5.57,225.92,73.27,14.0,0.32,-0.01
2589,5495,Wheat,Emmer,"Brown, Dunlap and Hawkins",Retailer,Bavaria,Online,2024-09-18,427.6,0.6,256.56,15.44,152.58,88.54,8.52,0.64,-0.04
2590,14174,Barley,Hulless,Hodges Ltd,Retailer,Brandenburg,Cooperative,2024-09-01,1334.1,1.21,1614.26,41.44,1552.68,20.14,9.8,1.19,0.02
2591,10288,Wheat,Emmer,"Lewis, Glenn and Lewis",Retailer,Bavaria,Cooperative,2024-09-10,324.1,0.52,168.53,41.64,89.81,37.08,18.3,0.48,0.04
2592,6834,Soybean,Yellow,Clayton Group,Wholesaler,Lower Saxony,Online,2025-05-05,1690.4,1.21,2045.38,30.57,1965.02,49.79,12.0,1.23,-0.02
2593,10499,Soybean,Black,Johnson-Price,Retailer,Brandenburg,Online,2025-01-21,705.7,0.76,536.33,48.85,474.04,13.44,6.38,0.81,-0.05
2594,25,Potato,Red,"Harmon, Smith and Collins",Wholesaler,Bavaria,Online,2024-04-26,1639.4,0.54,885.28,26.81,796.61,61.86,5.31,0.57,-0.03
2595,3941,Soybean,Yellow,Terry Inc,Retailer,Lower Saxony,Direct,2025-04-24,1197.6,0.65,778.44,39.87,657.27,81.3,9.43,0.66,-0.01
2596,2180,Soybean,Black,"Kaiser, Valdez and Hoffman",Retailer,Saxony,Online,2024-09-04,1685.5,1.24,2090.02,37.14,2039.31,13.57,11.2,1.23,0.01
2597,3427,Barley,Hulless,"Rodriguez, Hughes and Johnson",Retailer,Bavaria,Direct,2025-04-18,786.9,0.8,629.52,14.1,537.49,77.93,16.25,0.85,-0.05
2598,10976,Wheat,Emmer,Choi PLC,Retailer,Brandenburg,Online,2024-06-07,1481.0,0.84,1244.04,42.92,1143.73,57.39,22.14,0.91,-0.07
2599,8534,Barley,Hulled,Wagner-Ford,Wholesaler,Saxony,Cooperative,2023-11-15,1383.6,0.96,1328.26,19.04,1225.48,83.74,12.31,1.05,-0.09
2600,7928,Soybean,Yellow,Jimenez LLC,Exporter,Saxony,Direct,2024-10-21,801.1,0.82,656.9,14.08,557.19,85.63,5.01,0.88,-0.06
2601,10010,Corn,Sweet,Sanchez Group,Exporter,Brandenburg,Online,2025-03-23,724.7,0.63,456.56,11.48,432.97,12.11,14.9,0.66,-0.03
2602,13289,Soybean,Black,Smith-Contreras,Retailer,Lower Saxony,Cooperative,2024-08-12,1576.1,0.48,756.53,49.61,685.92,21.0,16.32,0.48,0.0
2603,10543,Wheat,Emmer,Guerra-Figueroa,Exporter,Saxony,Online,2024-04-16,1682.2,0.44,740.17,30.61,696.97,12.59,13.84,0.42,0.02
2604,10818,Corn,Dent,"Perkins, Franklin and Grimes",Wholesaler,Brandenburg,Cooperative,2025-04-19,382.0,0.44,168.08,13.36,89.18,65.54,15.45,0.47,-0.03
2605,1919,Soybean,Black,Boyer Ltd,Retailer,Hesse,Direct,2024-11-10,274.9,1.07,294.14,49.78,188.91,55.45,5.65,0.97,0.1
2606,8082,Soybean,Black,Johnson Group,Wholesaler,Brandenburg,Direct,2025-04-28,1020.9,0.58,592.12,5.39,567.12,19.61,20.72,0.56,0.02
2607,10587,Wheat,Emmer,Lopez Ltd,Exporter,Saxony,Online,2025-03-30,1874.6,1.0,1874.6,39.89,1796.92,37.79,20.74,0.97,0.03
2608,7938,Soybean,Black,"Lewis, Underwood and Montgomery",Retailer,Lower Saxony,Cooperative,2024-12-24,800.1,1.12,896.11,46.32,773.46,76.33,21.68,1.22,-0.1
2609,5444,Barley,Hulless,"Patrick, Rogers and Hunter",Exporter,Saxony,Direct,2025-03-26,1184.0,1.4,1657.6,29.54,1557.54,70.52,5.76,1.42,-0.02
2610,9392,Potato,Red,Lynch-Cowan,Wholesaler,Saxony,Cooperative,2025-03-30,547.2,1.27,694.94,15.43,641.92,37.59,10.28,1.19,0.08
2611,14991,Soybean,Black,"Watson, Santos and Diaz",Retailer,Hesse,Cooperative,2024-12-25,901.2,0.94,847.13,29.17,774.71,43.25,6.75,0.88,0.06
2612,5484,Soybean,Black,Robinson-Davis,Exporter,Lower Saxony,Online,2025-05-05,1369.1,0.44,602.4,12.37,533.91,56.12,16.8,0.45,-0.01
2613,8277,Wheat,Emmer,"Phillips, Vance and Mcgrath",Retailer,Lower Saxony,Direct,2025-05-05,923.6,0.94,868.18,31.25,799.59,37.34,23.93,1.03,-0.09
2614,11164,Soybean,Black,Mcmillan LLC,Retailer,Brandenburg,Online,2024-12-06,1164.7,0.67,780.35,12.78,734.87,32.7,20.44,0.62,0.05
2615,8794,Soybean,Black,"Davis, Fuller and Davis",Exporter,Lower Saxony,Cooperative,2024-04-14,859.5,1.21,1039.99,5.01,961.93,73.05,14.63,1.2,0.01
2616,8873,Barley,Hulled,Johnson Ltd,Exporter,Brandenburg,Online,2024-12-25,1645.9,1.08,1777.57,36.48,1727.4,13.69,14.93,1.08,0.0
2617,1317,Soybean,Yellow,"Kennedy, Vega and Vincent",Retailer,Saxony,Online,2024-11-02,1159.5,1.08,1252.26,3.95,1202.63,45.68,8.85,1.12,-0.04
2618,9851,Potato,Red,Garcia-Sanders,Wholesaler,Saxony,Direct,2025-05-01,1023.6,1.06,1085.02,13.92,1033.24,37.86,11.15,1.16,-0.1
2619,11244,Wheat,Emmer,"Tucker, Munoz and Brady",Wholesaler,Saxony,Cooperative,2025-01-12,573.1,1.06,607.49,31.18,513.51,62.8,18.78,1.12,-0.06
2620,3397,Potato,Russet,"Patton, Smith and Walters",Exporter,Brandenburg,Cooperative,2025-05-05,807.0,0.43,347.01,25.96,237.69,83.36,8.54,0.44,-0.01
2621,1067,Corn,Sweet,"Mckenzie, Jacobs and Smith",Retailer,Hesse,Direct,2024-12-31,378.5,1.06,401.21,4.28,338.07,58.86,23.18,0.97,0.09
2622,4708,Barley,Hulless,"Butler, Martin and Peterson",Retailer,Bavaria,Direct,2024-12-06,815.3,0.75,611.47,3.76,527.03,80.68,5.92,0.79,-0.04
2623,9109,Barley,Hulled,Soto Ltd,Exporter,Saxony,Online,2024-11-17,325.6,0.35,113.96,12.36,59.07,42.53,6.48,0.32,0.03
2624,7193,Barley,Hulled,Flores-Barron,Wholesaler,Bavaria,Cooperative,2025-02-15,1956.9,1.4,2739.66,4.42,2671.57,63.67,18.85,1.46,-0.06
2625,13116,Soybean,Black,Jones-Dunlap,Retailer,Lower Saxony,Online,2025-04-21,1524.7,0.49,747.1,34.78,661.1,51.22,18.13,0.52,-0.03
2626,14479,Potato,Red,Fitzgerald-Johnson,Retailer,Saxony,Direct,2024-10-24,644.4,1.34,863.5,44.45,805.97,13.08,21.48,1.39,-0.05
2627,13876,Soybean,Black,Barrett LLC,Wholesaler,Brandenburg,Online,2025-04-11,1255.6,1.43,1795.51,21.98,1703.05,70.48,15.85,1.44,-0.01
2628,11893,Wheat,Durum,"Bell, Rhodes and Sims",Retailer,Brandenburg,Direct,2025-05-05,433.4,1.35,585.09,42.22,519.07,23.8,17.48,1.27,0.08
2629,14100,Potato,Red,James and Sons,Exporter,Lower Saxony,Cooperative,2025-03-10,1947.4,0.57,1110.02,0.09,1097.86,12.07,21.66,0.59,-0.02
2630,8319,Soybean,Yellow,Castillo Ltd,Retailer,Lower Saxony,Direct,2025-01-13,1758.6,1.12,1969.63,4.03,1870.25,95.35,24.54,1.05,0.07
2631,3593,Potato,Russet,"Martin, Acevedo and Aguirre",Wholesaler,Saxony,Direct,2024-04-17,954.3,1.16,1106.99,36.06,1033.1,37.83,14.19,1.21,-0.05
2632,4031,Wheat,Emmer,"Lee, Graham and Conway",Retailer,Hesse,Direct,2025-01-25,1530.4,1.32,2020.13,28.86,1974.27,17.0,8.25,1.2,0.12
2633,7815,Barley,Hulless,"Cook, Howard and Long",Wholesaler,Bavaria,Cooperative,2025-04-13,1516.0,1.22,1849.52,17.57,1808.26,23.69,22.14,1.14,0.08
2634,8650,Wheat,Emmer,"Torres, Decker and Harris",Exporter,Hesse,Cooperative,2023-10-29,1722.3,0.31,533.91,41.72,399.61,92.58,12.46,0.32,-0.01
2635,5981,Potato,Red,Herman-Romero,Retailer,Hesse,Direct,2024-12-02,479.7,1.44,690.77,25.53,652.85,12.39,17.33,1.44,0.0
2636,5972,Corn,Sweet,Jensen-Velasquez,Retailer,Lower Saxony,Direct,2024-09-21,879.2,0.54,474.77,23.57,402.13,49.07,14.24,0.6,-0.06
2637,3264,Potato,Russet,Lee Ltd,Wholesaler,Lower Saxony,Cooperative,2025-04-27,642.9,0.59,379.31,6.95,273.21,99.15,8.11,0.55,0.04
2638,12873,Barley,Hulless,"Lopez, Lindsey and Medina",Retailer,Bavaria,Online,2025-01-09,1212.4,0.4,484.96,48.49,343.54,92.93,6.24,0.42,-0.02
2639,8514,Soybean,Yellow,Ashley-Ramirez,Wholesaler,Lower Saxony,Online,2025-04-18,1082.3,0.34,367.98,8.48,288.29,71.21,8.3,0.33,0.01
2640,9751,Wheat,Durum,"Kelly, Gonzalez and Moore",Wholesaler,Lower Saxony,Cooperative,2025-02-19,1478.6,1.46,2158.76,19.19,2042.84,96.73,10.34,1.39,0.07
2641,1324,Soybean,Yellow,Rodriguez Group,Exporter,Saxony,Online,2024-10-28,1253.9,1.16,1454.52,28.85,1414.79,10.88,14.37,1.09,0.07
2642,5672,Wheat,Emmer,Stuart-Edwards,Exporter,Hesse,Cooperative,2024-07-20,1491.2,0.99,1476.29,6.07,1426.93,43.29,5.66,0.93,0.06
2643,8965,Barley,Hulled,"Garner, Conrad and Hoffman",Retailer,Saxony,Cooperative,2025-02-17,658.2,1.33,875.41,15.41,821.22,38.78,12.32,1.47,-0.14
2644,13595,Potato,Russet,"Diaz, Ortiz and Brown",Wholesaler,Lower Saxony,Online,2024-04-16,620.6,0.58,359.95,3.69,339.49,16.77,15.07,0.61,-0.03
2645,8639,Wheat,Durum,"Vaughn, Gomez and Robertson",Retailer,Bavaria,Direct,2024-09-08,575.4,0.37,212.9,3.86,125.29,83.75,20.77,0.35,0.02
2646,2201,Barley,Hulled,Anderson Group,Wholesaler,Lower Saxony,Online,2025-02-15,447.6,0.49,219.32,19.53,173.04,26.75,9.34,0.5,-0.01
2647,4119,Corn,Sweet,Salazar Group,Retailer,Brandenburg,Direct,2025-05-05,1190.4,0.6,714.24,7.22,695.38,11.64,7.86,0.63,-0.03
2648,7255,Wheat,Durum,Kerr PLC,Exporter,Lower Saxony,Cooperative,2025-04-05,1057.3,0.95,1004.44,1.63,970.87,31.94,15.0,1.05,-0.1
2649,710,Potato,Russet,Bentley-Blackburn,Exporter,Bavaria,Online,2025-01-27,1316.2,0.63,829.21,14.17,721.74,93.3,15.66,0.61,0.02
2650,9719,Wheat,Durum,Potts-Rivera,Wholesaler,Hesse,Cooperative,2024-10-10,1936.3,0.63,1219.87,23.09,1118.14,78.64,17.35,0.66,-0.03
2651,10074,Corn,Sweet,Gonzalez-Fowler,Retailer,Bavaria,Cooperative,2024-08-06,648.4,1.09,706.76,26.25,621.92,58.59,13.92,1.06,0.03
2652,8248,Barley,Hulless,Benton and Sons,Retailer,Hesse,Cooperative,2025-05-05,422.3,0.78,329.39,28.81,250.52,50.06,5.89,0.85,-0.07
2653,1169,Potato,Russet,Savage LLC,Wholesaler,Hesse,Cooperative,2025-03-17,1071.8,1.14,1221.85,0.87,1142.98,78.0,13.04,1.05,0.09
2654,613,Potato,Russet,"Ford, Page and Lawrence",Wholesaler,Saxony,Online,2025-02-17,1225.3,0.93,1139.53,39.39,1066.73,33.41,23.78,1.03,-0.1
2655,1980,Corn,Dent,"King, Ramirez and Proctor",Retailer,Saxony,Online,2024-12-25,1024.6,0.97,993.86,26.13,873.64,94.09,22.64,1.03,-0.06
2656,13087,Barley,Hulless,Rodriguez-Myers,Retailer,Hesse,Online,2025-03-15,1854.3,0.69,1279.47,40.77,1212.94,25.76,19.68,0.66,0.03
2657,12243,Potato,Red,Mills LLC,Exporter,Bavaria,Direct,2025-04-29,1791.1,1.14,2041.85,44.36,1915.34,82.15,15.41,1.27,-0.13
2658,10026,Soybean,Yellow,Wilcox-Tate,Exporter,Bavaria,Cooperative,2024-05-03,207.4,1.4,290.36,11.15,243.14,36.07,22.01,1.27,0.13
2659,1182,Wheat,Durum,"Johnson, Robinson and Berg",Retailer,Saxony,Online,2025-05-05,1981.7,0.49,971.03,1.88,946.12,23.03,6.35,0.45,0.04
2660,5822,Wheat,Durum,Thomas-Gomez,Wholesaler,Lower Saxony,Online,2024-09-29,1243.5,0.84,1044.54,43.08,930.03,71.43,22.83,0.86,-0.02
2661,2052,Corn,Sweet,"Martinez, Griffith and Johnston",Wholesaler,Hesse,Cooperative,2025-04-13,622.6,0.7,435.82,6.71,387.47,41.64,17.98,0.73,-0.03
2662,5159,Soybean,Yellow,"Gonzales, Hess and Anderson",Exporter,Bavaria,Direct,2025-05-05,1131.0,1.15,1300.65,1.45,1280.62,18.58,10.82,1.14,0.01
2663,49,Soybean,Black,Lane LLC,Exporter,Hesse,Direct,2025-04-28,977.0,0.78,762.06,33.23,710.01,18.82,5.99,0.79,-0.01
2664,14839,Soybean,Black,Sanders and Sons,Wholesaler,Saxony,Online,2024-12-30,854.6,1.36,1162.26,2.32,1071.46,88.48,11.61,1.5,-0.14
2665,13993,Barley,Hulless,Cox-Harding,Retailer,Bavaria,Direct,2025-04-28,1935.2,0.67,1296.58,19.19,1214.37,63.02,16.16,0.69,-0.02
2666,4219,Potato,Russet,"Sanders, Cole and Smith",Retailer,Saxony,Online,2025-05-04,401.3,0.5,200.65,27.15,140.38,33.12,7.51,0.55,-0.05
2667,5141,Barley,Hulless,Bradshaw-Terry,Retailer,Bavaria,Cooperative,2024-07-15,1407.7,1.35,1900.4,0.3,1887.16,12.94,15.36,1.25,0.1
2668,11460,Wheat,Emmer,Stanley-Gilbert,Wholesaler,Bavaria,Online,2025-04-26,977.9,0.82,801.88,41.51,670.92,89.45,8.08,0.89,-0.07
2669,8069,Corn,Dent,Gilbert Inc,Retailer,Bavaria,Direct,2024-12-29,1974.5,1.19,2349.65,2.17,2251.52,95.96,21.69,1.28,-0.09
2670,1546,Wheat,Durum,Becker-Fitzpatrick,Wholesaler,Brandenburg,Cooperative,2024-11-19,449.4,1.46,656.12,45.41,587.57,23.14,21.94,1.35,0.11
2671,9122,Wheat,Durum,Reyes-Clark,Retailer,Hesse,Direct,2024-12-04,246.6,1.15,283.59,48.2,211.62,23.77,24.94,1.26,-0.11
2672,9490,Corn,Sweet,Gonzalez Group,Wholesaler,Brandenburg,Online,2024-11-14,255.3,1.33,339.55,30.39,271.61,37.55,9.06,1.45,-0.12
2673,7779,Corn,Dent,"Turner, Warner and Spencer",Wholesaler,Hesse,Online,2025-03-23,1828.3,0.92,1682.04,42.11,1609.22,30.71,17.58,0.9,0.02
2674,9259,Potato,Russet,Porter-Wise,Exporter,Bavaria,Cooperative,2025-05-05,1678.5,0.86,1443.51,36.34,1348.62,58.55,15.95,0.85,0.01
2675,5544,Soybean,Black,Randall PLC,Retailer,Hesse,Direct,2025-04-27,334.2,0.6,200.52,25.63,80.65,94.24,14.0,0.63,-0.03
2676,12418,Barley,Hulled,"Williams, Daniel and Perry",Retailer,Saxony,Online,2024-10-16,1190.8,0.87,1036.0,43.89,947.58,44.53,23.27,0.87,0.0
2677,13110,Barley,Hulled,"Sanchez, Williams and Robinson",Wholesaler,Lower Saxony,Direct,2025-05-05,270.1,0.55,148.56,12.56,125.12,10.88,24.28,0.51,0.04
2678,3914,Soybean,Yellow,"Wall, Turner and Ramos",Wholesaler,Saxony,Cooperative,2025-02-03,1702.6,0.78,1328.03,3.97,1225.31,98.75,6.04,0.81,-0.03
2679,10163,Potato,Russet,Fowler-Owens,Wholesaler,Hesse,Direct,2025-05-05,972.4,1.03,1001.57,49.71,933.24,18.62,15.65,1.07,-0.04
2680,3409,Barley,Hulless,"Carter, Hunter and Delgado",Retailer,Bavaria,Direct,2025-03-30,694.8,0.86,597.53,0.45,545.89,51.19,5.06,0.92,-0.06
2681,13733,Potato,Russet,Salazar LLC,Wholesaler,Bavaria,Direct,2024-12-13,1326.1,1.37,1816.76,23.14,1738.1,55.52,20.78,1.31,0.06
2682,1711,Barley,Hulless,Johnson Inc,Exporter,Lower Saxony,Direct,2025-04-22,1527.6,0.96,1466.5,40.54,1347.33,78.63,11.28,0.98,-0.02
2683,12921,Soybean,Black,Ferguson-Compton,Exporter,Hesse,Direct,2025-03-11,1798.0,0.95,1708.1,0.21,1649.79,58.1,11.66,0.98,-0.03
2684,12301,Soybean,Yellow,"White, Pruitt and Thompson",Wholesaler,Saxony,Direct,2025-01-26,1228.1,1.32,1621.09,30.19,1537.97,52.93,6.7,1.33,-0.01
2685,8973,Corn,Dent,Romero and Sons,Exporter,Bavaria,Cooperative,2024-11-26,1265.0,1.45,1834.25,48.88,1729.65,55.72,18.1,1.42,0.03
2686,709,Corn,Sweet,"Yates, Stone and Arnold",Exporter,Lower Saxony,Online,2025-03-04,1714.5,1.17,2005.96,28.57,1940.65,36.74,13.4,1.16,0.01
2687,14171,Potato,Red,Lozano Inc,Retailer,Lower Saxony,Direct,2025-01-29,1175.4,1.49,1751.35,31.17,1644.46,75.72,14.01,1.46,0.03
2688,5075,Potato,Red,"Guzman, Rivera and Carter",Exporter,Hesse,Cooperative,2025-02-04,1952.2,0.28,546.62,4.1,455.99,86.53,22.46,0.31,-0.03
2689,74,Potato,Russet,Garcia-Horton,Retailer,Bavaria,Cooperative,2025-04-17,1343.4,1.29,1732.99,20.71,1631.65,80.63,6.06,1.24,0.05
2690,4340,Barley,Hulless,Medina-Douglas,Exporter,Hesse,Cooperative,2024-12-06,866.1,0.5,433.05,6.21,380.4,46.44,22.41,0.53,-0.03
2691,12397,Soybean,Yellow,Bailey Inc,Wholesaler,Bavaria,Direct,2024-12-31,952.6,1.21,1152.65,2.12,1096.73,53.8,15.61,1.1,0.11
2692,3164,Potato,Russet,Parker Ltd,Exporter,Hesse,Cooperative,2025-03-04,514.7,0.46,236.76,12.54,194.32,29.9,9.27,0.45,0.01
2693,14558,Corn,Sweet,"Rogers, Walker and Hancock",Retailer,Saxony,Direct,2025-04-25,1788.7,1.08,1931.8,17.33,1834.21,80.26,6.65,1.16,-0.08
2694,2509,Barley,Hulled,"Gomez, Richard and Ramirez",Wholesaler,Lower Saxony,Online,2025-05-01,396.9,1.18,468.34,23.04,422.25,23.05,10.04,1.16,0.02
2695,4528,Wheat,Emmer,"Ruiz, Peterson and Baker",Wholesaler,Brandenburg,Online,2025-04-30,1965.8,1.16,2280.33,36.42,2160.92,82.99,19.34,1.21,-0.05
2696,4052,Wheat,Durum,"Torres, Hayes and Branch",Wholesaler,Bavaria,Direct,2024-12-09,1436.5,0.39,560.24,44.14,491.8,24.3,9.5,0.4,-0.01
2697,1158,Barley,Hulless,Cook LLC,Exporter,Brandenburg,Direct,2025-01-01,466.1,1.48,689.83,24.87,641.83,23.13,17.42,1.43,0.05
2698,966,Potato,Red,"Brown, Edwards and Schultz",Exporter,Saxony,Cooperative,2025-04-10,1319.2,1.52,2005.18,24.44,1946.91,33.83,20.27,1.49,0.03
2699,14843,Soybean,Yellow,Lloyd Inc,Retailer,Bavaria,Direct,2025-05-05,831.6,0.87,723.49,19.17,668.53,35.79,6.06,0.8,0.07
2700,1365,Wheat,Emmer,"Harris, Berg and Anderson",Exporter,Lower Saxony,Direct,2025-05-05,266.5,0.66,175.89,13.61,136.4,25.88,16.74,0.62,0.04
2701,10488,Potato,Red,"Baker, Gonzalez and Reyes",Retailer,Hesse,Online,2024-02-01,399.1,1.14,454.97,3.74,361.8,89.43,14.06,1.06,0.08
2702,7191,Potato,Russet,Rivera Group,Exporter,Saxony,Cooperative,2024-12-04,1044.3,0.75,783.22,0.07,711.5,71.65,15.19,0.72,0.03
2703,5574,Barley,Hulless,"Sherman, Taylor and Carter",Retailer,Brandenburg,Direct,2025-05-05,1158.8,0.59,683.69,9.13,647.42,27.14,9.85,0.61,-0.02
2704,13019,Corn,Sweet,Lutz-Elliott,Retailer,Hesse,Cooperative,2024-06-24,643.0,1.37,880.91,16.19,842.98,21.74,23.75,1.46,-0.09
2705,8285,Soybean,Yellow,"Campbell, Wilson and Hendricks",Exporter,Hesse,Cooperative,2024-04-10,360.8,0.91,328.33,16.32,241.63,70.38,6.6,0.98,-0.07
2706,10486,Wheat,Durum,Hooper and Sons,Exporter,Saxony,Direct,2024-03-25,343.9,1.34,460.83,20.88,422.55,17.4,22.34,1.34,0.0
2707,14361,Soybean,Yellow,"Reyes, West and Bauer",Wholesaler,Brandenburg,Direct,2025-02-08,1506.8,0.51,768.47,26.09,713.52,28.86,6.39,0.49,0.02
2708,1132,Soybean,Black,Davis Inc,Retailer,Brandenburg,Direct,2024-11-18,317.3,1.55,491.82,31.23,448.75,11.84,21.07,1.43,0.12
2709,7954,Potato,Red,Lang-Lawrence,Wholesaler,Saxony,Direct,2025-05-05,1211.7,1.1,1332.87,40.42,1276.59,15.86,10.64,1.12,-0.02
2710,13206,Corn,Dent,Jones-Soto,Exporter,Hesse,Cooperative,2024-05-25,885.2,0.87,770.12,1.57,753.21,15.34,6.77,0.9,-0.03
2711,13457,Barley,Hulless,Howard Ltd,Retailer,Hesse,Direct,2025-05-03,1009.9,0.84,848.32,37.42,763.05,47.85,7.12,0.78,0.06
2712,3715,Potato,Red,Colon-Myers,Wholesaler,Brandenburg,Online,2024-06-21,1774.4,1.17,2076.05,0.62,2039.83,35.6,20.77,1.3,-0.13
2713,1322,Corn,Sweet,Anderson LLC,Exporter,Brandenburg,Cooperative,2025-04-16,1731.2,0.61,1056.03,46.03,992.92,17.08,6.22,0.64,-0.03
2714,7463,Corn,Sweet,"Rodriguez, Miller and Weaver",Retailer,Brandenburg,Cooperative,2025-05-05,950.0,0.96,912.0,36.43,802.51,73.06,15.0,1.0,-0.04
2715,2556,Corn,Sweet,Johnson-Edwards,Retailer,Hesse,Direct,2025-05-05,989.5,1.24,1226.98,3.87,1135.17,87.94,19.99,1.29,-0.05
2716,3003,Barley,Hulless,Harrison-Alexander,Retailer,Lower Saxony,Direct,2025-03-19,205.9,1.42,292.38,23.48,248.54,20.36,7.3,1.4,0.02
2717,9153,Corn,Sweet,"Bradley, Hodges and Mcgrath",Wholesaler,Brandenburg,Online,2025-04-27,1840.3,0.72,1325.02,6.66,1293.59,24.77,10.42,0.68,0.04
2718,8934,Soybean,Yellow,Eaton-Montgomery,Retailer,Brandenburg,Cooperative,2025-03-26,1428.7,0.95,1357.26,28.56,1312.36,16.34,17.99,0.94,0.01
2719,1006,Barley,Hulled,Contreras and Sons,Wholesaler,Bavaria,Cooperative,2025-04-10,1395.7,0.86,1200.3,38.38,1080.36,81.56,19.45,0.82,0.04
2720,3611,Soybean,Yellow,"Taylor, Davis and Cox",Exporter,Lower Saxony,Online,2025-03-09,1951.5,1.31,2556.46,23.47,2506.88,26.11,21.46,1.2,0.11
2721,13738,Corn,Sweet,Johns-Brown,Retailer,Saxony,Online,2024-06-23,1546.3,1.31,2025.65,14.51,1994.89,16.25,13.98,1.39,-0.08
2722,14498,Wheat,Emmer,"Brown, Richard and Edwards",Exporter,Hesse,Direct,2024-12-11,1211.7,0.52,630.08,33.41,536.74,59.93,5.18,0.48,0.04
2723,5429,Wheat,Emmer,"Salinas, Meyer and Baldwin",Wholesaler,Saxony,Cooperative,2024-12-07,1122.9,0.81,909.55,42.16,784.15,83.24,17.96,0.89,-0.08
2724,6231,Corn,Sweet,"Arellano, Jackson and Salazar",Retailer,Bavaria,Online,2025-05-05,1899.8,0.47,892.91,16.46,785.84,90.61,11.66,0.47,0.0
2725,1963,Corn,Sweet,Montgomery and Sons,Exporter,Saxony,Online,2024-12-16,808.6,0.91,735.83,6.82,675.38,53.63,19.63,0.89,0.02
2726,647,Corn,Dent,"Gonzalez, Rogers and Spencer",Exporter,Bavaria,Online,2025-01-14,1564.8,0.54,844.99,12.62,809.54,22.83,17.28,0.58,-0.04
2727,2440,Barley,Hulless,"Johnson, Cordova and Bird",Retailer,Lower Saxony,Online,2024-12-29,1115.0,0.33,367.95,1.45,272.1,94.4,16.77,0.35,-0.02
2728,5217,Wheat,Emmer,"Hoffman, Gill and Ritter",Exporter,Lower Saxony,Cooperative,2024-08-27,1122.8,0.32,359.3,0.23,317.72,41.35,22.27,0.34,-0.02
2729,13693,Wheat,Durum,"Bowen, Tucker and Mcgrath",Exporter,Brandenburg,Direct,2024-11-14,624.0,0.76,474.24,31.08,370.26,72.9,8.08,0.78,-0.02
2730,14291,Soybean,Yellow,Harris-Cruz,Retailer,Brandenburg,Cooperative,2025-05-05,725.5,0.84,609.42,18.73,554.11,36.58,11.39,0.86,-0.02
2731,5920,Potato,Red,Edwards Ltd,Retailer,Saxony,Direct,2025-04-12,1754.1,0.42,736.72,42.87,615.32,78.53,19.26,0.44,-0.02
2732,6078,Wheat,Durum,Vargas-Green,Retailer,Hesse,Online,2024-01-22,1416.1,0.34,481.47,42.96,348.81,89.7,15.86,0.34,0.0
2733,2712,Soybean,Black,"Horne, Good and Vega",Wholesaler,Brandenburg,Cooperative,2025-02-18,1340.4,0.63,844.45,28.03,781.51,34.91,8.86,0.58,0.05
2734,2881,Barley,Hulless,"Mitchell, Daniel and May",Retailer,Brandenburg,Online,2025-02-28,1076.3,0.86,925.62,7.39,884.16,34.07,15.87,0.81,0.05
2735,8024,Wheat,Durum,"Jordan, Perry and Turner",Exporter,Hesse,Online,2024-10-19,1271.7,0.4,508.68,28.84,439.93,39.91,15.8,0.41,-0.01
2736,12632,Barley,Hulled,Pittman and Sons,Retailer,Bavaria,Cooperative,2025-05-02,470.2,0.65,305.63,34.06,212.77,58.8,13.79,0.69,-0.04
2737,12639,Corn,Sweet,Price-Ward,Wholesaler,Saxony,Direct,2025-03-09,1765.5,1.41,2489.36,16.8,2419.97,52.59,22.83,1.32,0.09
2738,12948,Corn,Dent,Thomas-Garcia,Exporter,Hesse,Cooperative,2025-04-26,735.4,1.22,897.19,16.17,814.76,66.26,12.59,1.25,-0.03
2739,10597,Soybean,Yellow,"Wilkins, Mitchell and Green",Retailer,Hesse,Cooperative,2025-04-05,1334.4,1.31,1748.06,2.74,1734.91,10.41,24.41,1.34,-0.03
2740,4329,Potato,Russet,Robinson-Olson,Wholesaler,Hesse,Direct,2025-05-05,1935.5,0.45,870.98,47.61,742.89,80.48,13.79,0.45,0.0
2741,12164,Wheat,Emmer,Craig and Sons,Exporter,Bavaria,Direct,2024-11-23,730.7,1.27,927.99,1.74,869.93,56.32,10.83,1.3,-0.03
2742,1729,Potato,Russet,Hendricks-Miller,Retailer,Bavaria,Direct,2025-04-11,301.5,1.53,461.3,26.33,405.37,29.6,8.97,1.46,0.07
2743,9507,Corn,Dent,Carr PLC,Wholesaler,Bavaria,Cooperative,2025-01-13,1667.0,0.62,1033.54,11.21,941.8,80.53,10.56,0.67,-0.05
2744,2076,Soybean,Yellow,"Thompson, Perez and Martin",Exporter,Bavaria,Online,2025-03-17,338.9,0.64,216.9,20.81,127.5,68.59,17.52,0.68,-0.04
2745,7828,Wheat,Emmer,"Thomas, Jordan and Skinner",Retailer,Lower Saxony,Cooperative,2025-03-22,268.5,0.96,257.76,45.28,148.92,63.56,15.58,1.02,-0.06
2746,9540,Soybean,Black,"Butler, Bartlett and Wilson",Exporter,Lower Saxony,Online,2025-05-05,820.8,0.75,615.6,19.28,499.91,96.41,21.51,0.81,-0.06
2747,12114,Barley,Hulless,Martinez and Sons,Wholesaler,Saxony,Online,2025-05-05,960.4,0.38,364.95,33.65,261.37,69.93,18.5,0.4,-0.02
2748,6251,Corn,Sweet,Howard-Nichols,Wholesaler,Brandenburg,Cooperative,2024-01-10,1068.1,1.34,1431.25,9.32,1370.78,51.15,17.35,1.32,0.02
2749,13886,Barley,Hulled,Hill Group,Retailer,Bavaria,Cooperative,2024-09-01,930.9,0.31,288.58,13.92,263.72,10.94,20.74,0.32,-0.01
2750,1698,Corn,Sweet,West-Tucker,Wholesaler,Hesse,Direct,2025-04-16,1140.4,1.27,1448.31,48.07,1303.56,96.68,7.72,1.36,-0.09
2751,1905,Potato,Red,Perez-Ramos,Exporter,Brandenburg,Direct,2025-05-05,1674.2,1.1,1841.62,41.83,1702.23,97.56,6.68,1.05,0.05
2752,2566,Potato,Russet,"Rodriguez, Ayala and Wood",Wholesaler,Brandenburg,Online,2025-02-14,1432.0,1.28,1832.96,8.39,1771.34,53.23,6.44,1.41,-0.13
2753,14204,Corn,Sweet,"Scott, Sellers and Torres",Wholesaler,Hesse,Online,2025-04-22,1163.0,0.62,721.06,24.06,603.27,93.73,23.53,0.6,0.02
2754,1355,Corn,Sweet,Burgess-Smith,Exporter,Saxony,Online,2025-01-25,1550.1,0.75,1162.57,45.5,1078.86,38.21,20.39,0.78,-0.03
2755,7290,Potato,Russet,White-Bentley,Wholesaler,Brandenburg,Online,2025-02-12,676.3,0.91,615.43,32.75,547.89,34.79,12.28,0.89,0.02
2756,4108,Potato,Red,"Parker, Smith and Smith",Exporter,Brandenburg,Cooperative,2025-03-25,1419.7,1.09,1547.47,33.55,1460.47,53.45,13.01,1.06,0.03
2757,13052,Barley,Hulless,"Murray, Garcia and Mason",Exporter,Lower Saxony,Online,2024-05-04,1296.8,0.69,894.79,32.2,836.47,26.12,14.23,0.65,0.04
2758,11463,Barley,Hulless,Boyer LLC,Exporter,Hesse,Online,2025-03-08,1730.5,0.8,1384.4,31.56,1264.32,88.52,9.43,0.74,0.06
2759,9798,Corn,Dent,"Ford, Roberts and Washington",Exporter,Bavaria,Online,2024-10-17,1219.8,1.35,1646.73,3.42,1597.11,46.2,8.48,1.33,0.02
2760,12716,Wheat,Emmer,"Williams, Rose and Foster",Wholesaler,Lower Saxony,Cooperative,2025-05-05,1033.7,0.65,671.91,47.73,613.86,10.32,17.77,0.72,-0.07
2761,10392,Corn,Dent,Barry Group,Wholesaler,Hesse,Direct,2024-12-14,1048.9,0.63,660.81,18.37,562.04,80.4,7.13,0.63,0.0
2762,5202,Soybean,Black,"Reilly, Willis and Johnston",Exporter,Bavaria,Direct,2025-05-05,568.1,1.0,568.1,38.94,480.46,48.7,9.27,1.07,-0.07
2763,12338,Wheat,Durum,"Lucas, Francis and Gallagher",Exporter,Hesse,Cooperative,2025-04-13,1544.3,1.56,2409.11,19.02,2350.55,39.54,18.1,1.44,0.12
2764,5979,Wheat,Durum,Munoz LLC,Exporter,Lower Saxony,Cooperative,2025-05-05,1367.3,1.42,1941.57,21.66,1827.17,92.74,17.58,1.49,-0.07
2765,11118,Potato,Russet,"Roberts, Flores and Noble",Retailer,Hesse,Direct,2025-05-05,1404.4,0.62,870.73,39.8,807.42,23.51,23.44,0.68,-0.06
2766,1182,Wheat,Durum,Smith-Bradley,Retailer,Bavaria,Cooperative,2025-05-05,363.1,0.44,159.76,39.88,43.72,76.16,6.37,0.45,-0.01
2767,7235,Soybean,Yellow,Chapman-Rogers,Retailer,Bavaria,Cooperative,2024-11-26,1018.2,0.75,763.65,22.92,684.05,56.68,23.67,0.81,-0.06
2768,11105,Barley,Hulless,"Tucker, Jackson and Phillips",Exporter,Bavaria,Direct,2025-04-25,1506.8,0.75,1130.1,10.1,1109.76,10.24,20.91,0.81,-0.06
2769,9659,Soybean,Yellow,Young-Davis,Exporter,Lower Saxony,Direct,2024-08-10,1186.4,0.86,1020.3,17.21,946.26,56.83,8.39,0.87,-0.01
2770,11294,Potato,Red,Harris PLC,Wholesaler,Lower Saxony,Online,2025-04-26,1273.7,0.73,929.8,5.44,836.88,87.48,18.02,0.76,-0.03
2771,13284,Potato,Russet,Benson-Barnes,Wholesaler,Lower Saxony,Cooperative,2025-05-05,768.6,0.61,468.85,20.29,384.69,63.87,6.13,0.68,-0.07
2772,8259,Wheat,Emmer,Kim-Sullivan,Retailer,Lower Saxony,Cooperative,2024-12-01,648.6,1.06,687.52,26.94,620.07,40.51,5.89,1.15,-0.09
2773,13706,Barley,Hulled,Hall-Sparks,Exporter,Saxony,Direct,2025-05-05,306.1,1.51,462.21,22.43,426.98,12.8,21.21,1.5,0.01
2774,13098,Wheat,Durum,"Cabrera, Compton and Oneill",Retailer,Bavaria,Cooperative,2025-02-03,1927.2,1.14,2197.01,12.12,2112.25,72.64,24.0,1.05,0.09
2775,3754,Potato,Russet,Hill-Brooks,Wholesaler,Saxony,Online,2024-11-11,486.7,0.74,360.16,10.99,322.04,27.13,14.33,0.79,-0.05
2776,1034,Potato,Russet,Terry-Williams,Wholesaler,Bavaria,Cooperative,2024-12-14,1850.8,0.41,758.83,44.44,653.72,60.67,9.05,0.38,0.03
2777,8645,Corn,Dent,Scott-Adams,Wholesaler,Saxony,Online,2025-01-04,1215.4,1.42,1725.87,25.1,1601.12,99.65,22.78,1.4,0.02
2778,11214,Barley,Hulless,"Douglas, Blevins and Murray",Exporter,Bavaria,Cooperative,2024-07-30,1897.3,0.39,739.95,6.39,680.39,53.17,10.92,0.41,-0.02
2779,3303,Wheat,Durum,"Hopkins, Weeks and Cook",Wholesaler,Saxony,Cooperative,2025-02-17,631.4,0.68,429.35,37.5,296.74,95.11,15.37,0.72,-0.04
2780,8119,Corn,Dent,"Clark, Barajas and Williamson",Exporter,Bavaria,Cooperative,2025-03-05,452.6,1.26,570.28,24.2,494.0,52.08,22.71,1.29,-0.03
2781,4438,Barley,Hulled,Wilson-Beck,Retailer,Brandenburg,Cooperative,2025-05-05,1486.7,0.73,1085.29,42.26,971.65,71.38,15.93,0.76,-0.03
2782,4251,Potato,Russet,Thompson-Silva,Wholesaler,Brandenburg,Cooperative,2025-02-26,706.4,1.24,875.94,45.13,755.92,74.89,6.41,1.28,-0.04
2783,4945,Wheat,Emmer,"Macias, Fuller and Lopez",Wholesaler,Bavaria,Cooperative,2024-11-01,387.4,1.28,495.87,17.78,398.22,79.87,16.17,1.39,-0.11
2784,14496,Soybean,Black,"Wilson, King and King",Exporter,Brandenburg,Cooperative,2024-05-11,1170.9,0.75,878.18,23.06,799.39,55.73,13.63,0.79,-0.04
2785,6127,Potato,Red,"Cantu, Rodriguez and Barnett",Wholesaler,Brandenburg,Online,2025-02-14,502.2,0.31,155.68,42.62,33.54,79.52,20.73,0.34,-0.03
2786,12572,Corn,Dent,Day-Flores,Exporter,Hesse,Online,2025-05-05,1720.7,1.02,1755.11,3.83,1704.59,46.69,23.5,1.07,-0.05
2787,4239,Potato,Red,Reed Group,Retailer,Saxony,Cooperative,2024-08-07,1137.6,0.78,887.33,33.75,796.08,57.5,7.96,0.75,0.03
2788,11293,Barley,Hulless,Benson-Hernandez,Exporter,Brandenburg,Online,2025-02-23,593.6,0.79,468.94,29.26,424.4,15.28,16.27,0.77,0.02
2789,2360,Corn,Sweet,Martin Ltd,Wholesaler,Bavaria,Direct,2024-12-16,234.4,1.0,234.4,17.74,138.72,77.94,18.88,1.05,-0.05
2790,13520,Corn,Sweet,Martinez-Walker,Wholesaler,Bavaria,Online,2024-06-21,546.3,1.29,704.73,9.33,646.25,49.15,20.44,1.36,-0.07
2791,14601,Barley,Hulled,Scott PLC,Retailer,Bavaria,Cooperative,2025-04-05,640.3,0.67,429.0,14.23,370.5,44.27,20.1,0.72,-0.05
2792,5951,Barley,Hulless,Malone-Barnes,Exporter,Brandenburg,Direct,2024-02-27,709.9,0.97,688.6,38.72,601.17,48.71,14.76,0.9,0.07
2793,7594,Corn,Sweet,"Griffith, Richardson and Thomas",Exporter,Lower Saxony,Cooperative,2025-04-22,1084.7,0.95,1030.46,9.32,922.15,98.99,8.92,1.02,-0.07
2794,7064,Barley,Hulless,"Johnson, Wolf and Zavala",Retailer,Lower Saxony,Cooperative,2024-11-16,1160.3,0.44,510.53,48.73,402.71,59.09,6.98,0.47,-0.03
2795,5997,Soybean,Black,Acevedo-Martinez,Retailer,Saxony,Direct,2024-03-23,1519.8,1.2,1823.76,34.35,1773.24,16.17,6.54,1.14,0.06
2796,5403,Barley,Hulless,West-Scott,Wholesaler,Hesse,Direct,2025-04-22,1255.0,0.37,464.35,49.47,356.43,58.45,7.35,0.36,0.01
2797,13003,Corn,Sweet,"Villarreal, Williams and Evans",Wholesaler,Hesse,Cooperative,2024-06-02,367.0,0.76,278.92,29.24,207.88,41.8,19.53,0.84,-0.08
2798,1172,Corn,Dent,Hernandez LLC,Retailer,Saxony,Cooperative,2025-05-03,1244.8,1.22,1518.66,25.83,1458.91,33.92,14.0,1.35,-0.13
2799,4628,Barley,Hulless,Hawkins LLC,Wholesaler,Lower Saxony,Direct,2025-05-05,517.9,1.21,626.66,41.49,545.72,39.45,20.88,1.27,-0.06
2800,7064,Barley,Hulless,Young-Wilson,Exporter,Saxony,Cooperative,2024-07-27,1090.9,0.5,545.45,36.19,485.41,23.85,6.59,0.47,0.03
2801,7491,Corn,Dent,Smith Ltd,Retailer,Saxony,Online,2025-04-13,1246.2,1.51,1881.76,8.71,1848.27,24.78,11.28,1.49,0.02
2802,4244,Wheat,Durum,Little PLC,Exporter,Lower Saxony,Direct,2025-05-03,581.5,0.83,482.64,19.66,418.55,44.43,17.23,0.77,0.06
2803,4946,Corn,Dent,Pruitt-Cummings,Retailer,Bavaria,Direct,2025-03-18,1285.2,1.06,1362.31,38.05,1312.44,11.82,6.49,0.97,0.09
2804,14486,Soybean,Black,Hernandez and Sons,Exporter,Bavaria,Cooperative,2025-05-05,645.7,0.82,529.47,49.92,424.59,54.96,8.94,0.83,-0.01
2805,897,Soybean,Yellow,"Marsh, Harris and Collins",Wholesaler,Lower Saxony,Cooperative,2024-02-04,686.7,0.47,322.75,44.21,238.13,40.41,20.22,0.46,0.01
2806,4219,Potato,Russet,Benitez PLC,Exporter,Brandenburg,Cooperative,2025-05-02,282.3,0.54,152.44,19.46,47.9,85.08,6.92,0.55,-0.01
2807,8516,Barley,Hulled,Bush-Johnson,Wholesaler,Saxony,Direct,2024-12-27,1959.0,1.06,2076.54,7.08,1978.34,91.12,14.47,0.97,0.09
2808,9351,Soybean,Black,Hunt Inc,Wholesaler,Hesse,Online,2025-04-22,551.2,0.86,474.03,25.37,349.94,98.72,23.07,0.86,0.0
2809,330,Corn,Sweet,Dean Inc,Retailer,Brandenburg,Cooperative,2024-12-30,858.9,0.94,807.37,12.93,783.41,11.03,12.43,1.0,-0.06
2810,1385,Soybean,Yellow,"Cole, Martinez and Daugherty",Retailer,Hesse,Online,2024-12-31,785.9,0.53,416.53,29.63,354.75,32.15,10.34,0.5,0.03
2811,3369,Wheat,Emmer,Bradley Inc,Wholesaler,Brandenburg,Cooperative,2024-07-25,1898.0,0.73,1385.54,29.57,1278.16,77.81,20.97,0.72,0.01
2812,11962,Corn,Sweet,Vargas Inc,Wholesaler,Brandenburg,Direct,2025-05-05,849.9,0.37,314.46,9.41,284.54,20.51,21.71,0.35,0.02
2813,1417,Corn,Sweet,"Barron, Rogers and Dawson",Exporter,Hesse,Cooperative,2025-01-23,1455.7,1.06,1543.04,27.12,1426.93,88.99,11.76,1.13,-0.07
2814,605,Wheat,Durum,Alvarez and Sons,Retailer,Hesse,Online,2025-03-13,669.7,1.2,803.64,14.86,739.5,49.28,12.05,1.33,-0.13
2815,5125,Soybean,Yellow,Rubio Ltd,Exporter,Bavaria,Cooperative,2025-04-24,952.7,1.14,1086.08,8.21,1045.45,32.42,22.84,1.13,0.01
2816,14348,Barley,Hulless,Powell PLC,Exporter,Hesse,Direct,2024-09-07,490.9,0.95,466.35,1.58,401.46,63.31,23.59,1.02,-0.07
2817,8540,Corn,Sweet,Cherry and Sons,Wholesaler,Lower Saxony,Online,2025-05-05,936.0,0.52,486.72,35.64,414.82,36.26,22.04,0.55,-0.03
2818,648,Wheat,Emmer,Anderson PLC,Exporter,Lower Saxony,Online,2024-12-30,1738.2,1.18,2051.08,16.69,2023.08,11.31,12.64,1.25,-0.07
2819,7680,Barley,Hulless,Montoya Group,Exporter,Lower Saxony,Direct,2024-11-20,288.2,1.28,368.9,34.8,321.2,12.9,24.2,1.23,0.05
2820,11084,Barley,Hulless,Haynes-Miller,Wholesaler,Brandenburg,Direct,2024-05-03,238.8,1.0,238.8,17.58,146.58,74.64,15.65,1.03,-0.03
2821,5841,Potato,Russet,Olsen-Soto,Retailer,Lower Saxony,Online,2024-09-12,1561.0,1.15,1795.15,39.05,1663.65,92.45,12.64,1.17,-0.02
2822,7572,Wheat,Durum,"Craig, Anderson and Davis",Retailer,Saxony,Direct,2025-02-14,1122.3,0.36,404.03,39.42,350.96,13.65,18.44,0.36,0.0
2823,2476,Barley,Hulless,Morgan-Benjamin,Exporter,Brandenburg,Direct,2024-12-08,426.6,0.63,268.76,11.42,163.74,93.6,18.95,0.64,-0.01
2824,10241,Potato,Russet,Watson-Taylor,Exporter,Lower Saxony,Direct,2025-04-09,1471.9,0.46,677.07,8.52,612.98,55.57,15.26,0.49,-0.03
2825,8434,Barley,Hulled,Carter-Tran,Wholesaler,Hesse,Cooperative,2025-05-05,322.5,0.86,277.35,39.94,211.93,25.48,11.07,0.89,-0.03
2826,6829,Barley,Hulless,Hansen-Williams,Exporter,Saxony,Direct,2025-01-20,1870.0,0.94,1757.8,10.47,1705.27,42.06,6.7,1.01,-0.07
2827,14904,Potato,Red,Becker PLC,Wholesaler,Lower Saxony,Direct,2025-04-28,822.5,1.19,978.78,19.63,931.37,27.78,6.57,1.3,-0.11
2828,10997,Wheat,Emmer,Anderson-Robinson,Exporter,Hesse,Cooperative,2025-05-05,897.4,0.54,484.6,29.35,407.14,48.11,24.98,0.59,-0.05
2829,10245,Wheat,Durum,Francis Inc,Wholesaler,Lower Saxony,Cooperative,2025-02-23,790.1,0.81,639.98,34.8,571.17,34.01,21.54,0.8,0.01
2830,8702,Potato,Red,Bennett-Wright,Retailer,Lower Saxony,Online,2025-03-14,1106.9,0.88,974.07,2.8,891.32,79.95,8.79,0.95,-0.07
2831,3703,Wheat,Emmer,"Bell, Hill and Wang",Wholesaler,Lower Saxony,Direct,2025-01-20,1461.0,0.5,730.5,33.44,641.54,55.52,18.35,0.5,0.0
2832,5540,Soybean,Yellow,Smith-Boyd,Retailer,Brandenburg,Online,2025-05-05,304.3,0.79,240.4,47.43,130.34,62.63,22.97,0.85,-0.06
2833,14458,Corn,Sweet,"Dominguez, Watson and Simmons",Wholesaler,Lower Saxony,Cooperative,2024-07-19,1401.5,1.26,1765.89,26.72,1662.2,76.97,18.34,1.16,0.1
2834,7599,Corn,Dent,"Turner, Harris and Lopez",Exporter,Brandenburg,Direct,2025-02-08,1223.9,1.31,1603.31,28.88,1538.05,36.38,24.59,1.26,0.05
2835,8239,Potato,Red,Rivera-Bell,Wholesaler,Saxony,Online,2025-04-23,1561.8,1.53,2389.55,27.58,2290.92,71.05,7.27,1.44,0.09
2836,11363,Wheat,Emmer,Grant-Anthony,Retailer,Lower Saxony,Direct,2025-04-28,1939.4,0.71,1376.97,15.42,1319.76,41.79,18.77,0.76,-0.05
2837,6482,Wheat,Emmer,"Walker, Garcia and Campbell",Retailer,Saxony,Online,2025-04-29,637.4,1.12,713.89,20.3,604.03,89.56,23.4,1.2,-0.08
2838,7398,Barley,Hulless,Taylor-Villa,Exporter,Hesse,Direct,2025-03-09,1224.6,1.03,1261.34,30.5,1156.39,74.45,12.79,0.96,0.07
2839,5723,Barley,Hulless,Harris-Buchanan,Wholesaler,Bavaria,Online,2024-12-10,477.5,0.47,224.42,13.77,177.83,32.82,20.46,0.49,-0.02
2840,7164,Corn,Sweet,Miller LLC,Wholesaler,Saxony,Online,2025-01-06,441.9,0.61,269.56,43.84,214.17,11.55,22.75,0.58,0.03
2841,3165,Barley,Hulled,"Callahan, Gonzalez and Martin",Retailer,Saxony,Online,2025-05-05,1097.2,1.25,1371.5,29.11,1255.26,87.13,19.27,1.14,0.11
2842,6795,Potato,Red,Edwards Group,Retailer,Bavaria,Online,2024-11-19,605.3,1.64,992.69,40.0,919.44,33.25,6.4,1.49,0.15
2843,2736,Barley,Hulled,Avila-King,Wholesaler,Saxony,Online,2025-01-03,1906.3,0.81,1544.1,27.44,1502.22,14.44,17.71,0.84,-0.03
2844,12052,Potato,Russet,Cunningham-Esparza,Retailer,Lower Saxony,Online,2025-04-23,1197.2,0.41,490.85,32.52,363.03,95.3,23.19,0.39,0.02
2845,12347,Soybean,Black,Sanders and Sons,Retailer,Bavaria,Direct,2025-01-30,1736.7,1.16,2014.57,3.43,1918.03,93.11,16.06,1.24,-0.08
2846,10783,Wheat,Durum,Wheeler-Harvey,Exporter,Brandenburg,Cooperative,2025-05-01,1419.8,1.46,2072.91,10.43,1994.05,68.43,18.04,1.33,0.13
2847,11205,Soybean,Black,Jimenez Inc,Retailer,Lower Saxony,Direct,2025-05-05,404.3,0.75,303.23,35.89,176.1,91.24,9.05,0.83,-0.08
2848,13787,Soybean,Yellow,Chan Inc,Retailer,Lower Saxony,Direct,2025-05-05,1239.8,1.41,1748.12,14.7,1715.37,18.05,21.9,1.3,0.11
2849,7851,Barley,Hulled,Singh and Sons,Wholesaler,Hesse,Direct,2025-04-18,654.1,1.26,824.17,16.6,725.11,82.46,22.22,1.16,0.1
2850,12118,Wheat,Durum,Green LLC,Wholesaler,Saxony,Cooperative,2025-05-05,1870.9,0.69,1290.92,32.83,1205.11,52.98,10.17,0.69,0.0
2851,4133,Soybean,Yellow,Fox and Sons,Retailer,Hesse,Direct,2024-10-06,508.5,1.63,828.85,4.83,771.04,52.98,5.81,1.49,0.14
2852,12189,Corn,Dent,Hogan PLC,Exporter,Hesse,Direct,2025-03-19,1131.4,0.56,633.58,6.09,569.8,57.69,10.23,0.57,-0.01
2853,14712,Corn,Sweet,Carpenter-Murphy,Wholesaler,Hesse,Cooperative,2025-01-06,572.0,0.7,400.4,39.84,293.34,67.22,21.09,0.66,0.04
2854,12087,Barley,Hulless,Snyder PLC,Retailer,Lower Saxony,Direct,2024-08-06,1739.4,0.32,556.61,8.41,502.77,45.43,16.27,0.33,-0.01
2855,405,Potato,Russet,"Graham, Wilson and Griffith",Wholesaler,Hesse,Direct,2024-04-28,1813.4,0.68,1233.11,45.0,1143.33,44.78,24.23,0.75,-0.07
2856,3167,Barley,Hulless,Russell Ltd,Wholesaler,Bavaria,Direct,2025-01-04,926.1,0.91,842.75,32.26,798.15,12.34,10.28,0.86,0.05
2857,12287,Barley,Hulless,Nixon-Burke,Exporter,Bavaria,Cooperative,2023-12-14,308.7,1.04,321.05,49.76,244.05,27.24,23.46,1.14,-0.1
2858,335,Soybean,Yellow,"Russell, Garcia and Stevens",Retailer,Hesse,Cooperative,2024-04-03,832.6,1.15,957.49,47.5,866.2,43.79,13.87,1.19,-0.04
2859,8572,Potato,Russet,Williams-Sullivan,Wholesaler,Lower Saxony,Direct,2023-11-18,1836.0,1.16,2129.76,2.5,2036.15,91.11,21.8,1.07,0.09
2860,8563,Potato,Russet,"Bell, Weiss and Smith",Wholesaler,Brandenburg,Direct,2025-01-07,389.1,0.51,198.44,36.27,107.0,55.17,13.18,0.47,0.04
2861,10177,Wheat,Durum,"Wilson, Morris and Adams",Retailer,Hesse,Online,2024-10-27,1556.4,0.45,700.38,46.89,609.77,43.72,5.4,0.44,0.01
2862,2599,Potato,Russet,"Young, Calderon and Chapman",Exporter,Hesse,Online,2025-03-27,710.4,1.61,1143.74,37.16,1010.55,96.03,6.54,1.47,0.14
2863,4142,Soybean,Black,Hill-Burnett,Wholesaler,Saxony,Online,2025-04-29,253.5,1.44,365.04,26.5,249.89,88.65,9.45,1.37,0.07
2864,6529,Wheat,Durum,Barton-Moses,Exporter,Hesse,Cooperative,2025-05-02,666.5,1.35,899.78,19.55,817.84,62.39,11.13,1.32,0.03
2865,3025,Barley,Hulled,Roberts-Thompson,Exporter,Hesse,Direct,2025-05-05,373.1,0.9,335.79,28.18,209.07,98.54,18.73,0.92,-0.02
2866,12433,Corn,Sweet,Lewis-Young,Retailer,Saxony,Cooperative,2024-06-12,1457.5,0.65,947.38,5.64,860.76,80.98,24.56,0.69,-0.04
2867,8257,Corn,Dent,"Mendoza, Neal and Snyder",Wholesaler,Saxony,Cooperative,2024-02-06,467.0,0.54,252.18,11.65,182.23,58.3,14.06,0.5,0.04
2868,7545,Barley,Hulled,"Black, Roberson and Acevedo",Retailer,Saxony,Online,2025-03-26,1727.8,0.77,1330.41,41.75,1196.36,92.3,8.53,0.72,0.05
2869,11129,Corn,Dent,Swanson-Wheeler,Retailer,Hesse,Cooperative,2024-09-12,726.9,0.38,276.22,38.85,176.11,61.26,22.16,0.35,0.03
2870,3456,Corn,Dent,Hernandez-Morales,Wholesaler,Saxony,Direct,2025-04-22,1161.5,0.57,662.06,14.64,562.62,84.8,18.8,0.54,0.03
2871,9853,Potato,Red,"Moore, Banks and Briggs",Exporter,Brandenburg,Online,2024-11-25,316.7,0.73,231.19,0.65,148.67,81.87,19.51,0.69,0.04
2872,8101,Soybean,Yellow,Lee Inc,Wholesaler,Brandenburg,Cooperative,2025-05-02,738.0,0.75,553.5,2.17,482.77,68.56,15.83,0.78,-0.03
2873,13424,Corn,Dent,"Floyd, Brown and Leblanc",Exporter,Saxony,Online,2024-03-13,1681.0,1.56,2622.36,30.81,2555.15,36.4,15.19,1.45,0.11
2874,9461,Soybean,Black,Allen-Holden,Exporter,Hesse,Online,2024-10-22,1439.9,0.67,964.73,42.54,893.04,29.15,20.06,0.73,-0.06
2875,10182,Wheat,Emmer,Young Group,Exporter,Brandenburg,Cooperative,2025-05-05,1790.1,1.25,2237.62,9.6,2165.82,62.2,23.17,1.17,0.08
2876,2812,Corn,Sweet,George and Sons,Retailer,Saxony,Online,2025-05-05,1588.3,1.45,2303.04,42.73,2203.18,57.13,8.28,1.36,0.09
2877,6427,Potato,Russet,"Ramos, Welch and Tanner",Retailer,Hesse,Online,2025-02-23,218.1,0.84,183.2,44.69,104.5,34.01,8.92,0.8,0.04
2878,684,Barley,Hulless,"Rodriguez, Jones and Ross",Exporter,Bavaria,Cooperative,2025-02-19,1135.3,0.91,1033.12,24.72,911.68,96.72,21.14,0.96,-0.05
2879,11717,Wheat,Emmer,Ward-Harrell,Wholesaler,Bavaria,Online,2025-05-05,1230.7,1.58,1944.51,2.28,1925.38,16.85,9.03,1.49,0.09
2880,11291,Potato,Russet,"Willis, Miller and Bryant",Retailer,Hesse,Direct,2024-12-26,1196.1,1.09,1303.75,18.54,1196.06,89.15,12.22,1.06,0.03
2881,7514,Soybean,Yellow,Fuentes-Gill,Retailer,Saxony,Online,2024-12-11,1226.0,0.79,968.54,35.35,920.59,12.6,14.91,0.76,0.03
2882,11847,Barley,Hulled,"Brewer, Hubbard and White",Retailer,Bavaria,Online,2025-03-25,1275.4,1.21,1543.23,42.31,1448.43,52.49,7.01,1.3,-0.09
2883,11311,Wheat,Durum,"Sexton, Harper and James",Retailer,Brandenburg,Online,2024-08-26,1794.0,0.51,914.94,9.49,831.05,74.4,15.16,0.53,-0.02
2884,1287,Soybean,Yellow,"Hensley, Harris and Baker",Retailer,Brandenburg,Online,2025-05-05,661.5,1.35,893.03,24.79,779.88,88.36,17.26,1.26,0.09
2885,12237,Potato,Red,Powell-Kerr,Wholesaler,Hesse,Online,2025-01-27,1015.5,1.03,1045.96,13.94,998.5,33.52,16.87,1.06,-0.03
2886,3885,Barley,Hulled,"Meza, Morgan and Baird",Wholesaler,Lower Saxony,Direct,2024-11-02,1136.0,0.39,443.04,36.14,336.74,70.16,6.19,0.41,-0.02
2887,7647,Wheat,Durum,Jones-Leach,Exporter,Bavaria,Cooperative,2025-05-05,509.7,0.33,168.2,38.37,63.67,66.16,13.76,0.35,-0.02
2888,14376,Soybean,Yellow,Robinson and Sons,Exporter,Bavaria,Online,2025-04-29,1768.6,0.91,1609.43,22.71,1491.86,94.86,16.2,0.86,0.05
2889,14140,Wheat,Emmer,Hall-Dyer,Exporter,Bavaria,Online,2024-10-06,1775.1,0.86,1526.59,13.49,1443.35,69.75,22.15,0.93,-0.07
2890,14788,Barley,Hulless,Koch-Williams,Wholesaler,Hesse,Cooperative,2024-12-26,221.2,0.86,190.23,8.38,128.61,53.24,8.22,0.86,0.0
2891,9766,Potato,Red,"Meadows, Stewart and Schneider",Wholesaler,Bavaria,Cooperative,2025-03-31,1246.9,1.2,1496.28,21.42,1446.96,27.9,16.02,1.12,0.08
2892,5323,Corn,Sweet,Diaz LLC,Exporter,Lower Saxony,Direct,2025-05-05,486.4,1.1,535.04,41.34,435.69,58.01,5.92,1.08,0.02
2893,1846,Wheat,Emmer,"Gonzalez, Mendoza and Acevedo",Exporter,Bavaria,Cooperative,2025-03-14,746.1,1.06,790.87,17.06,762.26,11.55,23.22,0.97,0.09
2894,3427,Barley,Hulless,"Fitzgerald, Weaver and Steele",Retailer,Lower Saxony,Direct,2024-10-13,1215.5,0.85,1033.18,7.84,964.69,60.65,12.67,0.85,0.0
2895,1027,Corn,Sweet,Keller LLC,Exporter,Hesse,Online,2024-11-30,574.8,0.96,551.81,27.89,493.37,30.55,7.95,1.03,-0.07
2896,4701,Corn,Sweet,"Holt, Peck and Johnson",Wholesaler,Saxony,Direct,2025-02-25,705.9,0.74,522.37,21.37,416.75,84.25,20.12,0.75,-0.01
2897,2374,Wheat,Durum,Long-Martin,Retailer,Lower Saxony,Direct,2024-11-09,1512.6,0.33,499.16,43.46,377.2,78.5,10.27,0.34,-0.01
2898,7065,Potato,Russet,Marshall-Rodriguez,Retailer,Brandenburg,Online,2025-05-05,213.3,1.41,300.75,32.51,222.21,46.03,22.48,1.38,0.03
2899,3945,Barley,Hulless,Hill and Sons,Exporter,Hesse,Cooperative,2025-04-14,864.9,0.93,804.36,10.59,703.28,90.49,5.46,0.88,0.05
2900,8520,Wheat,Durum,"Dixon, Perkins and Griffith",Wholesaler,Saxony,Direct,2024-10-25,1268.1,0.85,1077.88,9.78,992.33,75.77,8.84,0.93,-0.08
2901,3271,Potato,Red,"Medina, Hahn and Sanchez",Wholesaler,Brandenburg,Cooperative,2025-01-25,522.2,0.9,469.98,5.99,376.73,87.26,15.75,0.89,0.01
2902,14651,Barley,Hulled,Davis Inc,Wholesaler,Brandenburg,Online,2025-01-20,607.4,1.09,662.07,49.73,536.47,75.87,8.59,1.19,-0.1
2903,4511,Barley,Hulless,Brown Group,Exporter,Bavaria,Online,2025-03-16,444.3,0.6,266.58,36.73,146.65,83.2,23.5,0.64,-0.04
2904,5720,Potato,Russet,"Turner, Landry and Shelton",Exporter,Bavaria,Online,2024-03-30,521.2,0.92,479.5,18.79,389.86,70.85,16.35,0.99,-0.07
2905,13896,Barley,Hulless,"Richardson, Mclaughlin and David",Wholesaler,Brandenburg,Direct,2024-12-31,471.0,0.73,343.83,23.1,223.09,97.64,9.47,0.75,-0.02
2906,5050,Wheat,Emmer,Ayala-Joyce,Wholesaler,Hesse,Direct,2024-01-29,1402.0,0.92,1289.84,8.16,1196.95,84.73,19.72,1.01,-0.09
2907,318,Potato,Russet,Nelson-Owen,Retailer,Hesse,Direct,2025-05-02,819.8,0.42,344.32,14.65,247.14,82.53,24.45,0.41,0.01
2908,7870,Potato,Russet,Harrison-Clark,Retailer,Lower Saxony,Cooperative,2025-05-05,1610.0,0.63,1014.3,26.81,958.03,29.46,16.45,0.59,0.04
2909,6529,Wheat,Durum,"Long, Allen and Hill",Wholesaler,Brandenburg,Cooperative,2025-03-24,680.5,1.26,857.43,49.35,782.08,26.0,22.48,1.32,-0.06
2910,6355,Barley,Hulless,Benjamin LLC,Exporter,Bavaria,Cooperative,2024-10-12,336.8,0.47,158.3,41.12,105.4,11.78,14.4,0.45,0.02
2911,6312,Barley,Hulless,"Gomez, Diaz and Jones",Exporter,Saxony,Direct,2024-10-29,916.3,1.11,1017.09,29.01,910.09,77.99,18.07,1.04,0.07
2912,8889,Potato,Russet,"Howard, Houston and Flores",Wholesaler,Hesse,Direct,2024-03-24,1974.0,0.33,651.42,7.86,589.16,54.4,23.9,0.34,-0.01
2913,2726,Barley,Hulled,"Bishop, Smith and Williams",Retailer,Brandenburg,Direct,2025-01-23,1877.7,1.31,2459.79,18.98,2399.99,40.82,18.68,1.4,-0.09
2914,10003,Soybean,Yellow,"Morales, Powell and Martinez",Exporter,Brandenburg,Online,2025-04-24,337.5,0.84,283.5,24.44,234.02,25.04,19.34,0.82,0.02
2915,6354,Wheat,Durum,Jones Group,Wholesaler,Lower Saxony,Online,2025-02-18,1272.9,0.61,776.47,32.96,732.14,11.37,8.57,0.65,-0.04
2916,2520,Barley,Hulled,Adams-Williams,Wholesaler,Brandenburg,Online,2025-03-16,501.9,0.66,331.25,46.01,216.03,69.21,12.1,0.62,0.04
2917,7577,Barley,Hulless,Sanders-Gray,Exporter,Brandenburg,Direct,2024-05-29,1631.0,1.48,2413.88,24.85,2378.25,10.78,12.36,1.49,-0.01
2918,1548,Wheat,Emmer,Valenzuela-Miranda,Retailer,Lower Saxony,Cooperative,2024-11-17,1471.5,1.28,1883.52,5.75,1842.84,34.93,18.27,1.36,-0.08
2919,6167,Wheat,Emmer,Barnes LLC,Wholesaler,Bavaria,Cooperative,2025-05-05,231.1,0.79,182.57,40.28,79.25,63.04,11.6,0.74,0.05
2920,6374,Corn,Dent,Sparks and Sons,Retailer,Brandenburg,Online,2025-03-04,291.1,1.24,360.96,44.26,252.93,63.77,22.34,1.36,-0.12
2921,8710,Corn,Sweet,Wilson-Larson,Wholesaler,Lower Saxony,Direct,2024-04-15,957.5,1.11,1062.82,6.43,968.84,87.55,17.07,1.09,0.02
2922,11358,Corn,Sweet,"Harris, Walters and Gutierrez",Exporter,Saxony,Direct,2025-04-17,474.2,0.51,241.84,15.42,214.3,12.12,23.19,0.52,-0.01
2923,14899,Potato,Red,Aguirre-Watson,Exporter,Lower Saxony,Cooperative,2025-04-26,234.5,0.88,206.36,37.48,82.85,86.03,14.58,0.89,-0.01
2924,2551,Potato,Russet,"Terry, Collins and Thompson",Wholesaler,Brandenburg,Online,2025-03-15,612.9,0.44,269.68,44.86,202.08,22.74,9.9,0.44,0.0
2925,1567,Wheat,Emmer,"Cervantes, Kim and Jones",Exporter,Brandenburg,Direct,2024-10-07,939.8,0.71,667.26,7.72,604.12,55.42,16.36,0.73,-0.02
2926,6623,Potato,Red,"Morales, Sanchez and Jenkins",Retailer,Saxony,Direct,2025-03-10,490.7,0.51,250.26,19.43,177.71,53.12,13.15,0.51,0.0
2927,13398,Corn,Dent,"Washington, Watson and Myers",Wholesaler,Lower Saxony,Online,2025-04-05,399.8,1.0,399.8,6.62,366.81,26.37,17.81,0.92,0.08
2928,14760,Barley,Hulled,Alvarez-Johnson,Exporter,Brandenburg,Online,2025-02-26,1697.7,1.26,2139.1,7.6,2105.36,26.14,20.57,1.22,0.04
2929,10149,Barley,Hulled,"Phillips, Norman and Vega",Wholesaler,Brandenburg,Online,2025-04-30,1818.0,0.62,1127.16,11.37,1033.46,82.33,9.42,0.57,0.05
2930,4823,Barley,Hulled,Whitney-Long,Retailer,Saxony,Cooperative,2025-03-02,1534.4,1.37,2102.13,48.35,2027.69,26.09,13.41,1.46,-0.09
2931,5258,Wheat,Durum,Russell PLC,Wholesaler,Hesse,Direct,2025-02-26,724.6,0.84,608.66,12.37,553.01,43.28,23.39,0.91,-0.07
2932,5338,Wheat,Durum,Hernandez Group,Retailer,Saxony,Direct,2025-05-05,815.5,0.89,725.8,2.71,653.96,69.13,10.88,0.96,-0.07
2933,1370,Soybean,Yellow,"Evans, Roberson and Carlson",Exporter,Bavaria,Cooperative,2023-10-30,1859.0,1.01,1877.59,28.67,1792.28,56.64,17.03,1.09,-0.08
2934,5519,Soybean,Black,"Serrano, Shields and Cook",Retailer,Bavaria,Cooperative,2025-01-20,360.1,1.23,442.92,15.16,359.88,67.88,17.39,1.34,-0.11
2935,4480,Soybean,Black,Garcia Inc,Retailer,Bavaria,Cooperative,2024-12-30,1083.1,1.28,1386.37,6.31,1355.81,24.25,9.77,1.28,0.0
2936,11338,Soybean,Yellow,"Rhodes, Kline and Delacruz",Exporter,Brandenburg,Cooperative,2025-05-05,1234.2,1.38,1703.2,46.12,1557.33,99.75,14.01,1.3,0.08
2937,11886,Potato,Russet,Alvarez LLC,Wholesaler,Lower Saxony,Cooperative,2024-09-28,1518.9,1.18,1792.3,11.75,1724.69,55.86,17.42,1.13,0.05
2938,3599,Potato,Red,Vasquez and Sons,Exporter,Saxony,Cooperative,2025-01-11,1178.3,1.13,1331.48,25.65,1265.52,40.31,12.51,1.22,-0.09
2939,5823,Potato,Red,Gutierrez-Henry,Exporter,Saxony,Online,2024-03-03,1639.7,0.77,1262.57,47.72,1188.52,26.33,13.29,0.79,-0.02
2940,10869,Wheat,Emmer,"Barker, Dean and Baker",Exporter,Bavaria,Cooperative,2024-10-14,1630.7,1.5,2446.05,43.32,2324.16,78.57,15.19,1.48,0.02
2941,7393,Wheat,Durum,Martinez-Gibson,Wholesaler,Saxony,Online,2025-01-20,1303.4,1.02,1329.47,11.46,1234.22,83.79,9.97,0.94,0.08
2942,218,Potato,Red,Aguilar and Sons,Exporter,Saxony,Direct,2024-04-03,1246.9,0.88,1097.27,1.39,1059.96,35.92,10.95,0.83,0.05
2943,6899,Corn,Sweet,"Page, Fleming and Garcia",Exporter,Brandenburg,Cooperative,2025-04-29,274.8,0.43,118.16,23.86,57.48,36.82,14.43,0.48,-0.05
2944,8234,Soybean,Yellow,Fleming Group,Exporter,Brandenburg,Online,2025-05-05,508.9,0.38,193.38,43.31,58.98,91.09,12.22,0.42,-0.04
2945,14230,Potato,Russet,Branch-Livingston,Retailer,Saxony,Online,2024-09-11,1060.8,0.99,1050.19,39.32,981.46,29.41,19.15,1.05,-0.06
2946,2695,Barley,Hulless,Joseph and Sons,Exporter,Brandenburg,Direct,2024-06-16,1438.4,1.45,2085.68,14.61,2028.24,42.83,20.35,1.44,0.01
2947,4598,Soybean,Black,Jarvis-Sanford,Wholesaler,Hesse,Cooperative,2025-01-09,390.0,1.54,600.6,41.92,498.45,60.23,10.78,1.44,0.1
2948,7996,Soybean,Black,"Hoover, Freeman and Campbell",Wholesaler,Brandenburg,Cooperative,2024-06-01,1805.0,1.06,1913.3,26.45,1817.57,69.28,13.86,1.01,0.05
2949,4637,Soybean,Yellow,Ramirez-White,Exporter,Saxony,Direct,2025-04-29,1716.0,0.85,1458.6,4.22,1424.34,30.04,23.7,0.9,-0.05
2950,10244,Potato,Red,"Shelton, White and Hicks",Wholesaler,Saxony,Cooperative,2024-09-22,203.1,0.82,166.54,42.12,62.07,62.35,18.92,0.8,0.02
2951,12125,Corn,Sweet,Carter Ltd,Wholesaler,Saxony,Cooperative,2025-05-05,971.0,1.19,1155.49,48.24,1041.16,66.09,10.87,1.09,0.1
2952,3401,Corn,Dent,"Jackson, Pearson and Robbins",Retailer,Hesse,Cooperative,2024-09-07,620.4,0.32,198.53,10.75,164.83,22.95,14.6,0.3,0.02
2953,20,Corn,Sweet,"Jones, Hunt and Fowler",Exporter,Bavaria,Direct,2025-01-26,1601.2,0.57,912.68,4.06,831.58,77.04,13.86,0.56,0.01
2954,11021,Wheat,Emmer,Smith LLC,Exporter,Saxony,Online,2024-06-16,1755.5,1.23,2159.26,18.8,2087.55,52.91,6.72,1.28,-0.05
2955,10281,Potato,Russet,"Freeman, Wallace and Rojas",Wholesaler,Hesse,Cooperative,2025-02-19,828.9,1.13,936.66,22.44,871.56,42.66,17.63,1.06,0.07
2956,7170,Soybean,Black,Wilkinson-Flores,Exporter,Bavaria,Online,2025-03-29,1087.6,0.68,739.57,12.74,662.43,64.4,9.58,0.66,0.02
2957,3801,Soybean,Yellow,Gray Group,Wholesaler,Lower Saxony,Cooperative,2025-05-05,1171.0,1.02,1194.42,39.69,1062.64,92.09,20.36,1.1,-0.08
2958,1008,Wheat,Emmer,Cameron Ltd,Exporter,Hesse,Online,2025-03-26,657.5,0.9,591.75,16.13,489.48,86.14,16.43,0.96,-0.06
2959,14734,Wheat,Emmer,"Jensen, Hudson and Mullen",Exporter,Hesse,Direct,2024-08-24,285.5,1.01,288.36,1.5,268.2,18.66,7.97,1.04,-0.03
2960,14413,Potato,Red,"Williams, Garcia and Ferguson",Retailer,Lower Saxony,Direct,2025-03-26,840.6,1.09,916.25,11.94,817.68,86.63,12.08,1.0,0.09
2961,5572,Potato,Russet,Mcdonald-Schultz,Wholesaler,Lower Saxony,Online,2025-04-24,1257.1,0.58,729.12,16.87,626.09,86.16,18.25,0.59,-0.01
2962,13623,Corn,Dent,"Perez, Palmer and Mack",Exporter,Hesse,Online,2024-12-29,456.9,1.3,593.97,7.57,501.89,84.51,18.48,1.31,-0.01
2963,11489,Soybean,Black,Gonzalez Inc,Exporter,Saxony,Direct,2024-05-26,1088.6,0.99,1077.71,29.16,1018.19,30.36,20.22,0.92,0.07
2964,870,Wheat,Emmer,"Sanford, Nelson and West",Wholesaler,Lower Saxony,Direct,2025-05-05,913.6,0.28,255.81,32.33,168.41,55.07,16.59,0.3,-0.02
2965,12942,Soybean,Black,"Clark, Reese and Beard",Wholesaler,Saxony,Direct,2025-02-24,1089.2,1.29,1405.07,22.55,1284.64,97.88,13.07,1.28,0.01
2966,4097,Barley,Hulled,Henry-Gray,Wholesaler,Brandenburg,Online,2024-06-01,1669.7,0.48,801.46,13.68,710.08,77.7,8.47,0.52,-0.04
2967,3701,Soybean,Yellow,"Silva, Johnson and Wall",Wholesaler,Saxony,Online,2024-11-04,774.2,0.58,449.04,39.86,341.54,67.64,6.81,0.55,0.03
2968,9596,Soybean,Black,Rush-Ward,Retailer,Hesse,Direct,2025-04-12,1736.7,0.92,1597.76,30.09,1544.14,23.53,6.35,1.01,-0.09
2969,12085,Soybean,Black,"Long, Torres and Stewart",Retailer,Saxony,Cooperative,2025-02-12,1184.6,0.38,450.15,12.47,377.69,59.99,17.4,0.38,0.0
2970,5085,Corn,Dent,"Perez, Young and Stein",Exporter,Saxony,Direct,2025-05-05,381.3,0.6,228.78,28.47,115.83,84.48,7.34,0.61,-0.01
2971,12292,Wheat,Durum,Wade-Webb,Exporter,Bavaria,Direct,2025-05-05,1524.0,1.47,2240.28,1.37,2148.63,90.28,10.14,1.4,0.07
2972,8788,Soybean,Black,Steele Group,Wholesaler,Bavaria,Direct,2025-05-05,1838.3,0.39,716.94,19.14,599.02,98.78,17.18,0.37,0.02
2973,4964,Wheat,Emmer,"Hart, Brady and Pope",Retailer,Saxony,Direct,2023-12-25,464.1,1.01,468.74,10.62,402.83,55.29,12.06,1.09,-0.08
2974,6083,Soybean,Black,Young-Rodriguez,Exporter,Bavaria,Cooperative,2024-08-11,1323.7,1.33,1760.52,27.97,1690.19,42.36,22.34,1.35,-0.02
2975,1687,Potato,Russet,Walsh PLC,Wholesaler,Bavaria,Online,2025-04-18,973.8,1.03,1003.01,35.37,950.76,16.88,21.81,0.98,0.05
2976,857,Potato,Red,Mayer-Hansen,Exporter,Bavaria,Cooperative,2025-04-26,734.2,0.53,389.13,37.9,284.45,66.78,21.87,0.59,-0.06
2977,9255,Barley,Hulless,Davis Inc,Wholesaler,Bavaria,Direct,2024-08-29,791.2,0.7,553.84,40.03,458.27,55.54,16.21,0.73,-0.03
2978,12734,Potato,Red,Bentley Ltd,Retailer,Saxony,Cooperative,2025-02-20,939.3,0.77,723.26,37.7,598.94,86.62,17.27,0.83,-0.06
2979,745,Corn,Dent,"Juarez, Brown and Figueroa",Exporter,Bavaria,Cooperative,2025-03-05,724.1,1.04,753.06,45.24,624.61,83.21,9.81,1.14,-0.1
2980,10962,Soybean,Black,Black-Walker,Wholesaler,Brandenburg,Online,2025-05-05,949.2,1.38,1309.9,18.15,1201.6,90.15,7.82,1.29,0.09
2981,4600,Barley,Hulled,"Butler, Soto and Ross",Exporter,Lower Saxony,Direct,2024-12-09,418.0,0.9,376.2,19.96,310.1,46.14,21.78,0.93,-0.03
2982,9832,Potato,Russet,Lucero-Hernandez,Retailer,Saxony,Online,2025-01-25,1760.6,1.33,2341.6,4.9,2256.34,80.36,18.01,1.34,-0.01
2983,5675,Barley,Hulled,Esparza Inc,Exporter,Hesse,Direct,2025-05-02,500.7,0.54,270.38,28.12,199.53,42.73,21.11,0.58,-0.04
2984,349,Potato,Red,"Cunningham, Webster and Wilson",Retailer,Brandenburg,Direct,2025-05-04,682.2,0.68,463.9,48.35,385.7,29.85,9.44,0.74,-0.06
2985,2121,Soybean,Black,"Bell, Stout and Martinez",Exporter,Bavaria,Direct,2025-03-21,1461.2,0.36,526.03,26.81,461.25,37.97,22.63,0.36,0.0
2986,7224,Wheat,Durum,Bishop-Brown,Wholesaler,Brandenburg,Cooperative,2024-11-13,382.8,0.5,191.4,25.32,151.68,14.4,17.74,0.52,-0.02
2987,2936,Corn,Dent,Fitzgerald-Taylor,Retailer,Brandenburg,Direct,2025-04-05,1736.8,0.98,1702.06,12.77,1658.56,30.73,15.92,0.96,0.02
2988,11228,Potato,Red,Harris Ltd,Exporter,Hesse,Cooperative,2025-04-17,1769.5,0.95,1681.02,25.01,1596.1,59.91,19.72,0.95,0.0
2989,10165,Soybean,Yellow,Simon-Monroe,Retailer,Lower Saxony,Direct,2024-12-31,1079.7,0.51,550.65,47.89,426.78,75.98,24.97,0.49,0.02
2990,10576,Wheat,Emmer,Robertson-Whitney,Retailer,Bavaria,Cooperative,2025-05-05,1655.7,1.18,1953.73,37.61,1868.16,47.96,22.55,1.19,-0.01
2991,10467,Wheat,Durum,Marshall-Dunn,Retailer,Bavaria,Cooperative,2025-03-13,481.8,1.4,674.52,41.02,594.07,39.43,18.74,1.45,-0.05
2992,6375,Corn,Dent,Harris Inc,Retailer,Bavaria,Direct,2025-03-22,1086.2,1.35,1466.37,15.74,1416.28,34.35,23.11,1.24,0.11
2993,5378,Soybean,Black,"Koch, Hooper and Mcbride",Wholesaler,Lower Saxony,Direct,2025-01-28,1537.0,1.17,1798.29,48.54,1661.95,87.8,12.71,1.14,0.03
2994,2786,Corn,Dent,Patrick-Avery,Retailer,Saxony,Direct,2024-05-19,1025.0,0.72,738.0,24.9,700.0,13.1,15.02,0.7,0.02
2995,4562,Corn,Sweet,Fisher PLC,Exporter,Hesse,Direct,2025-04-30,795.5,1.41,1121.66,32.31,1037.19,52.16,6.33,1.29,0.12
2996,3329,Potato,Red,Castillo PLC,Exporter,Brandenburg,Cooperative,2025-05-05,628.6,0.43,270.3,11.42,183.09,75.79,12.76,0.45,-0.02
2997,14650,Soybean,Yellow,Russo and Sons,Exporter,Hesse,Online,2025-05-05,350.9,1.47,515.82,26.23,431.26,58.33,18.95,1.34,0.13
2998,10741,Soybean,Yellow,"Villarreal, Young and Mccormick",Exporter,Saxony,Direct,2024-10-02,1141.0,1.33,1517.53,21.55,1450.55,45.43,22.19,1.46,-0.13
2999,12373,Wheat,Durum,"Turner, Hughes and Martinez",Retailer,Bavaria,Direct,2025-05-05,420.1,0.71,298.27,33.48,182.95,81.84,20.43,0.72,-0.01
3000,8649,Soybean,Black,Allen-Nunez,Wholesaler,Hesse,Online,2024-10-14,1345.1,1.53,2058.0,27.45,1964.94,65.61,19.42,1.4,0.13
3001,7242,Wheat,Emmer,Young and Sons,Retailer,Lower Saxony,Cooperative,2025-01-31,421.6,1.43,602.89,20.71,567.5,14.68,9.42,1.32,0.11
3002,1465,Soybean,Yellow,Christensen-Martinez,Wholesaler,Lower Saxony,Online,2025-03-15,315.4,0.72,227.09,44.25,151.78,31.06,5.68,0.71,0.01
3003,11391,Soybean,Yellow,"White, Cooper and Johnson",Wholesaler,Bavaria,Cooperative,2024-01-02,1300.5,1.42,1846.71,9.6,1763.94,73.17,21.56,1.42,0.0
3004,11548,Barley,Hulled,"Phillips, Brown and Johnson",Retailer,Bavaria,Online,2025-03-27,1788.8,0.57,1019.62,22.7,953.31,43.61,23.39,0.63,-0.06
3005,3567,Potato,Red,Smith-Wells,Exporter,Hesse,Cooperative,2025-02-10,1949.3,0.74,1442.48,48.45,1325.28,68.75,9.07,0.72,0.02
3006,10744,Corn,Dent,Hardy Ltd,Wholesaler,Hesse,Direct,2024-05-09,1687.9,0.48,810.19,29.19,693.19,87.81,5.61,0.47,0.01
3007,12271,Wheat,Emmer,Shah Inc,Wholesaler,Brandenburg,Online,2025-05-05,395.5,0.93,367.82,26.33,272.86,68.63,24.2,1.03,-0.1
3008,14407,Potato,Russet,Mcmahon LLC,Wholesaler,Brandenburg,Direct,2025-04-03,1357.4,1.37,1859.64,28.69,1799.68,31.27,10.29,1.27,0.1
3009,11236,Potato,Red,"Mills, Johnson and Tyler",Retailer,Lower Saxony,Online,2024-12-27,1846.4,0.78,1440.19,12.64,1403.06,24.49,20.32,0.8,-0.02
3010,12775,Barley,Hulless,"Smith, Hill and Garcia",Wholesaler,Lower Saxony,Direct,2025-05-05,832.1,0.87,723.93,18.91,675.44,29.58,17.1,0.86,0.01
3011,948,Barley,Hulled,Simpson-Mack,Wholesaler,Saxony,Cooperative,2024-09-29,1540.3,0.85,1309.25,0.01,1286.9,22.34,15.55,0.84,0.01
3012,14317,Potato,Red,Hardy-Johnson,Retailer,Saxony,Direct,2024-12-25,1659.4,0.53,879.48,44.9,784.8,49.78,20.34,0.54,-0.01
3013,4534,Corn,Dent,Morales-Holloway,Retailer,Bavaria,Online,2025-04-30,465.4,1.56,726.02,39.2,655.5,31.32,13.63,1.46,0.1
3014,4391,Potato,Red,"Wright, Stevens and Mitchell",Retailer,Lower Saxony,Cooperative,2025-01-19,1838.7,1.29,2371.92,34.19,2292.27,45.46,17.51,1.31,-0.02
3015,1448,Wheat,Durum,Fox Ltd,Wholesaler,Brandenburg,Cooperative,2025-03-31,1567.4,0.77,1206.9,4.21,1116.96,85.73,19.06,0.76,0.01
3016,13319,Corn,Sweet,Arellano-Reyes,Exporter,Saxony,Direct,2025-04-23,1203.8,0.69,830.62,41.5,767.97,21.15,15.6,0.72,-0.03
3017,5930,Wheat,Durum,"Nelson, Kim and Black",Exporter,Lower Saxony,Online,2024-07-30,398.6,0.7,279.02,46.64,158.61,73.77,16.4,0.74,-0.04
3018,4894,Potato,Russet,"Schmidt, Chang and Drake",Exporter,Lower Saxony,Cooperative,2024-11-25,1280.4,0.51,653.0,30.78,581.1,41.12,9.55,0.57,-0.06
3019,1137,Wheat,Durum,Larson PLC,Wholesaler,Bavaria,Cooperative,2025-01-28,1562.4,1.39,2171.74,26.88,2121.79,23.07,17.31,1.33,0.06
3020,8519,Potato,Red,Lee Ltd,Exporter,Brandenburg,Cooperative,2025-01-28,742.6,1.22,905.97,24.73,827.87,53.37,21.73,1.17,0.05
3021,4114,Barley,Hulless,"Campbell, Williams and Clark",Wholesaler,Bavaria,Direct,2025-01-27,1460.2,0.81,1182.76,41.18,1067.01,74.57,15.35,0.89,-0.08
3022,9242,Soybean,Yellow,"Bolton, Green and Fuller",Exporter,Saxony,Direct,2025-02-09,826.1,1.08,892.19,37.82,824.62,29.75,17.36,1.03,0.05
3023,14768,Wheat,Durum,Duncan PLC,Exporter,Hesse,Online,2025-02-05,447.9,0.41,183.64,19.07,67.68,96.89,22.84,0.42,-0.01
3024,5651,Wheat,Emmer,Santiago Inc,Retailer,Saxony,Cooperative,2025-05-05,1481.5,1.24,1837.06,7.19,1737.48,92.39,7.53,1.28,-0.04
3025,12385,Soybean,Black,Drake Group,Retailer,Bavaria,Direct,2025-05-05,952.5,0.34,323.85,37.2,209.76,76.89,14.98,0.35,-0.01
3026,10211,Barley,Hulless,Small-Pollard,Exporter,Lower Saxony,Online,2024-11-22,990.0,1.19,1178.1,1.48,1117.28,59.34,12.51,1.28,-0.09
3027,3992,Corn,Sweet,Keller-Martinez,Exporter,Lower Saxony,Online,2025-03-11,650.7,0.78,507.55,30.56,443.4,33.59,5.3,0.84,-0.06
3028,6001,Soybean,Black,"Hubbard, Castaneda and Buchanan",Retailer,Lower Saxony,Direct,2025-01-28,753.0,0.43,323.79,40.14,192.51,91.14,21.86,0.43,0.0
3029,11374,Wheat,Durum,"Brown, Lewis and Reynolds",Wholesaler,Brandenburg,Direct,2025-05-05,928.5,0.73,677.8,30.01,626.21,21.58,7.27,0.81,-0.08
3030,7699,Soybean,Black,"Morris, Murphy and Rivera",Wholesaler,Lower Saxony,Online,2025-05-02,859.5,1.27,1091.56,35.95,995.55,60.06,23.42,1.26,0.01
3031,9968,Barley,Hulled,Davis Group,Wholesaler,Brandenburg,Direct,2025-05-05,1497.1,1.19,1781.55,6.63,1701.91,73.01,20.7,1.31,-0.12
3032,42,Barley,Hulless,Simmons and Sons,Retailer,Hesse,Cooperative,2024-12-30,1758.3,0.78,1371.47,24.38,1273.07,74.02,18.14,0.79,-0.01
3033,3599,Potato,Red,"Richards, Hernandez and Dorsey",Retailer,Brandenburg,Online,2025-03-03,1450.1,1.34,1943.13,11.51,1898.77,32.85,11.09,1.22,0.12
3034,1708,Potato,Red,"Brady, Gillespie and Vaughan",Exporter,Saxony,Online,2025-01-27,1625.1,1.14,1852.61,39.36,1737.72,75.53,13.52,1.24,-0.1
3035,11345,Potato,Russet,Casey LLC,Wholesaler,Saxony,Online,2025-03-14,1387.0,0.62,859.94,1.33,824.6,34.01,17.41,0.65,-0.03
3036,6896,Soybean,Black,Smith and Sons,Wholesaler,Saxony,Online,2024-12-26,1708.4,0.9,1537.56,42.97,1395.65,98.94,23.23,0.96,-0.06
3037,10925,Wheat,Emmer,Anderson and Sons,Wholesaler,Bavaria,Online,2025-03-12,1935.1,0.86,1664.19,47.97,1594.23,21.99,13.1,0.8,0.06
3038,12746,Corn,Sweet,"Smith, White and Moore",Wholesaler,Brandenburg,Direct,2025-02-14,1032.7,0.62,640.27,43.45,570.66,26.16,10.44,0.62,0.0
3039,8865,Potato,Red,"Gibson, Boyd and Lee",Retailer,Saxony,Direct,2024-10-19,203.2,0.32,65.02,21.47,28.81,14.74,17.36,0.34,-0.02
3040,3944,Wheat,Durum,"Parsons, Miller and Richard",Exporter,Bavaria,Online,2024-01-29,1253.3,0.72,902.38,41.92,781.19,79.27,20.56,0.79,-0.07
3041,8658,Wheat,Emmer,Sweeney PLC,Exporter,Lower Saxony,Cooperative,2025-02-13,732.3,0.91,666.39,11.27,616.91,38.21,9.18,0.93,-0.02
3042,764,Corn,Dent,"Turner, Johnson and Lopez",Wholesaler,Brandenburg,Cooperative,2025-01-29,776.5,0.72,559.08,46.22,432.13,80.73,16.61,0.75,-0.03
3043,7917,Potato,Red,Bennett-Shaw,Exporter,Brandenburg,Cooperative,2025-05-04,1372.7,0.93,1276.61,17.23,1197.22,62.16,22.76,0.9,0.03
3044,1288,Wheat,Emmer,"Palmer, Bryant and Booker",Wholesaler,Hesse,Direct,2025-01-18,1688.6,0.83,1401.54,23.09,1280.35,98.1,21.28,0.78,0.05
3045,2432,Corn,Sweet,Rodriguez PLC,Retailer,Hesse,Online,2025-02-17,1038.2,1.25,1297.75,12.24,1274.63,10.88,13.64,1.3,-0.05
3046,10665,Wheat,Durum,"Sims, Hammond and King",Retailer,Lower Saxony,Cooperative,2025-02-09,1945.4,1.52,2957.01,8.56,2935.67,12.78,22.63,1.44,0.08
3047,10862,Soybean,Black,Henderson Group,Exporter,Lower Saxony,Direct,2025-04-26,344.2,0.51,175.54,7.0,79.04,89.5,18.48,0.51,0.0
3048,5976,Soybean,Black,Parker-Gomez,Retailer,Saxony,Online,2025-04-09,647.1,1.27,821.82,10.89,730.46,80.47,24.42,1.39,-0.12
3049,7366,Corn,Sweet,Johnson-Johnson,Exporter,Bavaria,Online,2024-10-17,1627.3,1.23,2001.58,2.42,1918.57,80.59,9.76,1.29,-0.06
3050,3107,Corn,Dent,Graham-Brown,Retailer,Brandenburg,Direct,2025-05-05,299.1,0.89,266.2,45.25,203.28,17.67,11.01,0.97,-0.08
3051,2747,Wheat,Durum,"Olsen, Delacruz and Adams",Retailer,Bavaria,Direct,2025-02-04,238.2,0.53,126.25,18.83,42.24,65.18,21.22,0.5,0.03
3052,2011,Barley,Hulless,"Brown, Mays and Wright",Exporter,Hesse,Cooperative,2025-02-05,542.5,1.08,585.9,31.8,482.17,71.93,14.19,1.05,0.03
3053,6078,Wheat,Durum,"Andrade, Marsh and Warren",Exporter,Hesse,Online,2024-04-17,331.3,0.34,112.64,25.12,44.8,42.72,23.69,0.34,0.0
3054,11536,Barley,Hulled,Johnson-Young,Exporter,Lower Saxony,Online,2024-12-16,289.6,1.14,330.14,1.72,245.2,83.22,8.31,1.13,0.01
3055,7967,Corn,Dent,"Walton, Lloyd and Carr",Exporter,Brandenburg,Direct,2023-11-23,1098.5,0.83,911.76,41.04,779.07,91.65,13.04,0.82,0.01
3056,14336,Soybean,Yellow,Wood-Page,Retailer,Bavaria,Cooperative,2024-04-18,1639.5,1.57,2574.02,40.01,2477.28,56.73,12.37,1.46,0.11
3057,1384,Corn,Sweet,"Avila, Hutchinson and Henry",Wholesaler,Brandenburg,Direct,2025-03-29,1389.6,0.69,958.82,45.53,818.72,94.57,15.42,0.71,-0.02
3058,6264,Corn,Dent,Gonzales-Monroe,Wholesaler,Saxony,Direct,2025-03-29,1813.0,0.82,1486.66,4.6,1450.83,31.23,8.43,0.82,0.0
3059,12042,Barley,Hulless,"Johnson, Ruiz and Martin",Wholesaler,Lower Saxony,Online,2025-02-19,665.1,1.35,897.89,11.4,835.04,51.45,17.13,1.44,-0.09
3060,14108,Barley,Hulled,"Hill, Blackburn and Beck",Retailer,Bavaria,Online,2025-04-28,1504.9,1.03,1550.05,8.03,1496.12,45.9,20.42,0.96,0.07
3061,11705,Soybean,Black,Davis-Morgan,Retailer,Hesse,Direct,2025-05-05,383.2,1.42,544.14,44.23,486.74,13.17,16.03,1.31,0.11
3062,5857,Barley,Hulled,"Thompson, Gibson and Myers",Retailer,Brandenburg,Cooperative,2025-04-12,1190.5,1.3,1547.65,2.4,1501.74,43.51,14.41,1.41,-0.11
3063,2199,Wheat,Emmer,Velasquez-Melton,Exporter,Saxony,Online,2025-05-05,829.5,0.87,721.66,25.21,674.37,22.08,9.23,0.84,0.03
3064,7300,Potato,Russet,"Randolph, Pena and Crosby",Retailer,Hesse,Direct,2025-01-06,498.8,1.45,723.26,11.2,655.39,56.67,17.75,1.45,0.0
3065,4416,Wheat,Durum,Wyatt-Watson,Exporter,Brandenburg,Cooperative,2025-05-05,698.2,0.81,565.54,5.57,478.92,81.05,11.1,0.82,-0.01
3066,11608,Barley,Hulled,Myers Inc,Wholesaler,Brandenburg,Direct,2025-03-08,1534.9,1.47,2256.3,2.79,2238.05,15.46,16.01,1.4,0.07
3067,3332,Potato,Russet,"Owen, Willis and Garcia",Retailer,Hesse,Online,2025-04-30,1324.3,0.66,874.04,26.23,820.6,27.21,9.59,0.68,-0.02
3068,13789,Wheat,Durum,Smith Ltd,Retailer,Hesse,Cooperative,2025-05-05,651.1,0.39,253.93,10.72,198.42,44.79,15.74,0.37,0.02
3069,14245,Wheat,Durum,"Berry, George and Knight",Wholesaler,Saxony,Online,2025-05-05,878.2,0.54,474.23,38.52,370.91,64.8,8.27,0.5,0.04
3070,14510,Soybean,Yellow,"Bishop, Arias and Fisher",Wholesaler,Hesse,Direct,2025-04-16,604.9,1.03,623.05,30.72,565.4,26.93,5.1,1.07,-0.04
3071,13166,Soybean,Yellow,"Kline, Cruz and Crawford",Exporter,Hesse,Cooperative,2025-05-05,1984.7,0.41,813.73,32.1,698.0,83.63,23.44,0.39,0.02
3072,13290,Corn,Sweet,"Miller, Williams and Price",Wholesaler,Bavaria,Direct,2025-04-02,1040.6,0.66,686.8,42.53,580.76,63.51,11.06,0.71,-0.05
3073,8144,Corn,Dent,"Parrish, Rose and Diaz",Exporter,Brandenburg,Direct,2025-02-06,1494.2,0.68,1016.06,39.4,918.96,57.7,12.88,0.67,0.01
3074,14841,Soybean,Black,"Richard, Duncan and Grimes",Wholesaler,Lower Saxony,Cooperative,2025-05-05,1585.4,0.37,586.6,20.18,553.85,12.57,12.42,0.41,-0.04
3075,11713,Barley,Hulless,Meyer Ltd,Wholesaler,Hesse,Direct,2024-10-02,545.1,0.74,403.37,6.48,305.9,90.99,9.64,0.8,-0.06
3076,9373,Corn,Dent,"Nelson, Mora and Clark",Wholesaler,Bavaria,Direct,2024-09-30,1788.1,0.69,1233.79,24.16,1185.0,24.63,15.53,0.68,0.01
3077,6303,Potato,Russet,Adams Ltd,Retailer,Hesse,Direct,2024-01-13,398.7,0.49,195.36,1.99,106.23,87.14,7.34,0.46,0.03
3078,10466,Potato,Red,Osborne-Hammond,Retailer,Brandenburg,Cooperative,2024-03-08,1835.6,0.77,1413.41,24.53,1294.29,94.59,20.87,0.77,0.0
3079,11972,Soybean,Yellow,Mata and Sons,Retailer,Lower Saxony,Online,2024-10-22,748.3,0.9,673.47,19.29,604.66,49.52,23.96,0.88,0.02
3080,11026,Wheat,Durum,"Edwards, Hernandez and Wall",Exporter,Bavaria,Cooperative,2024-03-20,455.5,0.58,264.19,7.67,178.62,77.9,10.49,0.59,-0.01
3081,1016,Barley,Hulled,Moreno Group,Retailer,Saxony,Cooperative,2025-04-18,1573.7,0.34,535.06,20.56,440.95,73.55,10.93,0.32,0.02
3082,12748,Potato,Russet,Sandoval-Andrews,Retailer,Brandenburg,Online,2024-11-07,1286.9,0.56,720.66,29.55,621.55,69.56,16.34,0.62,-0.06
3083,3747,Wheat,Durum,Robles-Adams,Wholesaler,Brandenburg,Online,2025-05-05,1943.2,1.48,2875.94,12.31,2814.55,49.08,6.28,1.47,0.01
3084,13533,Barley,Hulless,Miller-Benson,Exporter,Brandenburg,Cooperative,2025-03-10,255.0,1.09,277.95,39.23,211.14,27.58,22.44,1.06,0.03
3085,4539,Potato,Red,"Watts, Perkins and Patel",Exporter,Brandenburg,Online,2024-04-09,1135.7,0.42,476.99,35.73,418.68,22.58,14.32,0.45,-0.03
3086,7947,Barley,Hulled,"Jensen, Jordan and Walton",Wholesaler,Bavaria,Online,2024-04-18,831.1,1.09,905.9,33.91,825.89,46.1,12.5,1.14,-0.05
3087,14434,Potato,Red,Brewer Ltd,Retailer,Saxony,Online,2024-09-15,871.1,1.03,897.23,41.04,797.17,59.02,12.56,1.06,-0.03
3088,544,Wheat,Emmer,Bishop Group,Exporter,Lower Saxony,Online,2024-08-10,231.1,0.64,147.9,21.55,53.22,73.13,23.2,0.6,0.04
3089,13131,Wheat,Durum,Carter-Neal,Exporter,Saxony,Cooperative,2025-04-27,1928.7,0.68,1311.52,39.16,1244.77,27.59,24.28,0.75,-0.07
3090,50,Barley,Hulled,Bass-Hinton,Wholesaler,Hesse,Direct,2024-10-03,1311.2,1.2,1573.44,28.26,1497.51,47.67,5.31,1.22,-0.02
3091,1776,Potato,Russet,"Myers, Day and Jarvis",Exporter,Hesse,Online,2025-04-28,529.4,0.31,164.11,10.34,93.56,60.21,22.34,0.33,-0.02
3092,8697,Potato,Russet,"Glenn, Roberson and Young",Retailer,Saxony,Online,2025-03-28,1200.7,1.41,1692.99,21.64,1643.32,28.03,20.25,1.5,-0.09
3093,2914,Barley,Hulless,Rodriguez Group,Retailer,Lower Saxony,Cooperative,2025-03-10,878.8,0.84,738.19,39.7,636.29,62.2,14.85,0.83,0.01
3094,13378,Potato,Red,Curry Inc,Wholesaler,Saxony,Online,2025-02-03,1073.0,1.26,1351.98,12.9,1299.02,40.06,6.72,1.2,0.06
3095,3323,Barley,Hulless,"Esparza, Valenzuela and Hunt",Retailer,Saxony,Direct,2025-05-05,662.9,1.36,901.54,5.25,859.38,36.91,24.26,1.39,-0.03
3096,1027,Corn,Sweet,"Johnson, Davidson and Jones",Exporter,Brandenburg,Cooperative,2024-10-18,915.7,1.11,1016.43,19.5,953.83,43.1,13.95,1.03,0.08
3097,5028,Potato,Russet,Barber Ltd,Retailer,Lower Saxony,Direct,2025-01-23,488.7,1.2,586.44,33.05,531.71,21.68,18.72,1.2,0.0
3098,3101,Potato,Red,"Ballard, Figueroa and Schmidt",Retailer,Bavaria,Cooperative,2024-01-28,454.6,1.3,590.98,12.13,529.9,48.95,13.44,1.23,0.07
3099,12965,Soybean,Yellow,Curry Group,Wholesaler,Hesse,Online,2025-03-30,1784.6,0.94,1677.52,14.19,1635.41,27.92,10.4,1.02,-0.08
3100,13,Potato,Russet,Walton PLC,Wholesaler,Saxony,Direct,2025-05-05,740.5,0.97,718.28,32.53,629.03,56.72,8.83,1.01,-0.04
3101,8559,Barley,Hulless,Hopkins-Carr,Wholesaler,Bavaria,Online,2025-03-06,1585.2,0.59,935.27,36.73,886.62,11.92,10.47,0.56,0.03
3102,1059,Soybean,Black,"Thomas, Townsend and Burnett",Wholesaler,Lower Saxony,Cooperative,2025-05-05,1884.5,0.62,1168.39,41.14,1038.22,89.03,9.89,0.67,-0.05
3103,13517,Barley,Hulled,Hall Inc,Exporter,Saxony,Online,2024-12-25,497.7,0.58,288.67,44.36,150.08,94.23,11.95,0.61,-0.03
3104,12815,Potato,Russet,Davis Group,Exporter,Hesse,Online,2025-05-05,581.3,1.0,581.3,38.96,461.2,81.14,23.26,1.08,-0.08
3105,14799,Barley,Hulled,Kline and Sons,Retailer,Bavaria,Online,2025-04-03,748.9,0.93,696.48,5.5,595.97,95.01,6.27,0.93,0.0
3106,4196,Corn,Dent,Rodriguez-Romero,Exporter,Hesse,Online,2024-07-24,512.2,0.97,496.83,1.26,420.97,74.6,22.89,1.06,-0.09
3107,8080,Barley,Hulled,Pena-Watts,Retailer,Brandenburg,Online,2025-05-05,859.7,0.49,421.25,9.42,357.52,54.31,14.1,0.52,-0.03
3108,3351,Wheat,Durum,"Ritter, Hall and Williams",Retailer,Brandenburg,Cooperative,2024-08-01,1219.6,0.95,1158.62,14.04,1101.74,42.84,23.51,0.87,0.08
3109,7478,Soybean,Yellow,Smith Group,Retailer,Hesse,Direct,2024-02-06,1094.8,1.16,1269.97,1.22,1209.62,59.13,9.13,1.23,-0.07
3110,1672,Potato,Red,"Mcdaniel, Rose and Romero",Retailer,Hesse,Online,2024-05-04,1003.9,1.4,1405.46,39.38,1268.53,97.55,8.73,1.28,0.12
3111,13890,Corn,Dent,"Marquez, Nelson and Smith",Retailer,Hesse,Direct,2025-03-16,960.1,0.58,556.86,33.05,437.53,86.28,5.57,0.62,-0.04
3112,6284,Wheat,Durum,Velasquez PLC,Exporter,Bavaria,Cooperative,2025-05-05,647.1,0.42,271.78,37.27,204.66,29.85,9.73,0.41,0.01
3113,9994,Wheat,Durum,Stephens-Rubio,Exporter,Brandenburg,Direct,2024-10-20,1227.4,0.72,883.73,30.86,825.68,27.19,20.41,0.7,0.02
3114,716,Wheat,Durum,Hodges-West,Retailer,Bavaria,Direct,2024-10-21,1048.8,1.31,1373.93,14.43,1328.91,30.59,21.74,1.2,0.11
3115,1910,Barley,Hulled,Parker-Rowland,Exporter,Bavaria,Cooperative,2025-03-03,1968.6,1.14,2244.2,11.13,2185.99,47.08,10.71,1.12,0.02
3116,1953,Potato,Red,"Gibson, Gonzalez and Morris",Wholesaler,Bavaria,Direct,2025-04-20,440.5,1.11,488.96,22.84,390.47,75.65,8.9,1.22,-0.11
3117,3175,Corn,Sweet,"Kennedy, Butler and Rivera",Retailer,Hesse,Direct,2025-04-30,1550.1,0.42,651.04,3.43,624.28,23.33,19.88,0.43,-0.01
3118,4676,Soybean,Yellow,Huber-Mcdaniel,Retailer,Lower Saxony,Direct,2025-02-01,243.0,0.91,221.13,19.77,159.95,41.41,15.99,0.96,-0.05
3119,9327,Corn,Dent,"Montes, Cook and Gordon",Wholesaler,Brandenburg,Cooperative,2023-09-19,1256.9,1.21,1520.85,25.64,1441.6,53.61,15.62,1.19,0.02
3120,14849,Corn,Sweet,Thompson PLC,Exporter,Hesse,Cooperative,2024-11-22,471.8,1.14,537.85,49.01,458.77,30.07,16.9,1.13,0.01
3121,873,Corn,Sweet,Barrett and Sons,Wholesaler,Saxony,Cooperative,2024-06-04,1136.3,0.44,499.97,41.41,420.71,37.85,15.67,0.44,0.0
3122,9847,Corn,Dent,Bennett and Sons,Retailer,Lower Saxony,Online,2025-02-17,208.5,0.34,70.89,40.16,-38.01,68.74,21.0,0.36,-0.02
3123,12673,Wheat,Durum,Cunningham-Castro,Retailer,Brandenburg,Direct,2025-03-01,865.3,1.35,1168.16,1.68,1074.33,92.15,21.08,1.39,-0.04
3124,4839,Wheat,Emmer,Hawkins Group,Wholesaler,Brandenburg,Direct,2024-04-25,784.7,0.91,714.08,21.41,618.28,74.39,12.93,0.95,-0.04
3125,11612,Potato,Russet,"Houston, Ross and Carlson",Exporter,Brandenburg,Direct,2025-04-22,1885.6,0.34,641.1,22.18,556.58,62.34,9.63,0.31,0.03
3126,1745,Soybean,Black,Rowe-Hill,Wholesaler,Hesse,Direct,2024-08-02,1064.9,1.49,1586.7,48.84,1456.04,81.82,12.94,1.41,0.08
3127,7595,Wheat,Durum,Mckenzie and Sons,Retailer,Hesse,Direct,2024-06-12,317.8,1.29,409.96,11.87,315.6,82.49,7.69,1.18,0.11
3128,9080,Corn,Sweet,Moore-Patel,Wholesaler,Hesse,Cooperative,2025-02-18,1550.4,0.39,604.66,43.13,509.52,52.01,12.7,0.36,0.03
3129,14620,Wheat,Emmer,Jackson PLC,Retailer,Brandenburg,Direct,2025-02-15,1751.0,0.46,805.46,13.9,772.17,19.39,23.86,0.42,0.04
3130,14380,Corn,Sweet,"Weiss, Johnson and Murphy",Exporter,Saxony,Cooperative,2025-05-05,665.4,1.08,718.63,40.67,614.59,63.37,19.68,1.08,0.0
3131,3788,Potato,Russet,"Glass, Adams and Stewart",Retailer,Saxony,Direct,2024-09-14,382.4,1.23,470.35,29.37,353.92,87.06,7.47,1.2,0.03
3132,325,Wheat,Durum,Gonzalez LLC,Retailer,Saxony,Online,2025-03-06,723.4,1.15,831.91,17.19,774.99,39.73,15.05,1.16,-0.01
3133,7922,Barley,Hulless,Howard-Butler,Wholesaler,Hesse,Cooperative,2024-11-26,1753.3,1.21,2121.49,36.97,1995.21,89.31,14.48,1.33,-0.12
3134,5426,Corn,Dent,Velez-Romero,Exporter,Hesse,Direct,2024-12-03,1555.8,0.61,949.04,16.29,900.76,31.99,12.73,0.62,-0.01
3135,7182,Wheat,Emmer,"Johnson, Reyes and Brandt",Wholesaler,Lower Saxony,Direct,2024-12-27,1397.2,0.63,880.24,43.35,801.46,35.43,23.1,0.61,0.02
3136,5657,Barley,Hulled,Johnston-Simpson,Retailer,Bavaria,Direct,2025-03-25,1350.8,0.4,540.32,21.44,423.88,95.0,7.03,0.38,0.02
3137,14061,Barley,Hulled,Conley-Burnett,Exporter,Saxony,Direct,2025-05-05,777.5,0.47,365.42,42.57,257.15,65.7,10.42,0.44,0.03
3138,4792,Barley,Hulled,Carter and Sons,Retailer,Saxony,Cooperative,2025-02-12,1968.4,1.21,2381.76,39.43,2315.95,26.38,9.61,1.15,0.06
3139,4268,Potato,Red,"Watkins, Dixon and Humphrey",Wholesaler,Saxony,Direct,2025-01-18,1778.2,1.53,2720.65,38.56,2659.37,22.72,8.48,1.41,0.12
3140,12121,Wheat,Emmer,"Blake, James and Stephens",Exporter,Bavaria,Cooperative,2025-05-05,602.4,1.04,626.5,40.81,498.52,87.17,13.49,1.12,-0.08
3141,11595,Soybean,Black,Jennings Inc,Retailer,Hesse,Online,2025-04-16,718.3,0.69,495.63,43.5,395.01,57.12,11.91,0.69,0.0
3142,14638,Barley,Hulled,"Blankenship, Ramos and Spencer",Retailer,Hesse,Direct,2024-09-09,1699.4,0.75,1274.55,1.21,1175.39,97.95,16.06,0.83,-0.08
3143,3343,Barley,Hulless,Figueroa Ltd,Exporter,Bavaria,Direct,2025-05-05,535.0,1.03,551.05,8.41,443.59,99.05,9.9,1.05,-0.02
3144,12507,Barley,Hulless,Mccarty Inc,Retailer,Lower Saxony,Online,2025-03-08,1477.2,0.67,989.72,21.98,877.44,90.3,22.01,0.73,-0.06
3145,7960,Barley,Hulless,Garcia-Johns,Wholesaler,Hesse,Cooperative,2025-05-05,1155.7,1.01,1167.26,26.35,1119.62,21.29,19.86,0.98,0.03
3146,7533,Potato,Russet,Rodriguez-Rodgers,Exporter,Hesse,Direct,2025-01-05,533.8,1.2,640.56,15.19,543.76,81.61,10.11,1.16,0.04
3147,11288,Wheat,Emmer,"Williams, Torres and Diaz",Wholesaler,Brandenburg,Direct,2025-04-21,1087.4,0.35,380.59,46.08,264.41,70.1,12.73,0.34,0.01
3148,14009,Corn,Sweet,Woodward Inc,Exporter,Bavaria,Online,2024-09-14,1581.8,0.62,980.72,15.95,886.34,78.43,22.01,0.69,-0.07
3149,9006,Potato,Russet,"Swanson, Butler and Mclean",Wholesaler,Bavaria,Cooperative,2025-02-11,279.0,0.85,237.15,45.12,141.26,50.77,16.8,0.81,0.04
3150,7494,Wheat,Durum,"Walsh, Watts and Colon",Exporter,Lower Saxony,Direct,2025-05-05,1931.4,1.44,2781.22,22.46,2695.17,63.59,17.59,1.39,0.05
3151,12377,Barley,Hulled,Miranda-Barber,Retailer,Saxony,Direct,2024-08-17,332.2,0.91,302.3,27.26,261.82,13.22,21.39,0.91,0.0
3152,14434,Potato,Red,Stevens Inc,Retailer,Bavaria,Online,2025-01-02,1726.3,0.95,1639.98,21.53,1581.65,36.8,10.27,1.06,-0.11
3153,1027,Corn,Sweet,"Ferguson, Carney and Frederick",Wholesaler,Brandenburg,Online,2024-12-31,1453.2,1.02,1482.26,22.69,1437.86,21.71,9.44,1.03,-0.01
3154,14111,Soybean,Yellow,Wilson Group,Wholesaler,Hesse,Cooperative,2025-03-30,1852.7,0.72,1333.94,35.3,1284.78,13.86,12.49,0.74,-0.02
3155,13431,Soybean,Yellow,Harris-Jones,Exporter,Lower Saxony,Online,2025-05-02,1084.2,1.18,1279.36,13.25,1239.06,27.05,18.99,1.18,0.0
3156,3114,Soybean,Yellow,Taylor Group,Wholesaler,Bavaria,Cooperative,2025-05-05,1725.1,1.49,2570.4,41.27,2465.5,63.63,9.94,1.45,0.04
3157,4489,Potato,Red,"Price, Rosales and Conner",Exporter,Hesse,Cooperative,2024-03-30,1693.8,0.34,575.89,8.34,546.3,21.25,10.61,0.32,0.02
3158,11196,Soybean,Yellow,Spencer and Sons,Wholesaler,Bavaria,Cooperative,2024-12-25,550.7,1.39,765.47,12.69,718.67,34.11,11.01,1.38,0.01
3159,6339,Potato,Russet,"Riley, Wood and Hernandez",Exporter,Hesse,Direct,2025-05-04,873.1,1.06,925.49,9.03,866.31,50.15,11.4,1.13,-0.07
3160,14993,Soybean,Yellow,Ford Group,Wholesaler,Bavaria,Direct,2025-04-20,951.1,0.33,313.86,19.82,259.32,34.72,11.06,0.34,-0.01
3161,11990,Soybean,Yellow,Lawson Inc,Retailer,Bavaria,Direct,2024-11-20,1919.5,0.94,1804.33,34.31,1677.61,92.41,18.89,1.03,-0.09
3162,14824,Potato,Red,Wilson LLC,Wholesaler,Hesse,Online,2024-08-03,1483.3,0.52,771.32,34.47,723.21,13.64,16.95,0.51,0.01
3163,5305,Wheat,Durum,Walls-Farrell,Retailer,Brandenburg,Online,2024-10-17,1120.8,0.61,683.69,44.74,544.64,94.31,13.55,0.66,-0.05
3164,13031,Soybean,Black,"White, Cooper and Miller",Retailer,Hesse,Direct,2024-09-10,234.6,1.38,323.75,22.57,239.12,62.06,5.04,1.35,0.03
3165,8536,Corn,Dent,"Daniels, Lucas and Nolan",Retailer,Brandenburg,Cooperative,2025-04-24,706.4,0.8,565.12,17.61,457.26,90.25,24.54,0.78,0.02
3166,3938,Corn,Sweet,Simmons-Baker,Retailer,Saxony,Online,2025-04-18,1196.5,0.57,682.0,39.47,582.33,60.2,11.76,0.56,0.01
3167,11331,Wheat,Emmer,"Morris, Smith and Hall",Exporter,Bavaria,Online,2025-05-05,1233.4,0.41,505.69,5.41,425.98,74.3,7.38,0.42,-0.01
3168,4518,Barley,Hulless,"Williams, Howe and Martinez",Exporter,Bavaria,Online,2024-11-06,1753.7,0.86,1508.18,12.2,1460.06,35.92,11.62,0.82,0.04
3169,12108,Soybean,Black,Ford-Hill,Wholesaler,Hesse,Online,2025-01-26,421.4,1.37,577.32,35.33,510.66,31.33,6.92,1.44,-0.07
3170,1233,Soybean,Black,"Daniel, Mitchell and Johnson",Exporter,Brandenburg,Direct,2025-03-08,473.7,0.64,303.17,37.09,253.19,12.89,7.0,0.62,0.02
3171,3028,Corn,Dent,Gordon-Dawson,Retailer,Bavaria,Online,2025-05-05,767.8,1.07,821.55,38.51,747.61,35.43,10.7,1.16,-0.09
3172,5386,Barley,Hulled,Flowers-Perez,Wholesaler,Bavaria,Cooperative,2024-02-14,1586.8,1.38,2189.78,4.99,2158.38,26.41,6.86,1.4,-0.02
3173,1524,Wheat,Durum,Anthony-Gibson,Wholesaler,Hesse,Cooperative,2024-07-08,1936.8,0.39,755.35,24.81,655.38,75.16,9.8,0.41,-0.02
3174,1378,Soybean,Yellow,Robertson and Sons,Retailer,Lower Saxony,Cooperative,2025-05-04,657.0,1.35,886.95,35.75,786.87,64.33,19.66,1.43,-0.08
3175,10786,Barley,Hulled,Smith Group,Exporter,Saxony,Direct,2023-12-17,450.7,0.43,193.8,36.63,96.59,60.58,5.44,0.42,0.01
3176,7961,Barley,Hulled,Watson Group,Retailer,Hesse,Online,2025-05-05,449.9,0.89,400.41,43.54,299.73,57.14,17.23,0.92,-0.03
3177,12835,Barley,Hulled,"Smith, Gonzalez and Hutchinson",Retailer,Brandenburg,Cooperative,2025-04-12,1048.2,0.41,429.76,12.65,324.8,92.31,16.93,0.42,-0.01
3178,5071,Potato,Russet,"Lopez, Martin and Wilson",Exporter,Brandenburg,Direct,2025-05-05,1133.6,0.97,1099.59,24.41,1024.32,50.86,5.38,1.05,-0.08
3179,6005,Wheat,Emmer,Zavala-Jacobs,Wholesaler,Lower Saxony,Direct,2024-11-03,1108.9,0.66,731.87,14.72,619.89,97.26,13.96,0.67,-0.01
3180,8018,Barley,Hulless,Everett and Sons,Exporter,Lower Saxony,Direct,2024-12-14,1036.9,0.63,653.25,0.76,554.5,97.99,24.96,0.59,0.04
3181,4358,Barley,Hulled,Carter-Pennington,Wholesaler,Brandenburg,Online,2024-05-11,476.1,1.31,623.69,35.26,549.64,38.79,13.26,1.41,-0.1
3182,13276,Soybean,Black,"Jones, Lewis and Johnson",Retailer,Bavaria,Direct,2025-02-21,1788.2,1.02,1823.96,46.96,1700.44,76.56,22.58,0.95,0.07
3183,12957,Corn,Dent,Dunlap-Marshall,Retailer,Brandenburg,Online,2025-02-05,510.4,1.39,709.46,10.75,685.02,13.69,24.47,1.34,0.05
3184,3383,Potato,Russet,Potter-Harris,Exporter,Saxony,Direct,2025-05-05,1955.3,1.08,2111.72,3.07,2068.85,39.8,5.35,1.14,-0.06
3185,7575,Wheat,Emmer,Taylor-Wang,Retailer,Lower Saxony,Direct,2025-03-11,503.7,1.5,755.55,7.54,655.46,92.55,16.31,1.4,0.1
3186,13970,Soybean,Yellow,Ortiz-Mack,Wholesaler,Lower Saxony,Direct,2025-05-05,1385.3,1.39,1925.57,9.89,1824.74,90.94,23.25,1.38,0.01
3187,12343,Soybean,Black,"Meza, Fox and Leach",Exporter,Saxony,Direct,2024-12-21,249.2,0.7,174.44,1.6,108.22,64.62,5.75,0.77,-0.07
3188,3970,Wheat,Durum,Bradshaw and Sons,Wholesaler,Saxony,Cooperative,2025-05-05,514.9,0.35,180.21,13.93,77.87,88.41,11.8,0.32,0.03
3189,6225,Barley,Hulled,"Davis, Williams and Ortiz",Retailer,Lower Saxony,Online,2024-10-12,208.1,0.33,68.67,46.11,-62.41,84.97,21.49,0.31,0.02
3190,12618,Wheat,Durum,"Johnson, Graham and Frazier",Exporter,Brandenburg,Direct,2025-05-05,942.4,0.45,424.08,1.97,382.6,39.51,19.52,0.46,-0.01
3191,5442,Corn,Sweet,"Brown, Anderson and Brown",Retailer,Lower Saxony,Cooperative,2024-09-27,1792.9,0.55,986.1,7.04,938.94,40.12,22.86,0.61,-0.06
3192,1698,Corn,Sweet,Palmer-Rodriguez,Wholesaler,Brandenburg,Direct,2025-03-17,1888.6,1.24,2341.86,35.47,2264.49,41.9,20.67,1.36,-0.12
3193,3228,Potato,Red,"Vega, Petersen and Ayers",Retailer,Hesse,Online,2025-05-05,1138.0,0.37,421.06,0.85,383.15,37.06,17.19,0.4,-0.03
3194,6606,Soybean,Black,"Carlson, Harrison and Scott",Exporter,Brandenburg,Direct,2025-01-09,718.7,1.24,891.19,49.55,806.42,35.22,6.72,1.16,0.08
3195,8130,Wheat,Emmer,Fernandez LLC,Wholesaler,Bavaria,Direct,2025-04-03,343.0,1.49,511.07,40.13,431.14,39.8,20.03,1.45,0.04
3196,1225,Corn,Dent,"Bryant, Campbell and Hicks",Wholesaler,Bavaria,Online,2025-04-08,1796.4,0.4,718.56,24.34,600.17,94.05,16.52,0.41,-0.01
3197,6566,Corn,Sweet,"Miller, Gilbert and Guzman",Retailer,Hesse,Online,2025-05-05,562.3,1.09,612.91,8.55,531.39,72.97,24.17,1.05,0.04
3198,6337,Potato,Red,Mitchell-Hardy,Retailer,Brandenburg,Online,2025-03-06,604.6,0.78,471.59,1.39,459.44,10.76,12.83,0.74,0.04
3199,11116,Corn,Sweet,Graves-Holland,Retailer,Saxony,Direct,2024-09-14,365.0,1.07,390.55,49.83,310.76,29.96,17.68,1.07,0.0
3200,2548,Barley,Hulled,"Martin, Downs and Hood",Wholesaler,Brandenburg,Direct,2025-02-20,426.1,1.5,639.15,36.49,566.99,35.67,6.99,1.49,0.01
3201,3635,Potato,Russet,Perry LLC,Exporter,Brandenburg,Direct,2025-05-05,487.3,0.76,370.35,34.36,268.93,67.06,9.85,0.8,-0.04
3202,3503,Corn,Dent,Cooper LLC,Exporter,Saxony,Direct,2024-10-09,498.1,0.4,199.24,3.92,158.35,36.97,9.16,0.44,-0.04
3203,11292,Soybean,Black,Weaver-White,Retailer,Hesse,Cooperative,2025-05-05,1071.5,1.23,1317.94,12.47,1277.6,27.87,16.84,1.15,0.08
3204,6931,Wheat,Emmer,Barrett PLC,Retailer,Hesse,Direct,2025-04-26,1741.6,1.34,2333.74,37.26,2204.7,91.78,22.1,1.49,-0.15
3205,14831,Wheat,Emmer,"Anderson, Brooks and Hensley",Retailer,Lower Saxony,Cooperative,2025-03-22,1876.1,1.11,2082.47,6.5,1997.4,78.57,23.82,1.17,-0.06
3206,9034,Wheat,Durum,"Johnson, Riley and Meyer",Exporter,Saxony,Cooperative,2025-04-17,687.3,0.63,433.0,15.02,351.81,66.17,14.12,0.63,0.0
3207,13787,Soybean,Yellow,Harrington PLC,Retailer,Lower Saxony,Online,2025-05-05,1500.9,1.36,2041.22,25.98,1969.08,46.16,17.77,1.3,0.06
3208,150,Corn,Dent,Hoover-Washington,Exporter,Saxony,Direct,2025-01-02,291.1,0.83,241.61,44.55,109.23,87.83,11.35,0.77,0.06
3209,8790,Wheat,Durum,Patel-Stephenson,Exporter,Hesse,Cooperative,2025-05-05,1198.4,0.81,970.7,23.33,883.37,64.0,8.74,0.83,-0.02
3210,3038,Corn,Sweet,"Harper, Solis and Hill",Retailer,Bavaria,Online,2025-02-24,517.2,1.46,755.11,37.35,700.73,17.03,6.88,1.38,0.08
3211,6496,Barley,Hulled,Anderson-Clark,Retailer,Hesse,Direct,2025-05-05,1734.2,0.31,537.6,22.75,458.35,56.5,20.46,0.3,0.01
3212,12042,Barley,Hulless,"Hunt, Hawkins and Simpson",Exporter,Bavaria,Direct,2024-04-25,562.4,1.33,747.99,44.5,662.43,41.06,9.74,1.44,-0.11
3213,517,Barley,Hulless,"Robertson, Rodriguez and Ramirez",Wholesaler,Brandenburg,Direct,2024-12-13,830.7,1.47,1221.13,35.88,1169.83,15.42,11.64,1.39,0.08
3214,4527,Corn,Dent,Payne-Ruiz,Wholesaler,Bavaria,Direct,2025-05-05,235.3,1.36,320.01,44.39,206.03,69.59,9.69,1.34,0.02
3215,11481,Potato,Red,"Black, Smith and Byrd",Retailer,Bavaria,Direct,2024-06-16,280.4,0.83,232.73,47.85,104.35,80.53,10.86,0.85,-0.02
3216,7930,Barley,Hulled,Nelson-Lowe,Wholesaler,Brandenburg,Online,2025-05-05,1164.3,0.6,698.58,34.12,630.99,33.47,6.74,0.65,-0.05
3217,5483,Soybean,Yellow,King Group,Retailer,Lower Saxony,Direct,2025-04-22,407.1,1.37,557.73,40.82,460.41,56.5,23.67,1.45,-0.08
3218,2572,Soybean,Yellow,Cortez Group,Wholesaler,Lower Saxony,Online,2025-04-30,231.2,0.49,113.29,9.49,49.96,53.84,18.08,0.52,-0.03
3219,7231,Corn,Sweet,Graves LLC,Wholesaler,Bavaria,Cooperative,2025-03-16,1252.2,1.49,1865.78,3.93,1789.39,72.46,6.2,1.4,0.09
3220,2892,Corn,Dent,Farmer and Sons,Wholesaler,Lower Saxony,Direct,2024-08-02,894.0,0.82,733.08,41.53,598.9,92.65,12.38,0.75,0.07
3221,4756,Barley,Hulless,Carter and Sons,Exporter,Saxony,Cooperative,2025-02-04,977.8,1.41,1378.7,40.45,1258.17,80.08,16.87,1.49,-0.08
3222,6527,Wheat,Durum,Logan PLC,Wholesaler,Brandenburg,Direct,2025-01-11,602.4,1.22,734.93,13.96,693.87,27.1,10.71,1.25,-0.03
3223,2868,Barley,Hulless,"Logan, Li and Martinez",Wholesaler,Hesse,Direct,2024-12-23,1266.1,0.44,557.08,38.88,429.71,88.49,15.34,0.41,0.03
3224,1973,Corn,Sweet,Garcia LLC,Wholesaler,Lower Saxony,Direct,2025-04-28,849.9,1.27,1079.37,4.32,1012.81,62.24,7.24,1.27,0.0
3225,14893,Barley,Hulless,"Potts, Brown and Long",Wholesaler,Brandenburg,Online,2024-04-03,380.9,0.85,323.76,30.66,275.1,18.0,8.65,0.86,-0.01
3226,13366,Barley,Hulless,"Ward, Curry and Brown",Exporter,Brandenburg,Online,2025-05-05,723.0,0.54,390.42,16.47,293.06,80.89,17.62,0.56,-0.02
3227,10348,Wheat,Durum,"Marshall, Stewart and Bentley",Exporter,Lower Saxony,Direct,2025-05-01,949.9,0.86,816.91,43.41,696.68,76.82,14.31,0.89,-0.03
3228,10445,Corn,Dent,Sanders LLC,Exporter,Saxony,Direct,2025-05-05,1799.1,1.46,2626.69,16.66,2573.92,36.11,13.99,1.49,-0.03
3229,5894,Soybean,Yellow,Beasley Inc,Retailer,Saxony,Cooperative,2025-02-04,1699.1,1.26,2140.87,23.22,2062.14,55.51,19.69,1.36,-0.1
3230,3260,Wheat,Durum,"Williamson, Reyes and Lee",Exporter,Bavaria,Direct,2025-02-02,932.5,1.14,1063.05,18.48,1033.66,10.91,20.73,1.11,0.03
3231,7308,Potato,Russet,Garcia-Hall,Retailer,Saxony,Online,2024-09-05,389.9,1.28,499.07,28.2,456.11,14.76,14.33,1.28,0.0
3232,11147,Soybean,Yellow,Steele-Peterson,Wholesaler,Hesse,Cooperative,2024-09-13,1159.7,0.8,927.76,21.08,833.34,73.34,22.14,0.85,-0.05
3233,13229,Corn,Sweet,Henry-Kirby,Exporter,Bavaria,Online,2025-05-03,358.3,0.73,261.56,13.0,148.95,99.61,22.35,0.74,-0.01
3234,12753,Corn,Dent,Munoz-Smith,Retailer,Brandenburg,Direct,2025-04-03,968.3,1.13,1094.18,11.99,1007.59,74.6,9.49,1.22,-0.09
3235,9310,Potato,Red,"Turner, Ryan and Snyder",Retailer,Brandenburg,Cooperative,2025-04-18,1216.8,1.04,1265.47,0.74,1179.22,85.51,9.69,1.09,-0.05
3236,6608,Barley,Hulless,"Beck, Morgan and Mccall",Retailer,Brandenburg,Cooperative,2023-09-27,570.8,0.55,313.94,38.86,245.32,29.76,11.51,0.6,-0.05
3237,3992,Corn,Sweet,Anderson PLC,Wholesaler,Brandenburg,Direct,2024-12-09,553.1,0.83,459.07,26.53,376.16,56.38,11.89,0.84,-0.01
3238,3659,Soybean,Yellow,Miller Ltd,Wholesaler,Hesse,Direct,2024-12-14,317.0,0.96,304.32,48.38,237.88,18.06,16.71,0.91,0.05
3239,4685,Soybean,Yellow,Martin-Graves,Exporter,Saxony,Cooperative,2025-05-05,1645.8,1.19,1958.5,35.25,1899.1,24.15,24.44,1.16,0.03
3240,12832,Potato,Red,Bright-Ortiz,Retailer,Brandenburg,Online,2024-08-05,880.5,1.37,1206.29,29.98,1081.36,94.95,5.67,1.46,-0.09
3241,11679,Wheat,Emmer,Mack PLC,Exporter,Hesse,Online,2025-02-02,1932.9,0.84,1623.64,32.4,1543.3,47.94,11.45,0.79,0.05
3242,5089,Soybean,Yellow,"Gomez, Smith and Allen",Wholesaler,Brandenburg,Cooperative,2025-01-09,1828.5,0.38,694.83,9.42,640.65,44.76,10.09,0.39,-0.01
3243,3487,Wheat,Durum,Sanchez Ltd,Retailer,Lower Saxony,Direct,2025-03-18,1819.7,0.31,564.11,8.95,514.29,40.87,8.41,0.31,0.0
3244,9038,Corn,Dent,"Coffey, Johnson and Rubio",Retailer,Lower Saxony,Cooperative,2024-10-12,1056.6,0.33,348.68,6.59,329.51,12.58,15.68,0.32,0.01
3245,6297,Soybean,Black,Alvarez Group,Exporter,Hesse,Direct,2025-05-05,1257.2,0.55,691.46,46.23,628.63,16.6,13.17,0.53,0.02
3246,2169,Soybean,Yellow,"Moore, Johnson and Spears",Exporter,Bavaria,Direct,2025-03-01,1590.7,0.39,620.37,15.68,520.01,84.68,22.03,0.38,0.01
3247,990,Corn,Sweet,Thomas and Sons,Exporter,Lower Saxony,Online,2025-03-21,1581.8,1.28,2024.7,12.61,1956.08,56.01,21.46,1.38,-0.1
3248,9664,Barley,Hulled,"Cuevas, Lewis and Morales",Exporter,Brandenburg,Direct,2025-05-05,698.3,0.71,495.79,29.37,422.7,43.72,16.78,0.73,-0.02
3249,1615,Wheat,Emmer,Moody PLC,Wholesaler,Bavaria,Cooperative,2025-01-20,949.3,0.67,636.03,10.63,613.42,11.98,22.81,0.67,0.0
3250,10877,Potato,Red,Becker-Ray,Wholesaler,Brandenburg,Direct,2025-03-10,1338.8,0.4,535.52,23.58,465.05,46.89,10.48,0.42,-0.02
3251,3098,Corn,Sweet,Bailey Inc,Wholesaler,Saxony,Cooperative,2025-03-18,690.5,0.47,324.53,29.86,207.44,87.23,24.51,0.49,-0.02
3252,10357,Soybean,Yellow,"Molina, Odonnell and Ramirez",Wholesaler,Brandenburg,Cooperative,2024-03-18,729.0,0.7,510.3,10.11,412.13,88.06,15.15,0.65,0.05
3253,8804,Potato,Red,"Hernandez, Avery and Powell",Wholesaler,Lower Saxony,Cooperative,2024-01-25,1944.7,1.1,2139.17,45.99,2070.41,22.77,10.09,1.03,0.07
3254,3134,Soybean,Black,"Guerrero, Villa and Stewart",Wholesaler,Bavaria,Online,2025-03-26,779.8,0.43,335.31,27.78,216.45,91.08,5.84,0.44,-0.01
3255,14433,Wheat,Emmer,"Rodriguez, Morrow and Fleming",Retailer,Brandenburg,Cooperative,2025-04-15,1016.5,0.78,792.87,43.99,716.76,32.12,8.73,0.74,0.04
3256,5106,Wheat,Durum,Lopez-Scott,Wholesaler,Lower Saxony,Cooperative,2025-03-13,1143.7,0.42,480.35,45.73,349.14,85.48,24.01,0.4,0.02
3257,13185,Corn,Dent,Bartlett Ltd,Retailer,Saxony,Cooperative,2023-12-30,1931.8,0.49,946.58,19.09,901.58,25.91,8.97,0.49,0.0
3258,8228,Barley,Hulled,"Parker, Rodriguez and Hudson",Wholesaler,Lower Saxony,Online,2024-06-19,1722.2,1.09,1877.2,33.78,1787.77,55.65,10.55,1.18,-0.09
3259,13224,Corn,Dent,Simon-Brooks,Retailer,Saxony,Online,2025-03-04,1735.6,0.95,1648.82,15.46,1592.53,40.83,8.27,1.05,-0.1
3260,10609,Wheat,Emmer,Cortez and Sons,Wholesaler,Saxony,Direct,2025-04-21,228.5,1.33,303.91,21.64,221.14,61.13,14.51,1.44,-0.11
3261,10738,Barley,Hulled,"Johnson, Freeman and Bailey",Wholesaler,Hesse,Direct,2025-02-08,1081.7,0.44,475.95,11.29,395.29,69.37,8.78,0.42,0.02
3262,1161,Barley,Hulled,"Payne, Davis and Garcia",Wholesaler,Hesse,Online,2025-02-04,1795.1,0.59,1059.11,47.05,960.47,51.59,5.78,0.59,0.0
3263,1259,Potato,Red,Reid-Martinez,Exporter,Lower Saxony,Online,2025-04-05,755.2,0.53,400.26,5.71,341.55,53.0,24.68,0.55,-0.02
3264,762,Soybean,Black,"Freeman, Jones and Acosta",Exporter,Bavaria,Online,2025-02-17,1371.0,1.2,1645.2,38.94,1558.5,47.76,19.09,1.21,-0.01
3265,9003,Wheat,Emmer,"Alvarez, Henderson and Lewis",Wholesaler,Bavaria,Online,2024-12-11,736.2,0.32,235.58,49.82,102.07,83.69,20.7,0.32,0.0
3266,11949,Barley,Hulled,Hunter and Sons,Retailer,Bavaria,Direct,2024-09-26,1348.9,0.88,1187.03,31.57,1094.12,61.34,21.49,0.95,-0.07
3267,13193,Soybean,Black,Lopez-Mcdonald,Wholesaler,Brandenburg,Cooperative,2024-10-21,461.9,0.91,420.33,19.78,330.89,69.66,8.96,0.93,-0.02
3268,4161,Potato,Russet,Choi-Barnes,Wholesaler,Saxony,Online,2024-08-26,790.3,1.57,1240.77,43.76,1112.03,84.98,20.82,1.48,0.09
3269,5968,Potato,Russet,"Newton, Williams and Solis",Retailer,Lower Saxony,Direct,2024-04-22,206.6,0.53,109.5,16.62,67.19,25.69,20.84,0.56,-0.03
3270,13934,Potato,Russet,Jimenez Inc,Wholesaler,Lower Saxony,Cooperative,2025-05-05,899.3,1.44,1294.99,20.97,1233.42,40.6,13.5,1.4,0.04
3271,7474,Barley,Hulless,Anderson PLC,Retailer,Lower Saxony,Direct,2025-03-23,1085.5,0.52,564.46,23.7,446.07,94.69,21.9,0.53,-0.01
3272,3711,Wheat,Emmer,"Castillo, Blair and Hamilton",Retailer,Hesse,Direct,2025-02-25,1613.9,0.48,774.67,40.82,660.79,73.06,17.21,0.53,-0.05
3273,1162,Corn,Sweet,Clark and Sons,Retailer,Hesse,Cooperative,2025-02-28,1265.6,0.61,772.02,41.16,711.35,19.51,12.25,0.67,-0.06
3274,6204,Soybean,Yellow,"Lynch, Wilson and Palmer",Exporter,Hesse,Direct,2024-12-02,702.8,1.19,836.33,16.68,783.81,35.84,11.15,1.16,0.03
3275,1983,Barley,Hulled,Vang Ltd,Exporter,Saxony,Cooperative,2024-05-22,1895.2,0.45,852.84,36.85,781.06,34.93,6.6,0.43,0.02
3276,2762,Wheat,Durum,"Beard, Chan and Singleton",Retailer,Bavaria,Direct,2025-03-31,656.0,0.45,295.2,10.88,230.39,53.93,18.89,0.43,0.02
3277,1949,Soybean,Black,Howell-Smith,Exporter,Brandenburg,Cooperative,2025-05-04,1456.0,1.08,1572.48,8.01,1509.62,54.85,8.6,1.09,-0.01
3278,2284,Barley,Hulless,Adams-Rodriguez,Wholesaler,Brandenburg,Direct,2025-05-05,1122.5,0.82,920.45,1.2,901.88,17.37,18.63,0.91,-0.09
3279,5270,Potato,Russet,"Wall, Harvey and Williams",Retailer,Brandenburg,Online,2025-03-22,896.0,1.12,1003.52,9.55,974.47,19.5,15.73,1.17,-0.05
3280,14470,Wheat,Emmer,Harrison LLC,Wholesaler,Lower Saxony,Cooperative,2025-05-05,1375.9,0.36,495.32,33.02,384.41,77.89,5.9,0.34,0.02
3281,8768,Potato,Red,Moore-Ayala,Retailer,Brandenburg,Online,2025-05-05,383.5,0.99,379.66,13.52,327.07,39.07,15.42,1.05,-0.06
3282,4154,Wheat,Emmer,"Taylor, Kim and Alexander",Wholesaler,Hesse,Direct,2025-04-22,599.8,1.49,893.7,16.57,859.58,17.55,10.46,1.44,0.05
3283,14441,Potato,Red,Wagner-Wolfe,Exporter,Saxony,Online,2025-04-06,1801.4,1.48,2666.07,30.56,2573.34,62.17,13.49,1.41,0.07
3284,7048,Barley,Hulless,"Fernandez, Harris and Villegas",Wholesaler,Lower Saxony,Direct,2025-02-16,1488.8,1.1,1637.68,46.51,1520.95,70.22,23.01,1.17,-0.07
3285,7558,Wheat,Durum,Durham PLC,Wholesaler,Lower Saxony,Cooperative,2024-04-17,801.1,0.33,264.36,32.37,181.28,50.71,15.54,0.31,0.02
3286,994,Soybean,Yellow,Huynh-Berry,Wholesaler,Bavaria,Direct,2024-03-20,1194.7,0.91,1087.18,34.03,987.27,65.88,9.92,0.84,0.07
3287,4337,Corn,Sweet,Gilmore-Mccullough,Retailer,Lower Saxony,Online,2024-10-02,1441.8,1.1,1585.98,0.98,1529.01,55.99,22.6,1.04,0.06
3288,11375,Corn,Dent,Mcintyre and Sons,Retailer,Brandenburg,Direct,2025-03-13,597.7,1.49,890.57,0.48,846.1,43.99,15.85,1.36,0.13
3289,7876,Wheat,Emmer,Roberts Ltd,Retailer,Saxony,Online,2025-04-03,421.9,1.05,443.0,46.1,301.89,95.01,7.96,1.11,-0.06
3290,11689,Barley,Hulless,"Love, Dodson and Thomas",Retailer,Brandenburg,Cooperative,2025-05-05,764.8,0.53,405.34,26.05,367.07,12.22,23.8,0.58,-0.05
3291,13510,Wheat,Durum,"Hicks, King and Williams",Exporter,Saxony,Cooperative,2025-03-09,1189.6,1.51,1796.3,20.03,1761.31,14.96,24.6,1.43,0.08
3292,10689,Corn,Dent,Edwards LLC,Wholesaler,Saxony,Cooperative,2024-10-26,1073.5,1.12,1202.32,16.19,1099.7,86.43,16.54,1.1,0.02
3293,1456,Soybean,Black,Carlson and Sons,Exporter,Brandenburg,Cooperative,2024-10-23,632.0,0.4,252.8,21.94,215.09,15.77,7.3,0.37,0.03
3294,7978,Corn,Sweet,Hughes-Ball,Exporter,Bavaria,Cooperative,2025-04-28,1852.2,0.44,814.97,44.37,708.46,62.14,16.75,0.43,0.01
3295,7909,Wheat,Durum,Hurst LLC,Wholesaler,Bavaria,Online,2025-04-11,767.8,1.51,1159.38,44.97,1093.98,20.43,23.31,1.49,0.02
3296,8622,Wheat,Durum,Stafford-Newman,Retailer,Saxony,Online,2024-12-06,1672.8,0.7,1170.96,21.15,1094.18,55.63,18.5,0.69,0.01
3297,5785,Soybean,Yellow,Reed-Jones,Exporter,Bavaria,Direct,2025-05-05,1122.7,0.88,987.98,37.85,938.52,11.61,18.9,0.93,-0.05
3298,4940,Corn,Dent,Brown Inc,Exporter,Bavaria,Online,2025-02-17,1204.8,1.25,1506.0,33.95,1405.12,66.93,24.11,1.24,0.01
3299,1965,Soybean,Yellow,Wright PLC,Exporter,Lower Saxony,Direct,2024-10-16,443.6,0.42,186.31,40.07,113.25,32.99,15.22,0.42,0.0
3300,13395,Wheat,Durum,"Moore, Vasquez and Mcmahon",Wholesaler,Saxony,Online,2025-04-27,958.9,1.27,1217.8,3.2,1194.96,19.64,20.67,1.19,0.08
3301,617,Corn,Sweet,Ford-Williams,Exporter,Brandenburg,Cooperative,2024-10-13,1942.8,0.72,1398.82,33.89,1338.68,26.25,6.78,0.68,0.04
3302,14954,Soybean,Black,Porter LLC,Exporter,Bavaria,Cooperative,2024-11-03,1669.8,1.17,1953.67,38.47,1815.27,99.93,23.68,1.08,0.09
3303,6177,Potato,Russet,Evans-Reynolds,Exporter,Saxony,Direct,2025-05-05,508.8,0.81,412.13,0.0,354.61,57.52,8.96,0.9,-0.09
3304,11286,Soybean,Yellow,Peterson-Fleming,Exporter,Bavaria,Online,2024-05-10,1786.6,0.69,1232.75,44.19,1157.28,31.28,24.37,0.67,0.02
3305,3442,Wheat,Durum,Marks-Edwards,Retailer,Bavaria,Direct,2025-05-05,1845.9,1.52,2805.77,27.71,2702.5,75.56,23.88,1.41,0.11
3306,13845,Corn,Dent,Chambers Ltd,Wholesaler,Hesse,Direct,2025-05-05,512.8,0.97,497.42,45.5,439.46,12.46,15.7,1.02,-0.05
3307,4447,Soybean,Yellow,"Martinez, Peterson and Diaz",Wholesaler,Bavaria,Online,2024-07-18,1356.1,0.49,664.49,8.04,575.98,80.47,7.61,0.48,0.01
3308,11301,Corn,Dent,Brooks and Sons,Exporter,Saxony,Online,2025-04-13,1582.4,0.98,1550.75,29.11,1460.1,61.54,22.71,1.09,-0.11
3309,7746,Corn,Dent,Villarreal LLC,Retailer,Lower Saxony,Online,2025-05-05,1384.7,0.88,1218.54,46.39,1109.11,63.04,21.93,0.91,-0.03
3310,11247,Wheat,Durum,"Miller, Wright and Lamb",Retailer,Saxony,Online,2025-05-05,1248.5,0.75,936.38,40.63,814.44,81.31,10.8,0.81,-0.06
3311,6213,Corn,Sweet,"Harper, Vang and Garcia",Wholesaler,Brandenburg,Cooperative,2024-04-12,647.8,0.75,485.85,35.26,361.12,89.47,15.03,0.83,-0.08
3312,13672,Corn,Sweet,"Warren, Marsh and Aguilar",Wholesaler,Brandenburg,Cooperative,2025-04-24,1846.0,0.9,1661.4,37.27,1576.2,47.93,5.59,0.82,0.08
3313,14155,Wheat,Emmer,Green-Bush,Retailer,Lower Saxony,Direct,2025-01-02,598.6,1.28,766.21,5.6,680.72,79.89,23.57,1.2,0.08
3314,12307,Soybean,Yellow,Mckenzie PLC,Retailer,Lower Saxony,Online,2025-03-27,1406.5,1.05,1476.82,33.21,1361.79,81.82,10.15,1.16,-0.11
3315,5790,Wheat,Emmer,"Macdonald, Williamson and Smith",Retailer,Brandenburg,Online,2025-04-28,557.6,0.5,278.8,22.32,213.64,42.84,11.25,0.49,0.01
3316,1826,Potato,Red,Williams-Harris,Exporter,Bavaria,Cooperative,2025-04-01,1372.8,1.2,1647.36,23.3,1570.94,53.12,8.69,1.1,0.1
3317,5295,Corn,Sweet,Romero-Reese,Wholesaler,Brandenburg,Cooperative,2024-06-12,840.0,1.29,1083.6,23.06,962.33,98.21,16.92,1.22,0.07
3318,10699,Corn,Sweet,Green-Frye,Retailer,Lower Saxony,Direct,2025-04-27,1222.4,0.61,745.66,32.85,625.87,86.94,8.49,0.6,0.01
3319,13793,Soybean,Yellow,Wilson Group,Wholesaler,Bavaria,Cooperative,2025-04-09,518.8,0.33,171.2,47.36,90.74,33.1,20.67,0.31,0.02
3320,10808,Barley,Hulless,Ferguson-Cooke,Exporter,Hesse,Direct,2025-04-14,670.6,0.56,375.54,37.05,288.11,50.38,9.1,0.52,0.04
3321,11841,Corn,Dent,"Rosario, Riley and Garcia",Wholesaler,Bavaria,Online,2024-10-20,342.5,0.34,116.45,30.77,55.68,30.0,24.01,0.32,0.02
3322,13562,Barley,Hulled,Martinez-Bennett,Exporter,Bavaria,Direct,2025-03-10,1253.6,1.12,1404.03,9.17,1304.83,90.03,21.98,1.15,-0.03
3323,14921,Soybean,Yellow,Mcfarland PLC,Wholesaler,Lower Saxony,Online,2024-11-24,1946.9,0.71,1382.3,5.73,1310.42,66.15,14.29,0.74,-0.03
3324,11317,Barley,Hulled,Howard Inc,Wholesaler,Brandenburg,Online,2025-02-19,1040.3,1.34,1394.0,22.53,1346.53,24.94,6.75,1.46,-0.12
3325,14304,Barley,Hulled,Morales LLC,Retailer,Saxony,Direct,2024-11-21,727.1,1.49,1083.38,46.66,971.67,65.05,22.6,1.44,0.05
3326,567,Wheat,Durum,Turner and Sons,Wholesaler,Hesse,Cooperative,2025-01-24,547.0,0.51,278.97,1.4,263.61,13.96,14.42,0.5,0.01
3327,2975,Potato,Red,Wilson-Walker,Wholesaler,Hesse,Cooperative,2025-05-05,1465.3,1.18,1729.05,28.65,1662.63,37.77,9.5,1.24,-0.06
3328,8045,Soybean,Yellow,"Sandoval, Cain and Haas",Wholesaler,Bavaria,Cooperative,2025-05-05,1019.1,0.41,417.83,12.11,372.58,33.14,10.4,0.42,-0.01
3329,5526,Soybean,Black,Barrett-Williams,Exporter,Hesse,Online,2025-03-12,1443.4,0.66,952.64,44.16,819.9,88.58,21.73,0.69,-0.03
3330,12561,Soybean,Yellow,Nelson-Wright,Wholesaler,Bavaria,Online,2024-01-19,1081.1,1.12,1210.83,18.49,1165.53,26.81,18.51,1.07,0.05
3331,1156,Wheat,Emmer,Scott-Williams,Wholesaler,Brandenburg,Online,2025-05-05,1299.3,1.13,1468.21,0.57,1455.06,12.58,19.04,1.07,0.06
3332,13888,Wheat,Durum,Collins-Fowler,Retailer,Bavaria,Direct,2025-04-11,1233.5,0.97,1196.49,42.3,1085.55,68.64,7.17,1.02,-0.05
3333,13204,Soybean,Black,Fleming-Washington,Retailer,Brandenburg,Online,2024-09-23,1532.3,0.85,1302.46,30.0,1178.58,93.88,12.62,0.85,0.0
3334,7858,Barley,Hulless,Alexander LLC,Wholesaler,Brandenburg,Cooperative,2024-12-07,1844.6,0.37,682.5,8.45,597.03,77.02,8.25,0.38,-0.01
3335,2330,Potato,Russet,Daniel and Sons,Exporter,Saxony,Online,2025-04-01,947.1,0.27,255.72,9.22,170.42,76.08,10.7,0.3,-0.03
3336,14591,Corn,Sweet,Ferguson-Reilly,Wholesaler,Brandenburg,Online,2025-05-05,729.8,1.06,773.59,0.93,690.01,82.65,14.33,1.04,0.02
3337,14514,Wheat,Emmer,Phillips-Tran,Exporter,Saxony,Online,2025-02-21,667.1,0.75,500.33,15.81,408.78,75.74,6.19,0.71,0.04
3338,4955,Corn,Sweet,Dunlap-Acosta,Retailer,Lower Saxony,Direct,2024-07-20,1072.9,1.14,1223.11,17.47,1148.04,57.6,10.32,1.19,-0.05
3339,12585,Potato,Russet,"Coleman, Stein and Hernandez",Retailer,Lower Saxony,Cooperative,2025-02-17,937.3,1.44,1349.71,2.4,1306.54,40.77,20.79,1.41,0.03
3340,7858,Barley,Hulless,"Ortega, Diaz and Benjamin",Exporter,Saxony,Direct,2024-12-08,869.6,0.41,356.54,22.71,249.56,84.27,8.93,0.38,0.03
3341,6965,Corn,Sweet,Bautista LLC,Retailer,Hesse,Online,2024-12-29,1230.3,0.47,578.24,12.57,489.61,76.06,5.52,0.49,-0.02
3342,4289,Soybean,Black,Bowers-Gonzalez,Retailer,Hesse,Cooperative,2025-03-03,260.9,0.71,185.24,14.26,144.5,26.48,12.69,0.73,-0.02
3343,10430,Wheat,Durum,White-Gallagher,Wholesaler,Bavaria,Cooperative,2025-05-04,685.9,1.24,850.52,12.18,778.43,59.91,22.58,1.26,-0.02
3344,11795,Wheat,Emmer,"Brooks, Harvey and Price",Retailer,Lower Saxony,Online,2024-01-14,741.9,0.51,378.37,3.59,323.56,51.22,12.24,0.47,0.04
3345,4264,Potato,Red,Carter-Townsend,Retailer,Bavaria,Direct,2025-04-27,471.8,1.24,585.03,37.03,470.13,77.87,19.64,1.17,0.07
3346,4237,Barley,Hulled,"Jones, Clark and Bennett",Wholesaler,Saxony,Online,2025-05-04,1773.9,0.46,815.99,6.11,750.65,59.23,11.87,0.43,0.03
3347,2425,Barley,Hulless,"Lindsey, Brown and Lee",Wholesaler,Hesse,Online,2025-02-05,501.2,0.32,160.38,17.74,84.63,58.01,13.74,0.3,0.02
3348,8377,Corn,Sweet,"Dixon, Fletcher and Brown",Wholesaler,Saxony,Direct,2025-01-24,1457.0,0.53,772.21,24.33,699.26,48.62,17.72,0.49,0.04
3349,9768,Soybean,Black,"George, Romero and Alvarado",Retailer,Hesse,Online,2025-03-23,494.7,0.97,479.86,45.58,361.09,73.19,24.37,0.93,0.04
3350,9987,Barley,Hulless,Hansen Ltd,Exporter,Bavaria,Direct,2024-07-01,966.7,0.83,802.36,26.02,684.22,92.12,10.71,0.8,0.03
3351,6111,Barley,Hulless,Mitchell-Long,Retailer,Brandenburg,Cooperative,2024-12-27,952.7,1.1,1047.97,36.06,946.21,65.7,24.67,1.18,-0.08
3352,8452,Soybean,Black,Spears-Cameron,Exporter,Saxony,Online,2025-01-12,963.8,0.38,366.24,28.66,269.85,67.73,18.02,0.38,0.0
3353,6048,Corn,Sweet,Christensen LLC,Retailer,Lower Saxony,Online,2025-03-16,245.1,1.05,257.36,49.09,186.9,21.37,24.63,1.14,-0.09
3354,11045,Potato,Russet,Calderon Inc,Retailer,Brandenburg,Online,2025-03-03,1015.9,1.01,1026.06,16.58,911.74,97.74,6.14,1.11,-0.1
3355,138,Potato,Red,Mckinney-Perez,Exporter,Hesse,Cooperative,2025-05-05,1003.1,0.94,942.91,26.73,872.12,44.06,12.27,0.91,0.03
3356,14963,Soybean,Yellow,"Boyd, Phillips and Pollard",Retailer,Hesse,Direct,2025-03-10,1366.6,1.03,1407.6,40.5,1348.92,18.18,24.0,1.13,-0.1
3357,7158,Barley,Hulled,Smith Inc,Retailer,Hesse,Direct,2025-05-05,432.7,1.13,488.95,33.85,444.25,10.85,6.94,1.13,0.0
3358,3221,Barley,Hulless,Williams-Vaughn,Exporter,Bavaria,Cooperative,2025-05-05,415.2,1.4,581.28,46.08,486.71,48.49,15.15,1.4,0.0
3359,1282,Wheat,Emmer,Travis Ltd,Retailer,Hesse,Direct,2024-10-04,1539.7,0.9,1385.73,13.46,1350.96,21.31,24.83,0.96,-0.06
3360,10835,Corn,Dent,Lopez Inc,Wholesaler,Saxony,Cooperative,2024-07-15,342.3,1.09,373.11,26.52,294.15,52.44,15.06,1.09,0.0
3361,11473,Corn,Dent,"Ayala, Manning and Gomez",Exporter,Lower Saxony,Online,2025-05-05,1964.0,1.54,3024.56,21.52,2955.61,47.43,14.67,1.44,0.1
3362,14067,Wheat,Durum,Lynn PLC,Wholesaler,Saxony,Online,2025-05-05,1843.5,1.09,2009.42,39.9,1910.05,59.47,14.84,1.12,-0.03
3363,2460,Potato,Red,Livingston and Sons,Retailer,Hesse,Direct,2024-11-12,1803.1,1.22,2199.78,18.08,2091.33,90.37,16.38,1.17,0.05
3364,23,Corn,Sweet,"Hunter, Duke and Brown",Exporter,Bavaria,Cooperative,2025-05-05,1925.6,0.66,1270.9,1.44,1207.29,62.17,14.08,0.65,0.01
3365,14090,Corn,Sweet,Castillo PLC,Exporter,Saxony,Cooperative,2025-03-27,221.6,0.8,177.28,40.04,75.96,61.28,16.13,0.84,-0.04
3366,6097,Corn,Sweet,"Mack, Daniel and Wallace",Wholesaler,Bavaria,Direct,2025-05-05,1131.5,1.51,1708.56,1.57,1659.7,47.29,6.02,1.4,0.11
3367,2669,Potato,Red,"Peterson, Warren and Fischer",Exporter,Saxony,Online,2025-05-05,1125.5,1.0,1125.5,6.42,1095.28,23.8,20.27,1.07,-0.07
3368,10639,Wheat,Emmer,"Joseph, Murphy and Mcclain",Wholesaler,Brandenburg,Online,2024-01-18,957.0,0.64,612.48,34.65,553.08,24.75,7.69,0.62,0.02
3369,11434,Soybean,Black,"Roth, Nelson and Tucker",Retailer,Saxony,Direct,2024-09-17,1131.0,1.02,1153.62,32.32,1032.04,89.26,17.05,1.05,-0.03
3370,12839,Potato,Red,"Webb, Miller and Branch",Wholesaler,Saxony,Cooperative,2025-02-02,1074.2,0.82,880.84,21.26,779.3,80.28,8.24,0.89,-0.07
3371,14951,Wheat,Durum,"Perez, Adams and Murphy",Exporter,Hesse,Online,2025-04-23,294.2,1.01,297.14,0.77,209.85,86.52,7.44,0.94,0.07
3372,6098,Soybean,Black,"Miller, Norris and Perry",Exporter,Bavaria,Online,2024-07-27,1112.9,0.89,990.48,24.32,952.13,14.03,18.07,0.89,0.0
3373,6112,Soybean,Black,Levine-Wiggins,Retailer,Hesse,Direct,2025-04-21,1840.5,1.14,2098.17,2.48,2076.9,18.79,23.97,1.09,0.05
3374,11599,Barley,Hulless,"Gardner, Harvey and Garrett",Exporter,Brandenburg,Online,2025-03-31,533.9,1.43,763.48,39.84,699.43,24.21,11.13,1.42,0.01
3375,12252,Wheat,Emmer,"Turner, Lee and Davis",Exporter,Lower Saxony,Direct,2025-04-17,1562.5,1.34,2093.75,21.87,2001.02,70.86,7.2,1.23,0.11
3376,6844,Wheat,Emmer,Bush-Frazier,Exporter,Lower Saxony,Online,2024-11-07,575.3,1.57,903.22,2.63,879.92,20.67,20.59,1.43,0.14
3377,11009,Barley,Hulled,Cruz-Marshall,Wholesaler,Brandenburg,Online,2024-12-08,628.1,0.31,194.71,37.61,116.69,40.41,9.13,0.32,-0.01
3378,13359,Wheat,Emmer,Holland Group,Exporter,Brandenburg,Online,2024-03-20,776.5,0.53,411.54,23.69,337.65,50.2,12.05,0.57,-0.04
3379,11944,Barley,Hulled,Kline-Morgan,Exporter,Saxony,Online,2025-04-22,1778.6,0.59,1049.37,44.53,968.46,36.38,13.36,0.54,0.05
3380,10250,Soybean,Black,"Bailey, Taylor and Lopez",Wholesaler,Lower Saxony,Online,2025-03-17,1422.2,0.98,1393.76,19.41,1303.15,71.2,9.89,1.07,-0.09
3381,12070,Soybean,Yellow,"Williams, Ramirez and Morgan",Retailer,Brandenburg,Online,2025-03-16,348.7,1.02,355.67,41.03,216.23,98.41,8.58,1.04,-0.02
3382,6472,Potato,Red,Barnes-Washington,Exporter,Brandenburg,Direct,2024-03-16,956.9,0.76,727.24,0.36,650.69,76.19,17.72,0.81,-0.05
3383,6807,Soybean,Black,Casey-Fitzgerald,Exporter,Hesse,Direct,2024-12-01,1536.8,1.05,1613.64,0.13,1565.11,48.4,9.44,1.13,-0.08
3384,6480,Soybean,Black,Pena-Cuevas,Retailer,Saxony,Cooperative,2024-12-31,1058.3,1.28,1354.62,49.67,1229.91,75.04,9.02,1.26,0.02
3385,9878,Potato,Red,Hernandez-Rice,Exporter,Bavaria,Cooperative,2025-05-05,1583.8,1.41,2233.16,46.19,2173.4,13.57,10.57,1.34,0.07
3386,10715,Soybean,Yellow,Smith-Fisher,Exporter,Hesse,Direct,2024-12-08,1136.8,1.29,1466.47,1.46,1371.09,93.92,11.53,1.43,-0.14
3387,2640,Corn,Dent,Norman Inc,Exporter,Hesse,Online,2025-02-17,1553.6,1.13,1755.57,48.91,1637.55,69.11,20.48,1.14,-0.01
3388,11164,Soybean,Black,"Roberts, Pratt and Ferguson",Retailer,Bavaria,Direct,2025-01-30,1703.1,0.6,1021.86,32.24,976.7,12.92,13.04,0.62,-0.02
3389,8255,Soybean,Black,Mclaughlin Ltd,Retailer,Bavaria,Cooperative,2024-05-09,508.8,0.28,142.46,18.39,78.87,45.2,10.57,0.3,-0.02
3390,6659,Soybean,Black,Turner PLC,Wholesaler,Saxony,Online,2025-05-05,806.3,1.35,1088.51,41.31,1029.78,17.42,12.35,1.43,-0.08
3391,10764,Wheat,Emmer,Thomas-Cole,Retailer,Hesse,Online,2025-03-07,940.1,0.68,639.27,37.74,584.68,16.85,10.77,0.65,0.03
3392,12353,Corn,Dent,"Jackson, Holt and Rangel",Wholesaler,Lower Saxony,Direct,2025-01-23,1925.3,0.92,1771.28,46.91,1694.18,30.19,12.13,0.86,0.06
3393,13032,Wheat,Durum,Singh and Sons,Wholesaler,Saxony,Online,2025-05-01,235.8,0.49,115.54,20.44,72.38,22.72,23.03,0.47,0.02
3394,1211,Corn,Dent,Fleming-Norman,Wholesaler,Bavaria,Cooperative,2025-01-09,1184.1,1.19,1409.08,11.55,1336.08,61.45,22.67,1.21,-0.02
3395,7141,Corn,Dent,Hendrix LLC,Exporter,Bavaria,Cooperative,2025-05-02,1405.6,0.71,997.98,30.62,892.77,74.59,18.26,0.73,-0.02
3396,14814,Barley,Hulless,"Mcbride, Harvey and Espinoza",Wholesaler,Hesse,Online,2025-05-05,471.8,0.55,259.49,14.44,149.32,95.73,21.55,0.5,0.05
3397,5024,Barley,Hulled,"Bryan, Poole and Randall",Retailer,Hesse,Direct,2025-01-09,433.2,1.23,532.84,3.21,459.5,70.13,8.21,1.3,-0.07
3398,1475,Soybean,Yellow,Bailey-White,Retailer,Saxony,Cooperative,2025-01-13,865.8,0.77,666.67,31.68,565.66,69.33,12.78,0.79,-0.02
3399,10981,Corn,Dent,Kaufman Ltd,Exporter,Bavaria,Direct,2024-01-25,1573.2,0.59,928.19,19.84,875.19,33.16,20.0,0.56,0.03
3400,9371,Potato,Russet,Bruce-Hodges,Exporter,Bavaria,Direct,2025-01-25,472.6,0.31,146.51,40.85,52.52,53.14,10.11,0.33,-0.02
3401,7509,Soybean,Yellow,Jimenez-Johnson,Wholesaler,Lower Saxony,Direct,2024-02-19,1266.3,1.08,1367.6,16.33,1280.35,70.92,15.63,1.1,-0.02
3402,5234,Wheat,Emmer,Brock LLC,Wholesaler,Bavaria,Online,2024-10-24,1877.0,1.18,2214.86,12.86,2113.56,88.44,21.56,1.19,-0.01
3403,5582,Soybean,Black,Butler-Quinn,Wholesaler,Bavaria,Online,2024-09-26,1856.2,1.1,2041.82,23.11,2000.54,18.17,22.13,1.01,0.09
3404,2343,Potato,Red,Martinez LLC,Retailer,Bavaria,Online,2025-04-04,859.0,0.47,403.73,22.18,292.81,88.74,23.64,0.5,-0.03
3405,4703,Corn,Sweet,"Humphrey, Hall and Horne",Exporter,Hesse,Direct,2025-02-11,446.0,0.36,160.56,47.76,37.65,75.15,18.48,0.33,0.03
3406,6230,Soybean,Black,Wilson and Sons,Exporter,Hesse,Direct,2025-03-15,552.0,1.08,596.16,29.37,492.1,74.69,23.12,1.03,0.05
3407,6429,Potato,Russet,Watkins-Miranda,Wholesaler,Bavaria,Cooperative,2025-05-05,768.0,1.57,1205.76,18.59,1169.8,17.37,14.74,1.44,0.13
3408,12949,Potato,Red,Riley Group,Retailer,Bavaria,Online,2025-04-06,1249.2,1.5,1873.8,6.17,1787.85,79.78,24.55,1.42,0.08
3409,14321,Potato,Red,Hubbard-Howell,Retailer,Brandenburg,Cooperative,2025-03-25,231.5,0.41,94.92,4.45,15.51,74.96,7.34,0.45,-0.04
3410,14427,Wheat,Emmer,Cox Inc,Retailer,Bavaria,Online,2025-04-21,1885.9,0.63,1188.12,17.83,1125.59,44.7,8.19,0.62,0.01
3411,11179,Barley,Hulless,Hall Group,Exporter,Saxony,Online,2024-12-24,1435.0,1.03,1478.05,21.24,1433.34,23.47,17.21,0.95,0.08
3412,11036,Barley,Hulless,Davis Inc,Wholesaler,Lower Saxony,Cooperative,2024-04-15,1611.2,0.35,563.92,33.01,460.47,70.44,10.41,0.34,0.01
3413,7287,Barley,Hulless,"Morgan, Blackwell and Taylor",Wholesaler,Saxony,Online,2025-04-29,735.4,1.25,919.25,9.14,887.23,22.88,8.13,1.17,0.08
3414,5753,Soybean,Yellow,"Branch, Nelson and Smith",Wholesaler,Lower Saxony,Cooperative,2025-02-08,1538.8,1.08,1661.9,0.36,1640.49,21.05,13.69,1.05,0.03
3415,11327,Barley,Hulless,Boyle Inc,Wholesaler,Brandenburg,Online,2025-03-11,672.7,1.23,827.42,14.0,780.13,33.29,16.91,1.12,0.11
3416,11427,Wheat,Emmer,"Hinton, Clark and Pollard",Retailer,Bavaria,Direct,2025-03-08,659.6,1.04,685.98,9.11,644.17,32.7,18.66,0.96,0.08
3417,11159,Potato,Red,Sutton-Nelson,Wholesaler,Saxony,Online,2024-10-07,871.8,0.9,784.62,40.78,657.35,86.49,6.21,0.87,0.03
3418,1175,Wheat,Durum,Aguirre-Perez,Exporter,Lower Saxony,Cooperative,2025-04-29,1755.7,0.61,1070.98,2.96,1044.46,23.56,13.84,0.67,-0.06
3419,1440,Potato,Russet,Palmer LLC,Retailer,Brandenburg,Direct,2024-07-28,950.3,1.34,1273.4,12.56,1230.1,30.74,15.21,1.27,0.07
3420,848,Soybean,Yellow,"Thomas, Reynolds and Pineda",Exporter,Lower Saxony,Online,2025-03-19,482.7,0.84,405.47,24.83,316.81,63.83,22.6,0.81,0.03
3421,1534,Soybean,Black,Pruitt and Sons,Retailer,Hesse,Cooperative,2025-04-28,350.9,1.19,417.57,16.65,375.18,25.74,13.28,1.17,0.02
3422,6480,Soybean,Black,Smith-Thompson,Exporter,Lower Saxony,Direct,2024-09-15,1067.8,1.35,1441.53,41.6,1329.72,70.21,23.48,1.26,0.09
3423,294,Barley,Hulled,Sloan and Sons,Exporter,Hesse,Cooperative,2024-07-15,455.4,0.62,282.35,42.72,173.1,66.53,22.59,0.58,0.04
3424,12705,Corn,Sweet,Patrick Inc,Retailer,Brandenburg,Cooperative,2024-10-07,1749.7,0.86,1504.74,18.42,1455.36,30.96,21.94,0.94,-0.08
3425,10345,Soybean,Black,Potter Ltd,Exporter,Lower Saxony,Online,2025-01-31,970.4,0.53,514.31,32.32,420.7,61.29,17.39,0.52,0.01
3426,9870,Soybean,Yellow,Jackson LLC,Wholesaler,Brandenburg,Online,2024-04-23,716.9,0.4,286.76,45.98,179.73,61.05,23.49,0.41,-0.01
3427,3517,Potato,Russet,Smith-Jones,Retailer,Lower Saxony,Online,2025-05-05,1414.9,0.55,778.2,11.55,707.94,58.71,23.53,0.57,-0.02
3428,3673,Wheat,Durum,"Johnson, Castillo and Carroll",Exporter,Brandenburg,Cooperative,2025-03-18,1979.8,1.36,2692.53,25.34,2643.61,23.58,8.05,1.41,-0.05
3429,4851,Potato,Russet,Jones-Velez,Wholesaler,Brandenburg,Direct,2025-05-05,1134.5,0.98,1111.81,9.47,1075.42,26.92,7.85,0.97,0.01
3430,8418,Wheat,Durum,"Hamilton, Griffin and Johnson",Wholesaler,Bavaria,Cooperative,2025-04-10,1566.5,0.45,704.92,25.23,629.77,49.92,17.33,0.49,-0.04
3431,8399,Barley,Hulled,"Duncan, Johnson and Jones",Retailer,Lower Saxony,Direct,2025-04-08,971.6,0.95,923.02,26.3,849.02,47.7,21.52,0.89,0.06
3432,5593,Corn,Dent,Douglas Group,Wholesaler,Hesse,Online,2024-06-07,1176.4,0.44,517.62,12.2,428.07,77.35,11.82,0.42,0.02
3433,7886,Barley,Hulled,Liu Group,Wholesaler,Bavaria,Online,2025-03-20,1175.7,1.39,1634.22,29.46,1536.65,68.11,6.23,1.35,0.04
3434,12890,Corn,Sweet,"Barajas, Barnett and Jones",Retailer,Saxony,Online,2024-09-10,466.2,0.7,326.34,21.07,294.52,10.75,8.93,0.7,0.0
3435,2621,Corn,Dent,"Ingram, Campbell and Williams",Exporter,Saxony,Online,2024-04-10,1854.8,0.84,1558.03,3.22,1491.18,63.63,20.94,0.87,-0.03
3436,7882,Soybean,Yellow,Miller-Smith,Wholesaler,Lower Saxony,Direct,2025-04-06,774.0,1.39,1075.86,1.74,1027.08,47.04,7.32,1.48,-0.09
3437,9567,Soybean,Yellow,"Harris, Tucker and Clark",Exporter,Bavaria,Online,2024-09-19,1730.2,0.98,1695.6,29.35,1647.85,18.4,18.28,0.96,0.02
3438,14688,Potato,Russet,Daniels-Mann,Retailer,Bavaria,Cooperative,2025-05-05,793.4,1.4,1110.76,20.92,994.21,95.63,23.7,1.43,-0.03
3439,13898,Soybean,Yellow,Shannon-Burke,Wholesaler,Brandenburg,Direct,2024-11-30,1460.4,1.15,1679.46,14.69,1637.71,27.06,21.15,1.25,-0.1
3440,2457,Barley,Hulled,Hansen Inc,Retailer,Bavaria,Direct,2024-09-03,1965.0,1.14,2240.1,17.1,2203.28,19.72,24.92,1.24,-0.1
3441,3701,Soybean,Yellow,"Everett, Hall and Reed",Exporter,Lower Saxony,Online,2024-11-23,1427.4,0.58,827.89,38.39,691.88,97.62,16.7,0.55,0.03
3442,5043,Corn,Sweet,Robbins and Sons,Exporter,Brandenburg,Direct,2025-01-19,465.9,0.42,195.68,25.64,102.68,67.36,9.69,0.43,-0.01
3443,9412,Soybean,Black,Hernandez-Jensen,Retailer,Lower Saxony,Online,2024-09-26,1707.3,0.68,1160.96,4.45,1074.15,82.36,11.94,0.7,-0.02
3444,5363,Potato,Red,"Russell, Fernandez and Robinson",Wholesaler,Saxony,Online,2024-10-03,938.2,0.83,778.71,45.49,653.2,80.02,23.52,0.84,-0.01
3445,9318,Soybean,Black,Davis and Sons,Wholesaler,Hesse,Direct,2024-09-22,1574.4,0.6,944.64,47.88,866.81,29.95,6.33,0.58,0.02
3446,340,Wheat,Emmer,Lambert-Schultz,Wholesaler,Bavaria,Online,2024-10-10,1131.5,1.23,1391.74,23.23,1295.75,72.76,11.67,1.19,0.04
3447,14465,Corn,Sweet,Jenkins Inc,Retailer,Saxony,Cooperative,2025-03-07,1395.9,0.39,544.4,26.76,498.0,19.64,24.22,0.4,-0.01
3448,13155,Wheat,Durum,"Turner, Lowery and Bonilla",Wholesaler,Saxony,Cooperative,2025-01-11,1618.0,0.79,1278.22,7.73,1205.64,64.85,16.35,0.78,0.01
3449,11604,Wheat,Emmer,"Bell, Gutierrez and Walsh",Exporter,Lower Saxony,Cooperative,2025-02-20,1008.4,0.94,947.9,19.46,866.56,61.88,23.39,0.95,-0.01
3450,14650,Soybean,Yellow,"Russell, Romero and Dyer",Retailer,Saxony,Cooperative,2025-05-05,456.0,1.4,638.4,7.43,598.8,32.17,24.32,1.34,0.06
3451,3098,Corn,Sweet,Morales and Sons,Exporter,Hesse,Online,2025-01-18,601.7,0.53,318.9,33.54,213.29,72.07,9.35,0.49,0.04
3452,2080,Potato,Russet,Wiley LLC,Exporter,Hesse,Online,2025-04-16,1537.7,1.24,1906.75,44.65,1811.79,50.31,9.32,1.27,-0.03
3453,2353,Wheat,Durum,"Brown, Rose and Mcmillan",Exporter,Hesse,Cooperative,2025-05-05,1045.8,0.65,679.77,34.05,619.68,26.04,18.97,0.6,0.05
3454,7632,Potato,Red,Grant Ltd,Wholesaler,Brandenburg,Direct,2025-01-16,1385.5,0.64,886.72,36.05,827.48,23.19,19.0,0.71,-0.07
3455,2210,Potato,Russet,Gutierrez Group,Retailer,Bavaria,Direct,2023-12-19,1641.2,1.03,1690.44,41.17,1591.26,58.01,13.51,1.12,-0.09
3456,11604,Wheat,Emmer,"Lopez, Williams and Zuniga",Exporter,Saxony,Online,2025-03-21,767.2,1.0,767.2,39.5,666.26,61.44,19.43,0.95,0.05
3457,5344,Potato,Russet,Johnson-Morris,Wholesaler,Lower Saxony,Online,2024-12-10,234.2,1.39,325.54,42.99,236.07,46.48,15.46,1.39,0.0
3458,13671,Corn,Dent,"Roberts, Reid and Arroyo",Retailer,Brandenburg,Cooperative,2025-01-23,1594.3,0.48,765.26,38.87,680.05,46.34,24.81,0.49,-0.01
3459,14100,Potato,Red,"Taylor, Graham and Reese",Wholesaler,Lower Saxony,Cooperative,2025-02-01,1055.9,0.55,580.75,43.04,505.26,32.45,24.55,0.59,-0.04
3460,3794,Corn,Sweet,Thompson PLC,Retailer,Lower Saxony,Direct,2025-05-05,652.5,0.6,391.5,48.87,286.98,55.65,9.75,0.6,0.0
3461,11963,Potato,Russet,Fitzpatrick-Chavez,Wholesaler,Bavaria,Online,2024-12-09,1801.6,1.19,2143.9,33.77,2025.6,84.53,13.05,1.2,-0.01
3462,4192,Barley,Hulless,"Molina, Bishop and Decker",Retailer,Hesse,Cooperative,2025-05-02,1012.7,0.29,293.68,11.67,182.18,99.83,6.73,0.3,-0.01
3463,4992,Potato,Russet,Murphy and Sons,Retailer,Saxony,Online,2025-03-07,1673.2,0.74,1238.17,25.94,1179.1,33.13,21.2,0.75,-0.01
3464,1398,Barley,Hulled,Fisher-Garcia,Retailer,Brandenburg,Online,2024-11-13,1296.2,1.03,1335.09,3.26,1268.71,63.12,15.77,0.94,0.09
3465,9178,Soybean,Yellow,"Koch, Wagner and Montoya",Retailer,Bavaria,Direct,2024-12-27,484.8,1.04,504.19,4.65,401.92,97.62,6.13,1.15,-0.11
3466,3027,Potato,Red,"Hill, Ray and Mitchell",Retailer,Lower Saxony,Direct,2024-10-31,349.9,1.07,374.39,23.78,339.31,11.3,11.97,1.13,-0.06
3467,8112,Barley,Hulless,"Lopez, Robinson and Leon",Exporter,Bavaria,Direct,2025-05-05,1836.6,1.32,2424.31,31.21,2326.07,67.03,17.34,1.33,-0.01
3468,13858,Soybean,Yellow,Patterson-May,Retailer,Hesse,Online,2025-03-11,1385.3,1.32,1828.6,49.46,1751.1,28.04,17.89,1.24,0.08
3469,1546,Wheat,Durum,"Harris, Meza and Riley",Retailer,Lower Saxony,Direct,2024-03-30,805.3,1.37,1103.26,4.52,1040.45,58.29,5.41,1.35,0.02
3470,2173,Wheat,Emmer,Lee LLC,Wholesaler,Saxony,Online,2025-01-15,1210.8,0.48,581.18,5.42,477.66,98.1,15.84,0.45,0.03
3471,1028,Potato,Red,Moses-Taylor,Exporter,Brandenburg,Online,2024-12-14,1869.8,0.98,1832.4,2.75,1796.78,32.87,15.95,1.06,-0.08
3472,6314,Wheat,Durum,"Farrell, Mcdonald and Powell",Exporter,Lower Saxony,Online,2024-12-09,1063.4,1.41,1499.39,42.41,1414.35,42.63,8.56,1.4,0.01
3473,12055,Corn,Dent,"Moon, Barajas and Richardson",Exporter,Bavaria,Online,2024-11-30,960.0,1.06,1017.6,35.32,928.1,54.18,7.52,1.14,-0.08
3474,2902,Corn,Sweet,Davis Inc,Exporter,Bavaria,Online,2025-05-05,1999.9,0.39,779.96,38.5,677.91,63.55,18.69,0.43,-0.04
3475,7654,Corn,Sweet,"Andrews, Gonzales and Norton",Exporter,Hesse,Cooperative,2024-02-11,1365.6,0.48,655.49,21.25,604.89,29.35,9.66,0.44,0.04
3476,4773,Barley,Hulless,"Martinez, Wang and Richardson",Exporter,Bavaria,Online,2024-10-04,465.6,1.2,558.72,14.98,505.24,38.5,9.64,1.15,0.05
3477,13279,Barley,Hulled,"Lee, Davis and Ramirez",Retailer,Brandenburg,Online,2025-03-10,1528.2,1.24,1894.97,14.98,1862.43,17.56,13.01,1.38,-0.14
3478,195,Wheat,Emmer,"Hopkins, Ball and Carter",Wholesaler,Lower Saxony,Online,2024-12-31,1613.3,1.27,2048.89,49.15,1912.39,87.35,5.71,1.36,-0.09
3479,334,Wheat,Durum,"Williamson, Collins and Roberts",Wholesaler,Brandenburg,Direct,2025-05-05,1959.1,0.85,1665.24,41.14,1602.66,21.44,6.64,0.87,-0.02
3480,6299,Soybean,Black,Alvarado LLC,Wholesaler,Saxony,Cooperative,2025-04-13,1591.6,1.09,1734.84,9.87,1688.06,36.91,18.9,1.11,-0.02
3481,1967,Corn,Dent,Taylor-Castaneda,Exporter,Bavaria,Online,2025-05-05,1810.3,0.66,1194.8,5.68,1116.91,72.21,22.44,0.61,0.05
3482,1957,Corn,Sweet,Nelson-Evans,Exporter,Lower Saxony,Cooperative,2025-01-24,821.7,0.99,813.48,46.44,723.45,43.59,18.04,0.91,0.08
3483,2898,Barley,Hulless,Anderson PLC,Retailer,Bavaria,Online,2024-05-02,1473.0,0.45,662.85,4.24,560.14,98.47,21.1,0.49,-0.04
3484,8688,Barley,Hulled,"Reid, Ware and Henry",Exporter,Saxony,Online,2025-02-04,818.7,0.73,597.65,13.66,499.9,84.09,21.31,0.79,-0.06
3485,12144,Barley,Hulless,Simmons-Young,Wholesaler,Lower Saxony,Online,2025-05-04,425.1,1.3,552.63,35.19,457.34,60.1,8.84,1.25,0.05
3486,6439,Potato,Russet,Curtis LLC,Retailer,Hesse,Cooperative,2024-12-26,294.4,0.67,197.25,10.8,107.59,78.86,22.24,0.65,0.02
3487,14927,Wheat,Durum,"Young, Thomas and Simmons",Exporter,Saxony,Online,2025-03-08,393.3,0.56,220.25,19.36,174.01,26.88,24.04,0.52,0.04
3488,9323,Soybean,Black,"Lee, Velasquez and Garrison",Exporter,Saxony,Online,2024-06-13,766.6,1.24,950.58,35.91,891.84,22.83,22.04,1.28,-0.04
3489,2481,Barley,Hulled,Johnson Ltd,Exporter,Saxony,Cooperative,2025-04-12,1764.9,0.86,1517.81,18.76,1419.32,79.73,8.31,0.92,-0.06
3490,3884,Corn,Dent,Peterson-Miller,Wholesaler,Bavaria,Cooperative,2024-12-19,770.1,1.25,962.62,28.83,849.24,84.55,22.08,1.36,-0.11
3491,3220,Soybean,Yellow,"Long, Perez and Evans",Retailer,Saxony,Cooperative,2025-04-08,1734.6,0.47,815.26,16.09,718.33,80.84,23.37,0.46,0.01
3492,264,Barley,Hulless,Scott-Nguyen,Retailer,Saxony,Direct,2024-01-02,430.4,0.49,210.9,1.58,143.0,66.32,21.63,0.46,0.03
3493,5206,Potato,Red,"Taylor, Carter and Schultz",Retailer,Hesse,Online,2024-05-24,1517.9,0.51,774.13,44.41,701.62,28.1,23.97,0.51,0.0
3494,1930,Wheat,Emmer,Stephenson PLC,Wholesaler,Saxony,Cooperative,2025-04-11,1238.4,0.47,582.05,24.72,528.94,28.39,7.95,0.51,-0.04
3495,14870,Potato,Red,George LLC,Wholesaler,Bavaria,Cooperative,2025-04-07,1482.9,0.3,444.87,47.44,335.81,61.62,24.95,0.31,-0.01
3496,14870,Potato,Red,Case-Delgado,Exporter,Bavaria,Cooperative,2024-03-05,1952.7,0.33,644.39,19.39,601.22,23.78,16.21,0.31,0.02
3497,107,Soybean,Yellow,Haas Ltd,Retailer,Saxony,Cooperative,2025-03-25,1571.9,1.1,1729.09,4.96,1677.94,46.19,10.94,1.09,0.01
3498,3558,Corn,Dent,"Yoder, Stevens and Allen",Retailer,Brandenburg,Direct,2025-05-05,1430.6,0.98,1401.99,44.58,1345.12,12.29,22.73,0.93,0.05
3499,13394,Corn,Dent,Hunt-Johnson,Exporter,Hesse,Cooperative,2025-01-07,1687.4,1.32,2227.37,40.38,2146.46,40.53,7.86,1.39,-0.07
3500,14143,Potato,Russet,"Hamilton, Lopez and Lucas",Retailer,Hesse,Cooperative,2024-08-24,1329.5,0.63,837.58,25.63,720.47,91.48,19.14,0.62,0.01
3501,10130,Wheat,Emmer,Morgan-Jones,Wholesaler,Hesse,Direct,2025-03-08,1758.1,1.39,2443.76,16.52,2346.17,81.07,23.56,1.34,0.05
3502,8661,Wheat,Durum,Walters-Fuentes,Exporter,Saxony,Direct,2023-11-22,393.1,0.42,165.1,48.92,95.18,21.0,23.38,0.4,0.02
3503,8341,Corn,Sweet,"Bryant, Reed and Reyes",Wholesaler,Lower Saxony,Online,2025-05-04,1227.2,0.82,1006.3,18.88,907.94,79.48,6.64,0.85,-0.03
3504,12006,Wheat,Durum,Sloan-Barry,Wholesaler,Lower Saxony,Direct,2024-12-02,1291.2,1.48,1910.98,20.53,1868.34,22.11,18.86,1.47,0.01
3505,5255,Corn,Dent,Garcia-Gill,Retailer,Saxony,Cooperative,2025-01-02,1935.1,0.95,1838.34,5.58,1744.63,88.13,10.11,1.04,-0.09
3506,10979,Corn,Sweet,"Strickland, Davis and Calderon",Retailer,Lower Saxony,Online,2025-01-30,918.2,1.15,1055.93,23.49,957.16,75.28,19.85,1.18,-0.03
3507,1500,Corn,Dent,Liu-Martin,Wholesaler,Bavaria,Cooperative,2025-05-05,1037.0,0.93,964.41,33.77,904.08,26.56,20.54,0.98,-0.05
3508,2349,Potato,Red,"Scott, Boyer and Schwartz",Retailer,Hesse,Online,2025-03-30,599.9,1.37,821.86,17.62,704.59,99.65,18.04,1.3,0.07
3509,8230,Barley,Hulless,Bonilla LLC,Wholesaler,Lower Saxony,Cooperative,2024-08-03,362.1,1.01,365.72,8.86,310.96,45.9,24.62,1.08,-0.07
3510,7223,Soybean,Black,Watts Group,Exporter,Brandenburg,Online,2025-03-20,1463.9,1.31,1917.71,34.0,1801.26,82.45,14.5,1.28,0.03
3511,7023,Corn,Dent,"Schultz, Hill and Adams",Retailer,Saxony,Direct,2025-05-05,1390.9,0.4,556.36,10.86,504.19,41.31,7.82,0.44,-0.04
3512,10016,Corn,Dent,Rogers-Kelly,Retailer,Hesse,Direct,2024-10-24,420.2,1.34,563.07,42.05,499.65,21.37,8.07,1.23,0.11
3513,3404,Wheat,Emmer,Larson Ltd,Exporter,Saxony,Cooperative,2025-01-08,261.8,0.79,206.82,26.83,104.93,75.06,24.48,0.75,0.04
3514,10780,Potato,Russet,"Kelly, Chen and Duffy",Retailer,Hesse,Cooperative,2024-06-03,655.6,1.01,662.16,38.72,583.44,40.0,18.15,0.92,0.09
3515,8878,Wheat,Durum,"Avila, Khan and Garcia",Wholesaler,Saxony,Online,2024-10-19,811.6,0.96,779.14,37.85,719.21,22.08,15.17,0.88,0.08
3516,12511,Corn,Sweet,West Group,Retailer,Saxony,Direct,2024-09-04,1258.1,0.33,415.17,5.57,393.17,16.43,21.67,0.36,-0.03
3517,4368,Barley,Hulless,Berry and Sons,Wholesaler,Saxony,Online,2025-05-05,1085.9,0.76,825.28,34.39,694.92,95.97,9.57,0.77,-0.01
3518,7909,Wheat,Durum,Stone Group,Retailer,Brandenburg,Cooperative,2025-04-21,1846.0,1.6,2953.6,10.76,2846.43,96.41,14.9,1.49,0.11
3519,13335,Corn,Sweet,Alvarez LLC,Retailer,Lower Saxony,Online,2025-04-05,641.8,0.87,558.37,5.62,496.44,56.31,12.81,0.81,0.06
3520,12643,Potato,Red,"Boone, Holland and Gomez",Exporter,Saxony,Direct,2025-04-01,777.7,1.4,1088.78,33.44,1007.07,48.27,7.92,1.29,0.11
3521,8420,Barley,Hulled,Adams-Arroyo,Wholesaler,Lower Saxony,Cooperative,2025-02-03,1244.6,0.88,1095.25,44.06,989.88,61.31,8.02,0.92,-0.04
3522,12985,Wheat,Durum,"George, Butler and Holt",Retailer,Lower Saxony,Cooperative,2024-10-25,298.5,0.44,131.34,37.06,52.7,41.58,18.92,0.43,0.01
3523,3654,Potato,Red,"Thompson, Sims and George",Retailer,Bavaria,Direct,2025-04-09,536.9,0.72,386.57,12.33,348.91,25.33,14.16,0.67,0.05
3524,10370,Soybean,Yellow,"Harris, Hanson and Davis",Exporter,Bavaria,Cooperative,2024-12-20,1084.1,1.31,1420.17,3.66,1351.91,64.6,15.56,1.44,-0.13
3525,5033,Potato,Red,Ware LLC,Exporter,Lower Saxony,Online,2025-04-04,1888.1,0.92,1737.05,15.79,1639.94,81.32,13.6,0.9,0.02
3526,11229,Wheat,Durum,Riley-Rose,Wholesaler,Brandenburg,Online,2024-08-26,1354.4,1.33,1801.35,21.07,1727.42,52.86,12.01,1.38,-0.05
3527,13081,Soybean,Black,Ramos-Jones,Exporter,Bavaria,Direct,2025-04-06,594.1,0.71,421.81,13.12,324.12,84.57,18.47,0.79,-0.08
3528,595,Barley,Hulled,Strong-Smith,Retailer,Hesse,Online,2024-11-30,228.4,1.28,292.35,7.15,273.09,12.11,8.94,1.22,0.06
3529,2891,Soybean,Yellow,Romero Inc,Wholesaler,Brandenburg,Direct,2025-05-05,390.6,0.47,183.58,49.38,42.36,91.84,15.47,0.43,0.04
3530,1717,Potato,Russet,Pierce LLC,Wholesaler,Bavaria,Direct,2024-11-15,726.5,1.04,755.56,20.55,717.59,17.42,10.53,0.95,0.09
3531,6594,Wheat,Durum,"Thompson, Bailey and Ramirez",Exporter,Saxony,Direct,2024-10-26,1961.1,0.33,647.16,13.24,609.9,24.02,10.79,0.31,0.02
3532,2367,Corn,Dent,Caldwell and Sons,Wholesaler,Saxony,Direct,2025-04-06,1033.9,1.07,1106.27,3.53,1038.25,64.49,21.56,1.12,-0.05
3533,8701,Soybean,Black,Myers-Gutierrez,Retailer,Hesse,Cooperative,2025-02-14,1332.9,0.95,1266.26,34.82,1184.9,46.54,15.18,0.98,-0.03
3534,9743,Soybean,Black,Spencer-Shelton,Wholesaler,Brandenburg,Cooperative,2025-04-05,1540.0,1.25,1925.0,29.12,1853.17,42.71,8.64,1.35,-0.1
3535,3581,Barley,Hulled,Johnson LLC,Retailer,Hesse,Online,2025-05-05,279.7,0.44,123.07,13.84,95.03,14.2,7.73,0.47,-0.03
3536,10186,Barley,Hulled,"White, Lopez and Curtis",Wholesaler,Hesse,Online,2024-08-31,1018.5,1.18,1201.83,31.58,1146.91,23.34,18.73,1.17,0.01
3537,9540,Soybean,Black,Johnson and Sons,Retailer,Lower Saxony,Cooperative,2025-05-05,1782.8,0.82,1461.9,39.09,1400.3,22.51,24.2,0.81,0.01
3538,2137,Potato,Russet,Davis-Cohen,Retailer,Lower Saxony,Direct,2024-11-20,1232.5,1.16,1429.7,40.05,1346.12,43.53,9.25,1.16,0.0
3539,8980,Barley,Hulled,"Ray, Bowen and Carter",Retailer,Hesse,Online,2025-04-27,1335.1,0.4,534.04,25.6,432.08,76.36,18.95,0.37,0.03
3540,71,Potato,Russet,"Jones, Keith and Barker",Exporter,Brandenburg,Online,2023-10-30,836.4,1.3,1087.32,26.7,1020.34,40.28,7.78,1.24,0.06
3541,4269,Barley,Hulless,Wright-Miranda,Exporter,Saxony,Online,2024-09-16,580.3,1.03,597.71,43.38,498.67,55.66,6.6,1.07,-0.04
3542,5768,Soybean,Black,"Ferrell, Brown and Gates",Exporter,Bavaria,Cooperative,2025-03-02,1097.6,1.2,1317.12,13.45,1276.39,27.28,19.23,1.19,0.01
3543,3780,Wheat,Emmer,"Nicholson, Brown and Farmer",Exporter,Bavaria,Direct,2025-04-01,289.5,0.52,150.54,32.49,74.77,43.28,12.82,0.57,-0.05
3544,11055,Potato,Red,"Garcia, Anderson and Dixon",Wholesaler,Bavaria,Direct,2024-09-06,450.1,1.23,553.62,40.73,439.2,73.69,23.04,1.18,0.05
3545,8260,Wheat,Emmer,Humphrey Ltd,Exporter,Brandenburg,Cooperative,2025-05-02,1616.0,0.97,1567.52,4.16,1541.66,21.7,10.44,0.95,0.02
3546,1876,Barley,Hulled,Galvan Group,Wholesaler,Lower Saxony,Online,2025-05-05,1643.3,1.11,1824.06,8.33,1781.97,33.76,20.46,1.2,-0.09
3547,6507,Wheat,Emmer,Calderon-Greer,Retailer,Bavaria,Direct,2024-09-01,372.8,1.18,439.9,30.8,378.84,30.26,17.64,1.13,0.05
3548,11114,Corn,Dent,"Farrell, Poole and White",Exporter,Bavaria,Cooperative,2024-05-15,1856.2,0.68,1262.22,8.42,1201.39,52.41,22.33,0.62,0.06
3549,10670,Wheat,Emmer,"Hughes, Johnson and Bennett",Exporter,Brandenburg,Cooperative,2025-05-05,697.3,1.49,1038.98,33.77,909.85,95.36,13.89,1.39,0.1
3550,13660,Barley,Hulless,"Hurley, Richards and Francis",Retailer,Bavaria,Online,2025-05-05,1111.9,1.17,1300.92,13.83,1191.42,95.67,12.22,1.24,-0.07
3551,4823,Barley,Hulled,Ruiz PLC,Exporter,Bavaria,Online,2025-02-09,870.0,1.47,1278.9,26.0,1203.07,49.83,17.27,1.46,0.01
3552,881,Corn,Sweet,Kirby and Sons,Retailer,Lower Saxony,Online,2025-04-14,692.6,0.53,367.08,10.46,261.27,95.35,9.85,0.54,-0.01
3553,3126,Wheat,Durum,Cook PLC,Retailer,Bavaria,Direct,2025-04-02,605.8,0.41,248.38,20.7,151.29,76.39,8.05,0.43,-0.02
3554,2444,Potato,Red,Pearson-Moyer,Wholesaler,Brandenburg,Online,2025-01-20,930.3,1.15,1069.84,16.27,990.39,63.18,12.1,1.2,-0.05
3555,13265,Barley,Hulled,"Anderson, Schneider and Rangel",Wholesaler,Brandenburg,Direct,2024-12-28,255.2,1.06,270.51,7.1,214.56,48.85,19.32,0.99,0.07
3556,10471,Potato,Russet,"Kelly, Martin and Jackson",Exporter,Saxony,Online,2025-04-21,596.2,1.0,596.2,19.16,519.54,57.5,18.07,1.09,-0.09
3557,8402,Wheat,Emmer,Mcdaniel-Day,Retailer,Lower Saxony,Cooperative,2024-01-20,1029.1,0.33,339.6,9.78,251.37,78.45,13.41,0.33,0.0
3558,10388,Soybean,Black,Martinez-Perez,Exporter,Lower Saxony,Direct,2025-03-26,1313.2,1.32,1733.42,34.46,1678.76,20.2,14.85,1.33,-0.01
3559,12510,Wheat,Emmer,"Andrews, Smith and Ali",Exporter,Hesse,Direct,2025-03-01,1563.7,0.42,656.75,31.79,555.24,69.72,13.3,0.46,-0.04
3560,1452,Barley,Hulless,Gutierrez-Phillips,Exporter,Saxony,Online,2024-10-18,1125.3,0.77,866.48,11.45,787.55,67.48,8.25,0.85,-0.08
3561,11515,Soybean,Yellow,"Brown, Romero and Hill",Wholesaler,Lower Saxony,Cooperative,2024-08-17,1616.6,1.02,1648.93,39.18,1554.91,54.84,20.85,0.93,0.09
3562,4750,Corn,Sweet,Nixon Ltd,Wholesaler,Brandenburg,Online,2025-02-15,1715.7,0.49,840.69,43.44,709.12,88.13,10.48,0.48,0.01
3563,9191,Wheat,Emmer,"Singleton, Wagner and Burton",Retailer,Brandenburg,Direct,2025-03-22,996.8,1.18,1176.22,6.74,1069.62,99.86,17.77,1.27,-0.09
3564,9535,Barley,Hulled,Jones LLC,Retailer,Hesse,Direct,2025-01-30,1907.9,0.78,1488.16,21.41,1396.11,70.64,14.68,0.74,0.04
3565,597,Barley,Hulled,Coffey-Schroeder,Retailer,Hesse,Cooperative,2024-12-25,1325.1,0.37,490.29,27.25,396.25,66.79,17.02,0.37,0.0
3566,8651,Soybean,Yellow,Hanna PLC,Retailer,Saxony,Direct,2025-03-14,525.3,1.21,635.61,37.78,538.75,59.08,17.88,1.28,-0.07
3567,9322,Barley,Hulless,Moore Group,Retailer,Saxony,Direct,2024-07-02,1637.6,0.36,589.54,11.45,487.66,90.43,15.75,0.39,-0.03
3568,4310,Wheat,Emmer,Burke Ltd,Exporter,Brandenburg,Direct,2024-12-27,1515.7,0.52,788.16,5.43,683.56,99.17,12.34,0.5,0.02
3569,2135,Potato,Russet,Nolan-Reyes,Retailer,Bavaria,Direct,2025-04-16,1757.8,1.17,2056.63,11.87,1994.69,50.07,11.14,1.24,-0.07
3570,302,Soybean,Yellow,Brooks-Roberts,Exporter,Hesse,Online,2025-02-25,460.7,1.41,649.59,8.94,561.32,79.33,8.42,1.45,-0.04
3571,8091,Barley,Hulless,Faulkner Inc,Retailer,Hesse,Direct,2024-09-12,534.7,1.44,769.97,2.37,713.86,53.74,12.28,1.43,0.01
3572,8381,Potato,Red,"Hammond, Cruz and Jensen",Exporter,Bavaria,Online,2024-01-16,770.6,0.97,747.48,4.75,727.03,15.7,6.53,0.89,0.08
3573,7932,Barley,Hulled,"Smith, Holland and Cabrera",Retailer,Saxony,Online,2025-02-17,531.9,0.98,521.26,19.24,449.98,52.04,17.97,0.99,-0.01
3574,3814,Barley,Hulled,Powell Group,Exporter,Hesse,Online,2025-01-17,239.6,0.8,191.68,0.75,139.82,51.11,17.73,0.73,0.07
3575,3603,Wheat,Durum,"Pratt, Ramos and Butler",Exporter,Bavaria,Cooperative,2024-11-29,1464.0,0.9,1317.6,48.15,1207.47,61.98,24.47,0.93,-0.03
3576,1888,Soybean,Black,"Lewis, Johnson and Miller",Wholesaler,Bavaria,Direct,2025-03-16,1490.6,0.56,834.74,12.94,773.6,48.2,10.36,0.58,-0.02
3577,1383,Potato,Russet,Kane-Bell,Retailer,Bavaria,Online,2024-10-19,654.2,1.1,719.62,7.76,613.27,98.59,8.98,1.13,-0.03
3578,14485,Barley,Hulled,Velazquez LLC,Wholesaler,Bavaria,Online,2025-05-05,1358.2,0.54,733.43,35.74,670.89,26.8,19.62,0.54,0.0
3579,4672,Potato,Red,"Mayo, Lee and Sweeney",Exporter,Saxony,Online,2025-01-24,1675.2,0.36,603.07,15.68,550.9,36.49,17.64,0.38,-0.02
3580,1432,Wheat,Durum,Miranda PLC,Retailer,Saxony,Cooperative,2024-11-07,623.9,1.12,698.77,31.91,590.35,76.51,15.78,1.23,-0.11
3581,5604,Soybean,Yellow,"Rollins, George and Davis",Wholesaler,Bavaria,Cooperative,2025-03-12,868.0,0.48,416.64,48.31,342.29,26.04,7.13,0.49,-0.01
3582,5931,Barley,Hulled,James and Sons,Exporter,Saxony,Online,2025-05-05,1895.4,1.06,2009.12,13.14,1902.26,93.72,8.73,1.15,-0.09
3583,3000,Barley,Hulled,"Powell, Lee and Garcia",Retailer,Bavaria,Direct,2025-04-11,1464.4,0.55,805.42,2.91,710.13,92.38,11.56,0.54,0.01
3584,13531,Barley,Hulled,Perez Group,Wholesaler,Bavaria,Online,2025-04-06,1182.4,1.39,1643.54,14.72,1554.8,74.02,11.91,1.49,-0.1
3585,10814,Potato,Russet,"Buckley, Hill and Lester",Wholesaler,Lower Saxony,Direct,2025-01-29,1387.7,0.55,763.24,49.52,618.49,95.23,18.13,0.54,0.01
3586,11199,Potato,Red,Scott-Bell,Retailer,Brandenburg,Direct,2025-01-10,234.7,0.92,215.92,11.98,115.81,88.13,12.65,0.97,-0.05
3587,1375,Barley,Hulless,Cole LLC,Exporter,Lower Saxony,Direct,2025-03-10,1711.3,0.89,1523.06,5.27,1479.56,38.23,7.69,0.84,0.05
3588,12800,Wheat,Emmer,Sanders and Sons,Exporter,Saxony,Direct,2025-04-29,710.8,1.59,1130.17,11.93,1089.51,28.73,17.61,1.48,0.11
3589,407,Barley,Hulless,Fleming Inc,Wholesaler,Saxony,Online,2024-12-13,1425.3,0.37,527.36,44.1,401.14,82.12,22.24,0.34,0.03
3590,6231,Corn,Sweet,Ward Group,Retailer,Brandenburg,Cooperative,2025-05-05,1494.8,0.49,732.45,26.38,673.8,32.27,20.36,0.47,0.02
3591,8646,Corn,Sweet,Shaw Inc,Retailer,Saxony,Cooperative,2025-04-07,1413.5,1.28,1809.28,28.32,1717.98,62.98,9.81,1.35,-0.07
3592,8117,Potato,Red,Moore-Smith,Retailer,Lower Saxony,Direct,2024-11-08,1993.3,1.29,2571.36,0.06,2490.48,80.82,21.35,1.41,-0.12
3593,10454,Wheat,Durum,"Thomas, Stone and Nelson",Wholesaler,Lower Saxony,Direct,2024-11-22,1780.5,1.08,1922.94,36.54,1807.77,78.63,22.63,1.17,-0.09
3594,13256,Barley,Hulled,"Clark, Williams and Ramos",Exporter,Bavaria,Direct,2025-03-23,1166.3,0.42,489.85,16.45,426.91,46.49,16.25,0.38,0.04
3595,10259,Wheat,Emmer,"Short, Williams and Brown",Retailer,Saxony,Direct,2025-05-05,698.1,1.34,935.45,43.42,829.43,62.6,10.67,1.29,0.05
3596,4637,Soybean,Yellow,Johnson-Adams,Retailer,Bavaria,Cooperative,2025-04-17,1985.0,0.95,1885.75,7.51,1805.07,73.17,7.15,0.9,0.05
3597,10483,Wheat,Durum,"Horton, Garcia and Oliver",Exporter,Saxony,Cooperative,2025-04-03,506.4,0.34,172.18,36.99,123.89,11.3,8.17,0.34,0.0
3598,11552,Wheat,Durum,Cooper-Hayes,Retailer,Hesse,Cooperative,2025-01-30,1417.4,1.18,1672.53,22.55,1628.35,21.63,23.88,1.12,0.06
3599,902,Barley,Hulled,Arellano Inc,Retailer,Brandenburg,Online,2024-04-08,968.8,0.67,649.1,48.84,582.07,18.19,8.61,0.67,0.0
3600,13853,Corn,Sweet,Monroe LLC,Exporter,Brandenburg,Cooperative,2025-04-07,1753.5,0.76,1332.66,34.54,1259.97,38.15,18.06,0.71,0.05
3601,1947,Potato,Russet,Mason Ltd,Wholesaler,Bavaria,Online,2025-04-20,1173.6,1.43,1678.25,12.61,1654.55,11.09,6.49,1.41,0.02
3602,14921,Soybean,Yellow,"Hayes, Harrington and Duncan",Retailer,Lower Saxony,Cooperative,2025-01-23,1404.9,0.75,1053.68,4.7,953.91,95.07,24.19,0.74,0.01
3603,6123,Potato,Red,Mendoza-Wright,Exporter,Saxony,Online,2025-04-07,395.2,0.63,248.98,21.89,133.56,93.53,9.74,0.6,0.03
3604,6544,Wheat,Durum,"Vargas, Wheeler and Baker",Retailer,Bavaria,Direct,2024-11-17,797.0,0.54,430.38,32.2,384.16,14.02,9.74,0.54,0.0
3605,5646,Potato,Russet,Garcia Inc,Retailer,Hesse,Online,2025-05-05,1688.2,0.46,776.57,2.74,698.93,74.9,21.59,0.48,-0.02
3606,705,Wheat,Durum,Moore Group,Wholesaler,Brandenburg,Direct,2024-06-30,1661.6,1.32,2193.31,23.93,2130.71,38.67,7.16,1.22,0.1
3607,14993,Soybean,Yellow,"Moore, Jackson and Dougherty",Retailer,Bavaria,Cooperative,2025-01-02,378.3,0.34,128.62,9.29,61.23,58.1,14.65,0.34,0.0
3608,14495,Potato,Red,Simmons Group,Wholesaler,Lower Saxony,Online,2025-04-22,1218.4,0.45,548.28,9.59,527.73,10.96,9.07,0.48,-0.03
3609,10753,Soybean,Black,Taylor LLC,Retailer,Lower Saxony,Cooperative,2025-05-05,299.0,0.84,251.16,10.0,209.68,31.48,10.26,0.8,0.04
3610,5164,Soybean,Yellow,Jackson-Sullivan,Wholesaler,Lower Saxony,Cooperative,2025-04-29,936.4,0.91,852.12,42.58,744.0,65.54,5.21,0.92,-0.01
3611,12748,Potato,Russet,Cohen-Bowman,Exporter,Lower Saxony,Direct,2025-04-26,964.7,0.56,540.23,22.88,490.54,26.81,18.29,0.62,-0.06
3612,5466,Corn,Sweet,Luna Inc,Wholesaler,Lower Saxony,Direct,2025-04-22,1657.6,0.34,563.58,21.33,516.7,25.55,5.92,0.35,-0.01
3613,2586,Barley,Hulled,"Lee, Nelson and Rodriguez",Wholesaler,Brandenburg,Direct,2025-05-05,1114.2,0.77,857.93,26.65,765.71,65.57,18.12,0.85,-0.08
3614,1771,Soybean,Yellow,"Montgomery, Roberts and Higgins",Retailer,Saxony,Online,2025-05-02,1190.5,0.99,1178.6,0.64,1089.66,88.3,19.29,0.98,0.01
3615,4431,Corn,Sweet,Marquez-Harvey,Exporter,Lower Saxony,Direct,2024-04-09,296.5,1.12,332.08,5.22,273.92,52.94,9.79,1.23,-0.11
3616,14526,Barley,Hulless,Campbell Ltd,Retailer,Bavaria,Cooperative,2024-07-23,991.3,0.99,981.39,17.18,878.79,85.42,20.76,0.96,0.03
3617,10116,Potato,Russet,Rowe-Smith,Wholesaler,Lower Saxony,Direct,2025-05-05,878.1,0.55,482.96,1.6,438.87,42.49,14.22,0.53,0.02
3618,7835,Wheat,Durum,Smith-Thomas,Retailer,Hesse,Online,2025-05-05,597.5,0.48,286.8,31.91,208.23,46.66,9.42,0.5,-0.02
3619,11015,Wheat,Durum,"Thomas, West and Sims",Wholesaler,Brandenburg,Direct,2025-04-03,942.5,1.27,1196.97,15.94,1110.32,70.71,7.06,1.23,0.04
3620,12780,Soybean,Yellow,Black-Atkins,Exporter,Lower Saxony,Online,2024-12-22,455.3,1.23,560.02,4.87,462.2,92.95,13.36,1.3,-0.07
3621,8518,Soybean,Yellow,Flynn-White,Exporter,Saxony,Direct,2025-05-05,1650.2,0.8,1320.16,28.25,1222.9,69.01,7.04,0.81,-0.01
3622,11192,Barley,Hulless,Solomon-Murphy,Retailer,Bavaria,Online,2025-05-05,1665.2,1.28,2131.46,40.14,2021.38,69.94,9.15,1.23,0.05
3623,6461,Potato,Red,"Mcgee, Young and Snyder",Wholesaler,Saxony,Online,2025-05-04,483.7,1.29,623.97,14.6,577.94,31.43,20.27,1.34,-0.05
3624,5698,Barley,Hulled,Marshall Inc,Wholesaler,Saxony,Direct,2024-08-08,706.2,1.13,798.01,37.83,686.07,74.11,12.89,1.18,-0.05
3625,13888,Wheat,Durum,Nelson-Taylor,Retailer,Lower Saxony,Direct,2025-04-28,641.4,0.94,602.92,49.52,463.25,90.15,15.27,1.02,-0.08
3626,3873,Potato,Red,Watson Inc,Wholesaler,Hesse,Direct,2024-11-07,1220.0,1.28,1561.6,26.48,1484.06,51.06,20.32,1.31,-0.03
3627,4682,Barley,Hulled,"Thompson, King and Pittman",Retailer,Saxony,Online,2024-10-26,1149.3,0.46,528.68,6.72,480.8,41.16,7.72,0.48,-0.02
3628,1534,Soybean,Black,Sullivan-Wright,Retailer,Brandenburg,Cooperative,2025-04-30,1824.7,1.08,1970.68,40.3,1908.24,22.14,6.53,1.17,-0.09
3629,8733,Soybean,Black,Lambert-Turner,Exporter,Lower Saxony,Cooperative,2025-01-11,1214.8,0.77,935.4,13.31,889.96,32.13,12.09,0.75,0.02
3630,2764,Soybean,Yellow,"Williams, Reeves and Williams",Exporter,Saxony,Cooperative,2025-05-05,690.4,1.03,711.11,9.87,672.75,28.49,11.52,0.96,0.07
3631,3193,Wheat,Emmer,"Lozano, King and Harris",Retailer,Hesse,Online,2024-09-30,1382.8,1.12,1548.74,31.15,1487.22,30.37,13.64,1.16,-0.04
3632,9346,Wheat,Durum,"Lowe, Miller and Hatfield",Wholesaler,Lower Saxony,Online,2024-11-21,1491.1,1.41,2102.45,26.46,1991.04,84.95,24.68,1.37,0.04
3633,563,Wheat,Emmer,Hanson Group,Retailer,Saxony,Online,2024-10-11,1709.2,0.46,786.23,37.77,726.84,21.62,5.75,0.49,-0.03
3634,1967,Corn,Dent,"Hart, Clark and Pratt",Wholesaler,Saxony,Cooperative,2025-05-05,995.4,0.61,607.19,44.61,497.94,64.64,14.68,0.61,0.0
3635,7354,Potato,Russet,Miller-Townsend,Retailer,Lower Saxony,Online,2024-06-26,1301.5,1.33,1731.0,33.91,1680.08,17.01,13.96,1.32,0.01
3636,4532,Corn,Dent,Beck-Norman,Retailer,Saxony,Online,2024-10-29,1426.0,1.01,1440.26,30.67,1381.81,27.78,24.11,0.93,0.08
3637,7151,Corn,Dent,"Norris, Lewis and Clark",Exporter,Hesse,Online,2025-05-05,784.6,1.13,886.6,46.81,807.01,32.78,24.89,1.23,-0.1
3638,2708,Wheat,Emmer,Watson-Bryan,Retailer,Brandenburg,Online,2025-05-04,478.5,1.12,535.92,2.17,481.86,51.89,24.37,1.06,0.06
3639,6766,Wheat,Durum,"Velez, Beck and Riley",Wholesaler,Bavaria,Cooperative,2024-06-26,873.3,0.46,401.72,42.2,319.93,39.59,22.57,0.46,0.0
3640,14376,Soybean,Yellow,Foster PLC,Wholesaler,Saxony,Direct,2024-11-19,1654.9,0.84,1390.12,0.26,1361.44,28.42,8.23,0.86,-0.02
3641,7155,Soybean,Black,Medina PLC,Wholesaler,Saxony,Cooperative,2024-11-14,465.8,0.95,442.51,46.08,317.66,78.77,7.65,1.03,-0.08
3642,11224,Barley,Hulless,Lee Group,Exporter,Bavaria,Online,2025-04-22,1438.7,1.29,1855.92,20.9,1749.54,85.48,17.27,1.31,-0.02
3643,253,Barley,Hulled,"Green, King and Le",Wholesaler,Saxony,Direct,2025-02-24,1145.2,1.09,1248.27,8.41,1167.3,72.56,18.18,1.08,0.01
3644,11273,Potato,Red,"Marshall, Smith and Hayes",Retailer,Lower Saxony,Online,2025-02-03,1180.0,0.75,885.0,40.74,800.67,43.59,19.39,0.82,-0.07
3645,2968,Corn,Sweet,Powers-Martin,Wholesaler,Saxony,Cooperative,2025-01-05,703.2,1.08,759.46,49.11,674.27,36.08,9.04,1.19,-0.11
3646,1985,Wheat,Emmer,Ramirez-Moon,Retailer,Hesse,Online,2024-12-06,649.5,1.24,805.38,2.2,765.66,37.52,15.62,1.24,0.0
3647,3833,Barley,Hulled,Walker-Guzman,Retailer,Bavaria,Online,2024-01-25,1641.5,1.37,2248.86,4.24,2165.05,79.57,21.08,1.25,0.12
3648,3723,Barley,Hulless,"Blackburn, Stone and Arias",Wholesaler,Lower Saxony,Cooperative,2025-04-16,1622.5,0.5,811.25,0.34,783.09,27.82,12.37,0.55,-0.05
3649,5426,Corn,Dent,"Reed, Wells and Nelson",Wholesaler,Bavaria,Direct,2024-06-27,1306.4,0.57,744.65,19.58,664.84,60.23,11.84,0.62,-0.05
3650,12113,Soybean,Yellow,Mayer-Brown,Wholesaler,Lower Saxony,Online,2023-12-07,1996.2,0.62,1237.64,1.04,1197.24,39.36,9.48,0.63,-0.01
3651,13049,Barley,Hulled,Lee PLC,Exporter,Bavaria,Cooperative,2025-03-18,1970.0,0.39,768.3,34.52,638.71,95.07,6.99,0.42,-0.03
3652,13289,Soybean,Black,Swanson-Hester,Exporter,Saxony,Cooperative,2025-01-19,289.8,0.47,136.21,19.39,94.81,22.01,17.13,0.48,-0.01
3653,9875,Potato,Russet,"Evans, Munoz and Bullock",Wholesaler,Brandenburg,Cooperative,2025-02-27,1871.4,0.79,1478.41,19.8,1425.42,33.19,9.58,0.75,0.04
3654,4228,Barley,Hulless,"Long, Davidson and Woods",Exporter,Hesse,Cooperative,2025-05-05,1469.3,0.74,1087.28,46.75,1030.2,10.33,22.25,0.73,0.01
3655,6916,Wheat,Durum,"Bender, Price and Ramirez",Exporter,Bavaria,Cooperative,2025-03-29,693.7,1.35,936.5,45.97,809.47,81.06,23.15,1.43,-0.08
3656,12967,Potato,Russet,"Maddox, Vasquez and Smith",Retailer,Bavaria,Direct,2025-05-05,1500.0,1.14,1710.0,11.62,1685.81,12.57,8.65,1.14,0.0
3657,13941,Potato,Russet,Sparks-Hernandez,Wholesaler,Bavaria,Cooperative,2025-02-12,1605.9,0.88,1413.19,2.89,1352.74,57.56,22.11,0.85,0.03
3658,10757,Potato,Russet,Hicks-Cooke,Exporter,Hesse,Online,2024-10-19,1689.2,0.59,996.63,38.21,910.94,47.48,16.28,0.6,-0.01
3659,11619,Corn,Dent,"Weiss, Robles and Moore",Retailer,Hesse,Cooperative,2024-10-19,1235.2,0.51,629.95,29.88,532.25,67.82,21.55,0.47,0.04
3660,4858,Soybean,Yellow,Velasquez PLC,Retailer,Saxony,Direct,2024-03-02,1189.6,1.27,1510.79,27.9,1453.21,29.68,9.12,1.33,-0.06
3661,9867,Barley,Hulled,Underwood and Sons,Exporter,Saxony,Direct,2024-12-01,816.4,0.62,506.17,8.72,482.53,14.92,23.44,0.59,0.03
3662,5285,Potato,Russet,Knox-Jackson,Wholesaler,Lower Saxony,Online,2025-02-26,485.0,1.41,683.85,6.2,651.47,26.18,11.42,1.42,-0.01
3663,6130,Potato,Russet,"Lin, Collins and Savage",Retailer,Lower Saxony,Cooperative,2024-07-23,539.8,1.26,680.15,43.04,583.45,53.66,9.76,1.16,0.1
3664,9609,Soybean,Yellow,Dunn Ltd,Exporter,Bavaria,Online,2024-09-02,204.2,0.8,163.36,41.74,46.01,75.61,11.59,0.79,0.01
3665,3678,Potato,Red,Anderson Ltd,Exporter,Brandenburg,Cooperative,2025-05-05,302.9,0.8,242.32,19.27,206.97,16.08,23.64,0.76,0.04
3666,6095,Wheat,Emmer,Bell Group,Wholesaler,Saxony,Direct,2025-03-09,1524.5,0.96,1463.52,44.03,1324.67,94.82,18.21,1.01,-0.05
3667,13492,Barley,Hulless,"Duran, Powers and Stephenson",Retailer,Brandenburg,Online,2024-10-13,714.7,1.05,750.44,48.87,654.34,47.23,7.37,1.11,-0.06
3668,6525,Potato,Red,"Stewart, Espinoza and Ford",Retailer,Brandenburg,Online,2025-04-22,210.3,0.61,128.28,3.93,55.8,68.55,9.91,0.56,0.05
3669,12102,Soybean,Black,Hodges-Rivera,Wholesaler,Saxony,Cooperative,2024-10-15,1153.6,1.38,1591.97,33.65,1500.48,57.84,14.14,1.46,-0.08
3670,7448,Barley,Hulled,"Mathews, Smith and Sullivan",Exporter,Brandenburg,Direct,2025-04-02,1950.3,0.61,1189.68,41.06,1097.5,51.12,11.9,0.63,-0.02
3671,3356,Potato,Russet,"Carter, Sanchez and Gray",Wholesaler,Hesse,Online,2024-09-04,976.5,0.42,410.13,24.97,336.63,48.53,15.92,0.42,0.0
3672,7991,Corn,Sweet,Flores-Rodriguez,Retailer,Lower Saxony,Direct,2025-04-24,983.7,1.39,1367.34,32.69,1271.01,63.64,22.4,1.29,0.1
3673,11598,Corn,Dent,Jones LLC,Retailer,Hesse,Cooperative,2025-05-05,1451.1,0.49,711.04,14.48,668.36,28.2,9.05,0.52,-0.03
3674,9933,Soybean,Yellow,Castillo Group,Retailer,Saxony,Online,2024-06-27,1053.4,1.31,1379.95,6.45,1344.08,29.42,24.08,1.21,0.1
3675,13670,Corn,Dent,Barnett-Wallace,Retailer,Lower Saxony,Direct,2025-05-05,719.8,1.45,1043.71,27.75,1003.92,12.04,15.87,1.35,0.1
3676,2075,Barley,Hulled,Brown PLC,Exporter,Hesse,Online,2025-01-03,875.3,0.86,752.76,8.77,692.23,51.76,7.7,0.81,0.05
3677,89,Potato,Russet,Fowler Ltd,Exporter,Lower Saxony,Direct,2025-04-14,1402.4,0.38,532.91,30.16,438.17,64.58,21.92,0.4,-0.02
3678,6066,Wheat,Emmer,Oneill PLC,Retailer,Bavaria,Direct,2025-04-12,573.2,0.69,395.51,32.02,290.4,73.09,15.68,0.76,-0.07
3679,2544,Potato,Red,Boyer-Flores,Retailer,Brandenburg,Direct,2025-02-08,1313.8,0.4,525.52,48.15,407.82,69.55,21.16,0.39,0.01
3680,2287,Barley,Hulless,Russell-Diaz,Wholesaler,Hesse,Cooperative,2025-01-01,849.0,1.24,1052.76,35.82,977.6,39.34,9.54,1.3,-0.06
3681,5688,Wheat,Durum,"Maddox, Mason and Holmes",Exporter,Saxony,Cooperative,2025-03-09,1807.9,0.74,1337.85,26.13,1254.58,57.14,11.61,0.75,-0.01
3682,4294,Potato,Red,"Estes, Reynolds and Anderson",Exporter,Lower Saxony,Cooperative,2025-04-30,1714.3,1.44,2468.59,29.64,2350.01,88.94,23.15,1.43,0.01
3683,13381,Soybean,Black,Carrillo-Whitaker,Wholesaler,Bavaria,Direct,2024-04-11,1231.7,0.73,899.14,49.29,771.93,77.92,22.3,0.78,-0.05
3684,12841,Wheat,Durum,Salas-Thompson,Exporter,Hesse,Direct,2024-07-21,750.0,1.41,1057.5,37.82,939.87,79.81,23.82,1.35,0.06
3685,12597,Corn,Sweet,Espinoza Group,Wholesaler,Saxony,Cooperative,2024-07-31,1593.9,1.42,2263.34,48.67,2165.01,49.66,9.59,1.41,0.01
3686,1494,Barley,Hulled,Miller Group,Retailer,Saxony,Direct,2025-04-24,1041.4,0.4,416.56,20.41,338.37,57.78,16.85,0.43,-0.03
3687,4177,Wheat,Emmer,Mccormick PLC,Retailer,Lower Saxony,Cooperative,2025-04-30,1766.6,0.47,830.3,15.04,718.28,96.98,19.51,0.44,0.03
3688,2437,Potato,Russet,Ruiz-Byrd,Exporter,Bavaria,Online,2025-05-05,1925.5,0.38,731.69,29.78,654.06,47.85,17.67,0.41,-0.03
3689,10279,Barley,Hulless,Taylor Ltd,Exporter,Saxony,Online,2024-11-04,237.0,1.36,322.32,1.36,290.32,30.64,21.6,1.33,0.03
3690,9224,Barley,Hulled,Hayden Group,Wholesaler,Hesse,Cooperative,2024-12-16,1707.3,1.32,2253.64,42.11,2165.34,46.19,7.53,1.38,-0.06
3691,5353,Corn,Sweet,Hall LLC,Retailer,Brandenburg,Direct,2025-05-05,484.7,1.3,630.11,10.78,595.38,23.95,8.58,1.41,-0.11
3692,14144,Wheat,Durum,"Marsh, Ruiz and Nelson",Retailer,Brandenburg,Direct,2025-01-08,1156.9,0.88,1018.07,46.46,905.94,65.67,19.03,0.92,-0.04
3693,14753,Soybean,Black,Mccoy-Diaz,Retailer,Hesse,Online,2025-05-05,1473.1,0.61,898.59,20.51,825.8,52.28,14.03,0.6,0.01
3694,1146,Corn,Dent,Harris-Nichols,Wholesaler,Bavaria,Direct,2023-11-22,1371.4,1.0,1371.4,29.57,1277.99,63.84,22.81,1.06,-0.06
3695,1111,Soybean,Yellow,"Allison, Tanner and Baker",Retailer,Hesse,Online,2025-03-07,598.7,0.42,251.45,49.6,178.45,23.4,17.33,0.4,0.02
3696,13833,Potato,Red,"Francis, Hutchinson and Lawrence",Exporter,Saxony,Direct,2025-01-25,269.2,1.38,371.5,25.35,287.04,59.11,7.09,1.39,-0.01
3697,9771,Potato,Russet,"Sweeney, Moss and Mclaughlin",Wholesaler,Bavaria,Online,2024-07-15,1279.4,0.52,665.29,12.14,604.79,48.36,17.58,0.51,0.01
3698,14680,Wheat,Emmer,Doyle Inc,Wholesaler,Saxony,Direct,2023-12-24,1437.3,0.76,1092.35,9.74,1006.97,75.64,15.72,0.74,0.02
3699,12415,Wheat,Durum,Myers-Lopez,Exporter,Bavaria,Cooperative,2025-02-07,617.7,0.77,475.63,46.38,335.6,93.65,24.74,0.81,-0.04
3700,5360,Wheat,Durum,Campbell-Martin,Wholesaler,Saxony,Online,2025-01-27,504.8,0.84,424.03,33.27,318.96,71.8,22.64,0.93,-0.09
3701,2101,Wheat,Emmer,Lopez-Mccoy,Wholesaler,Hesse,Online,2025-01-09,408.8,0.36,147.17,6.5,114.64,26.03,15.81,0.4,-0.04
3702,13167,Potato,Red,"Green, Garcia and Stephenson",Exporter,Brandenburg,Online,2025-01-17,966.1,0.81,782.54,39.23,717.18,26.13,24.0,0.8,0.01
3703,12999,Wheat,Durum,Watson LLC,Retailer,Saxony,Cooperative,2025-05-05,400.0,0.8,320.0,13.12,277.68,29.2,10.0,0.76,0.04
3704,10916,Barley,Hulled,Gibson-Curtis,Wholesaler,Hesse,Direct,2025-05-05,818.4,0.39,319.18,32.05,229.82,57.31,11.29,0.36,0.03
3705,2274,Soybean,Yellow,"Williams, Johnson and Cabrera",Wholesaler,Brandenburg,Online,2025-03-18,522.7,0.82,428.61,4.55,386.42,37.64,7.81,0.76,0.06
3706,8628,Wheat,Durum,"Mitchell, Bishop and Baker",Retailer,Bavaria,Direct,2025-05-05,1037.4,1.02,1058.15,28.77,1011.46,17.92,19.41,1.07,-0.05
3707,7731,Potato,Red,"Miller, Grant and Rodriguez",Wholesaler,Brandenburg,Online,2025-05-04,1248.0,0.39,486.72,30.27,388.47,67.98,6.19,0.4,-0.01
3708,11925,Wheat,Durum,"Frank, Guzman and Mejia",Exporter,Brandenburg,Direct,2025-05-04,1594.4,1.24,1977.06,41.22,1863.83,72.01,9.49,1.21,0.03
3709,14987,Barley,Hulless,"Weaver, Blackburn and Daniel",Wholesaler,Hesse,Online,2025-03-22,335.0,1.04,348.4,39.72,289.96,18.72,21.58,1.15,-0.11
3710,14224,Potato,Russet,"Cook, Schmidt and May",Wholesaler,Lower Saxony,Cooperative,2025-05-05,806.2,1.12,902.94,44.02,779.54,79.38,15.29,1.15,-0.03
3711,10307,Wheat,Durum,Moore PLC,Exporter,Hesse,Direct,2025-04-28,305.3,0.63,192.34,18.29,138.03,36.02,12.5,0.62,0.01
3712,10249,Soybean,Yellow,"Martin, David and Dickerson",Retailer,Hesse,Cooperative,2024-05-03,1821.7,1.16,2113.17,5.57,2011.83,95.77,7.67,1.06,0.1
3713,14785,Corn,Sweet,"Alexander, Rogers and Snyder",Exporter,Bavaria,Online,2025-02-10,752.4,1.32,993.17,41.7,940.24,11.23,9.72,1.39,-0.07
3714,9448,Wheat,Durum,Morris Group,Wholesaler,Brandenburg,Direct,2025-02-24,803.2,0.81,650.59,2.62,563.24,84.73,5.08,0.85,-0.04
3715,738,Wheat,Emmer,"Hebert, Cooper and Cherry",Retailer,Bavaria,Online,2025-04-13,634.7,1.05,666.44,29.68,620.18,16.58,11.41,1.07,-0.02
3716,3731,Wheat,Emmer,Bishop-Reilly,Exporter,Saxony,Cooperative,2025-02-07,1982.8,1.02,2022.46,11.75,1921.65,89.06,5.76,1.06,-0.04
3717,5099,Soybean,Black,Larson-Henderson,Exporter,Bavaria,Direct,2024-02-08,331.1,0.86,284.75,37.31,233.34,14.1,9.61,0.92,-0.06
3718,13182,Wheat,Durum,Ramsey-Reyes,Exporter,Saxony,Direct,2024-11-17,1933.5,0.32,618.72,47.68,478.68,92.36,15.14,0.35,-0.03
3719,6692,Barley,Hulless,"Chen, Foster and Green",Retailer,Saxony,Online,2025-05-05,481.3,0.69,332.1,18.15,287.34,26.61,18.61,0.74,-0.05
3720,4829,Soybean,Yellow,"Rivera, Smith and Porter",Exporter,Hesse,Online,2025-05-05,1074.4,0.42,451.25,38.68,336.92,75.65,19.26,0.41,0.01
3721,943,Barley,Hulled,"Harrison, Berry and Baxter",Exporter,Brandenburg,Cooperative,2025-02-09,1568.7,0.82,1286.33,14.86,1217.65,53.82,8.51,0.8,0.02
3722,6452,Potato,Red,Contreras-Williams,Retailer,Bavaria,Cooperative,2024-09-22,899.8,1.38,1241.72,1.95,1181.73,58.04,22.75,1.33,0.05
3723,8504,Corn,Dent,Clark-Conrad,Wholesaler,Bavaria,Direct,2024-06-19,531.2,0.88,467.46,25.35,400.97,41.14,14.31,0.92,-0.04
3724,9873,Wheat,Emmer,Thompson and Sons,Wholesaler,Brandenburg,Cooperative,2025-05-05,1691.8,0.45,761.31,16.83,708.06,36.42,23.15,0.41,0.04
3725,8309,Barley,Hulled,Smith-Prince,Exporter,Lower Saxony,Direct,2025-04-01,1109.9,0.57,632.64,39.03,495.29,98.32,13.94,0.62,-0.05
3726,11360,Corn,Sweet,Crawford PLC,Exporter,Hesse,Cooperative,2025-02-18,1188.6,1.26,1497.64,2.3,1425.06,70.28,22.33,1.17,0.09
3727,9892,Soybean,Black,George and Sons,Wholesaler,Saxony,Direct,2024-02-05,1050.7,1.17,1229.32,1.5,1203.55,24.27,6.95,1.18,-0.01
3728,14713,Corn,Dent,Santos Group,Retailer,Hesse,Online,2025-05-05,866.3,0.61,528.44,25.1,435.11,68.23,9.77,0.65,-0.04
3729,2812,Corn,Sweet,Brown-Camacho,Exporter,Bavaria,Cooperative,2025-05-05,1931.5,1.49,2877.94,15.15,2786.0,76.79,10.14,1.36,0.13
3730,14359,Soybean,Yellow,Sosa and Sons,Wholesaler,Hesse,Direct,2025-05-05,1456.6,1.55,2257.73,18.11,2198.94,40.68,20.7,1.41,0.14
3731,620,Barley,Hulled,Baker PLC,Wholesaler,Brandenburg,Online,2024-08-02,1750.9,1.09,1908.48,13.77,1840.89,53.82,15.38,1.06,0.03
3732,7835,Wheat,Durum,Davis and Sons,Exporter,Bavaria,Direct,2025-05-05,1200.1,0.47,564.05,9.72,463.41,90.92,23.06,0.5,-0.03
3733,6005,Wheat,Emmer,Salazar-Johnson,Wholesaler,Saxony,Online,2025-01-09,1947.8,0.61,1188.16,3.78,1085.45,98.93,9.14,0.67,-0.06
3734,2240,Corn,Sweet,Patel-Davis,Retailer,Hesse,Online,2025-04-18,1082.1,0.87,941.43,27.4,858.94,55.09,12.31,0.95,-0.08
3735,13138,Corn,Sweet,Rodgers-Atkins,Exporter,Hesse,Direct,2025-01-26,523.3,0.6,313.98,29.8,194.9,89.28,21.5,0.65,-0.05
3736,6799,Corn,Dent,Vasquez-Schwartz,Wholesaler,Bavaria,Online,2024-12-14,250.7,0.97,243.18,0.23,164.38,78.57,5.46,0.98,-0.01
3737,13740,Soybean,Yellow,"Garrett, Gonzalez and Little",Wholesaler,Saxony,Direct,2024-02-09,866.5,0.41,355.26,43.76,271.88,39.62,9.88,0.37,0.04
3738,9336,Barley,Hulled,Rhodes Ltd,Retailer,Hesse,Online,2024-11-27,1057.1,1.44,1522.22,42.27,1414.28,65.67,15.65,1.43,0.01
3739,7745,Corn,Sweet,"Kelly, Nelson and Olson",Retailer,Brandenburg,Online,2024-12-25,645.0,0.61,393.45,44.26,276.67,72.52,17.38,0.62,-0.01
3740,6365,Potato,Red,Pittman-Proctor,Wholesaler,Lower Saxony,Direct,2023-11-07,1129.7,1.33,1502.5,25.4,1429.22,47.88,21.29,1.38,-0.05
3741,12464,Corn,Dent,Smith-Ramirez,Wholesaler,Brandenburg,Cooperative,2025-04-23,1244.9,1.23,1531.23,25.19,1476.57,29.47,19.99,1.34,-0.11
3742,6334,Soybean,Yellow,Clarke-Jackson,Exporter,Hesse,Cooperative,2024-09-27,1596.4,0.57,909.95,29.98,808.89,71.08,17.32,0.56,0.01
3743,13713,Potato,Red,"Anderson, Hill and Nunez",Wholesaler,Lower Saxony,Direct,2024-09-28,398.7,0.97,386.74,45.08,304.65,37.01,10.13,1.02,-0.05
3744,4954,Wheat,Durum,Marquez Ltd,Exporter,Brandenburg,Cooperative,2024-12-31,1401.3,1.43,2003.86,6.05,1902.32,95.49,24.45,1.36,0.07
3745,13305,Soybean,Black,"Jenkins, Douglas and Thomas",Exporter,Saxony,Direct,2024-10-19,1431.7,1.48,2118.92,22.6,2041.39,54.93,13.92,1.49,-0.01
3746,10488,Potato,Red,Bolton-Walsh,Exporter,Lower Saxony,Direct,2024-12-27,1626.0,1.02,1658.52,38.84,1592.77,26.91,17.78,1.06,-0.04
3747,14270,Potato,Red,Anderson Group,Wholesaler,Brandenburg,Online,2025-02-14,1808.3,0.38,687.15,18.35,578.15,90.65,19.04,0.37,0.01
3748,4293,Soybean,Yellow,Clarke Group,Retailer,Lower Saxony,Direct,2024-07-19,1556.7,0.94,1463.3,17.15,1404.11,42.04,8.12,0.93,0.01
3749,10978,Barley,Hulless,Blair LLC,Wholesaler,Lower Saxony,Cooperative,2025-03-06,1203.2,1.48,1780.74,4.66,1721.83,54.25,22.27,1.46,0.02
3750,3299,Soybean,Yellow,"Smith, Ruiz and Hill",Wholesaler,Lower Saxony,Cooperative,2024-11-23,1639.7,0.43,705.07,23.38,585.77,95.92,24.82,0.42,0.01
3751,1666,Corn,Sweet,Hawkins-Smith,Retailer,Saxony,Cooperative,2025-03-08,1565.1,0.55,860.8,31.2,753.48,76.12,13.56,0.56,-0.01
3752,598,Corn,Dent,Villanueva-Thomas,Retailer,Saxony,Direct,2025-01-31,1453.6,0.61,886.7,4.03,850.87,31.8,24.56,0.59,0.02
3753,11243,Corn,Dent,Newman-Dickson,Wholesaler,Hesse,Online,2025-05-05,1724.3,0.6,1034.58,10.19,936.86,87.53,21.97,0.57,0.03
3754,762,Soybean,Black,"Craig, Mcclure and Lane",Wholesaler,Lower Saxony,Direct,2025-03-04,1209.6,1.26,1524.1,12.93,1465.61,45.56,12.93,1.21,0.05
3755,14618,Corn,Dent,Moore-Rose,Wholesaler,Lower Saxony,Direct,2024-08-19,796.3,1.25,995.38,30.46,893.4,71.52,24.25,1.28,-0.03
3756,7640,Barley,Hulless,"Hester, Flores and Ferguson",Retailer,Saxony,Direct,2024-07-11,1306.7,0.38,496.55,28.92,376.19,91.44,15.0,0.42,-0.04
3757,10782,Barley,Hulled,"Long, Mendez and Robinson",Retailer,Bavaria,Cooperative,2024-12-29,1129.4,1.1,1242.34,26.85,1197.19,18.3,15.31,1.2,-0.1
3758,14880,Soybean,Black,Jones-Edwards,Exporter,Brandenburg,Online,2025-01-07,1895.5,1.57,2975.94,24.63,2892.03,59.28,5.49,1.47,0.1
3759,3647,Barley,Hulled,Sandoval-Swanson,Exporter,Brandenburg,Cooperative,2025-05-05,589.3,1.54,907.52,33.39,801.17,72.96,23.26,1.44,0.1
3760,13779,Corn,Dent,Fisher LLC,Wholesaler,Lower Saxony,Online,2024-10-14,1307.6,0.48,627.65,18.5,525.0,84.15,20.01,0.44,0.04
3761,362,Barley,Hulless,Brown and Sons,Wholesaler,Bavaria,Cooperative,2024-04-10,1486.2,0.61,906.58,0.69,871.63,34.26,5.58,0.63,-0.02
3762,7312,Barley,Hulless,Delgado Ltd,Retailer,Bavaria,Direct,2024-08-20,1794.9,1.49,2674.4,36.44,2587.0,50.96,8.21,1.41,0.08
3763,5778,Potato,Red,Powell Ltd,Wholesaler,Brandenburg,Online,2025-03-07,1491.4,1.35,2013.39,37.82,1963.11,12.46,19.0,1.23,0.12
3764,12738,Corn,Sweet,"Jordan, Williams and Valenzuela",Exporter,Lower Saxony,Cooperative,2024-08-25,1286.1,0.63,810.24,10.38,741.96,57.9,18.42,0.67,-0.04
3765,5563,Barley,Hulled,"Jackson, Moore and Thomas",Wholesaler,Brandenburg,Direct,2025-05-05,597.8,0.56,334.77,0.04,236.18,98.55,19.24,0.62,-0.06
3766,7509,Soybean,Yellow,Hogan-Martinez,Wholesaler,Saxony,Direct,2024-07-30,1684.3,1.05,1768.52,10.43,1661.72,96.37,14.83,1.1,-0.05
3767,11551,Soybean,Black,Hart-Mercer,Wholesaler,Bavaria,Direct,2025-01-20,385.4,0.98,377.69,0.16,359.44,18.09,20.81,1.01,-0.03
3768,6209,Potato,Red,"Adkins, Mcclure and Chang",Retailer,Hesse,Cooperative,2025-05-05,1361.9,0.43,585.62,7.99,552.01,25.62,17.89,0.4,0.03
3769,3882,Soybean,Yellow,"Novak, Cruz and Henson",Exporter,Lower Saxony,Direct,2025-04-08,517.0,0.39,201.63,25.73,110.62,65.28,18.09,0.37,0.02
3770,1815,Barley,Hulless,Torres-Collier,Retailer,Lower Saxony,Direct,2025-03-29,1285.5,1.17,1504.04,20.11,1397.08,86.85,11.53,1.14,0.03
3771,6565,Barley,Hulless,Powell-Lee,Exporter,Hesse,Direct,2024-07-27,1538.1,0.45,692.14,16.71,660.31,15.12,18.36,0.45,0.0
3772,13286,Barley,Hulless,Haley-Garrett,Retailer,Hesse,Online,2025-03-10,514.9,1.42,731.16,23.56,636.75,70.85,12.71,1.41,0.01
3773,8701,Soybean,Black,Lyons Ltd,Wholesaler,Bavaria,Direct,2024-09-21,1831.5,1.0,1831.5,17.29,1759.34,54.87,8.76,0.98,0.02
3774,2977,Potato,Russet,Calderon-Carson,Retailer,Lower Saxony,Cooperative,2025-04-21,1850.8,1.32,2443.06,27.3,2316.46,99.3,23.12,1.3,0.02
3775,9587,Corn,Dent,Lamb Group,Retailer,Saxony,Cooperative,2024-11-18,230.3,1.24,285.57,43.81,196.2,45.56,18.83,1.21,0.03
3776,10193,Barley,Hulled,"Cox, Bass and Juarez",Wholesaler,Hesse,Online,2024-03-18,517.7,0.74,383.1,18.94,333.01,31.15,21.8,0.76,-0.02
3777,8939,Potato,Red,"Hudson, Hill and Walker",Wholesaler,Lower Saxony,Cooperative,2025-03-12,258.4,0.48,124.03,6.39,42.29,75.35,22.86,0.47,0.01
3778,14372,Barley,Hulless,"Huang, Price and Li",Retailer,Hesse,Direct,2025-03-01,1987.0,0.59,1172.33,41.69,1035.51,95.13,17.68,0.61,-0.02
3779,11307,Barley,Hulless,Andrade-Kemp,Wholesaler,Lower Saxony,Direct,2024-12-19,855.1,1.22,1043.22,48.43,962.58,32.21,14.84,1.22,0.0
3780,14908,Corn,Sweet,"Cunningham, Sandoval and Jacobs",Wholesaler,Saxony,Online,2025-04-10,1130.4,1.53,1729.51,36.76,1641.04,51.71,7.51,1.44,0.09
3781,935,Wheat,Emmer,Bautista-Jacobs,Wholesaler,Hesse,Online,2024-10-23,997.3,0.34,339.08,30.17,297.65,11.26,18.86,0.31,0.03
3782,8520,Wheat,Durum,Skinner PLC,Wholesaler,Hesse,Online,2024-05-09,876.3,0.85,744.85,40.14,674.41,30.3,16.17,0.93,-0.08
3783,11822,Potato,Russet,Anderson Ltd,Wholesaler,Saxony,Online,2025-01-01,394.8,0.81,319.79,47.96,220.96,50.87,11.47,0.89,-0.08
3784,8489,Potato,Russet,Walsh LLC,Exporter,Lower Saxony,Cooperative,2025-04-07,1205.3,0.48,578.54,15.4,508.46,54.68,15.81,0.53,-0.05
3785,4706,Potato,Red,Stephenson-Thompson,Wholesaler,Lower Saxony,Cooperative,2025-01-25,1546.8,1.06,1639.61,9.7,1565.7,64.21,10.73,1.17,-0.11
3786,7622,Wheat,Durum,Stanley-Miller,Retailer,Hesse,Online,2025-05-05,714.9,1.21,865.03,12.61,777.8,74.62,9.87,1.23,-0.02
3787,11878,Wheat,Emmer,Carpenter-Carpenter,Exporter,Lower Saxony,Direct,2024-08-14,847.4,0.84,711.82,32.85,657.19,21.78,11.35,0.88,-0.04
3788,584,Soybean,Yellow,Harper and Sons,Wholesaler,Saxony,Cooperative,2024-05-04,513.2,0.63,323.32,40.26,217.54,65.52,10.34,0.64,-0.01
3789,1223,Barley,Hulless,"Moreno, Taylor and Collins",Wholesaler,Saxony,Direct,2025-05-05,1310.4,0.4,524.16,33.0,477.83,13.33,18.52,0.4,0.0
3790,12796,Soybean,Black,Walters Ltd,Exporter,Saxony,Cooperative,2024-12-07,1264.9,1.15,1454.64,10.37,1359.55,84.72,19.12,1.09,0.06
3791,2732,Barley,Hulless,Cox Group,Wholesaler,Brandenburg,Cooperative,2024-10-31,1964.7,0.63,1237.76,13.08,1139.6,85.08,7.24,0.66,-0.03
3792,1005,Barley,Hulled,Robinson Group,Retailer,Lower Saxony,Direct,2024-11-02,1482.8,0.32,474.5,38.49,392.65,43.36,5.89,0.33,-0.01
3793,10991,Corn,Dent,"Marshall, Moss and Wells",Wholesaler,Hesse,Direct,2025-04-27,1394.8,0.53,739.24,10.45,633.48,95.31,8.63,0.5,0.03
3794,8863,Soybean,Yellow,Griffin-Adams,Exporter,Bavaria,Direct,2025-04-17,1116.5,0.31,346.12,25.16,248.88,72.08,8.67,0.31,0.0
3795,7154,Wheat,Durum,Woods and Sons,Wholesaler,Brandenburg,Online,2025-04-17,233.5,1.22,284.87,28.26,173.56,83.05,20.36,1.32,-0.1
3796,13195,Wheat,Emmer,"Watson, Andrews and Harris",Exporter,Hesse,Direct,2025-04-25,1848.1,0.94,1737.21,36.28,1628.04,72.89,8.59,0.99,-0.05
3797,1655,Corn,Sweet,"Knight, Meyer and Harrell",Exporter,Lower Saxony,Direct,2024-11-19,1751.4,1.23,2154.22,47.79,2040.31,66.12,20.18,1.35,-0.12
3798,1055,Corn,Sweet,Hardy-Gray,Exporter,Hesse,Cooperative,2024-10-30,1777.0,0.63,1119.51,15.55,1069.46,34.5,12.62,0.67,-0.04
3799,7783,Soybean,Yellow,Murray and Sons,Exporter,Hesse,Direct,2024-10-18,378.1,0.52,196.61,29.35,152.28,14.98,8.19,0.54,-0.02
3800,3820,Potato,Red,"Sherman, Murillo and Jackson",Exporter,Saxony,Online,2025-02-24,1413.0,0.62,876.06,0.81,796.67,78.58,15.48,0.57,0.05
3801,6068,Corn,Sweet,George-Torres,Exporter,Lower Saxony,Cooperative,2025-03-01,761.0,0.66,502.26,49.45,407.22,45.59,7.32,0.7,-0.04
3802,14668,Potato,Russet,Henry PLC,Exporter,Lower Saxony,Cooperative,2024-12-13,1514.1,1.08,1635.23,18.94,1571.45,44.84,6.3,1.12,-0.04
3803,8119,Corn,Dent,"Saunders, Carr and Lyons",Exporter,Hesse,Direct,2025-01-25,934.3,1.21,1130.5,6.31,1066.22,57.97,8.1,1.29,-0.08
3804,13999,Corn,Dent,Powell LLC,Exporter,Hesse,Online,2025-05-04,874.8,1.22,1067.26,26.9,988.98,51.38,11.47,1.3,-0.08
3805,2156,Soybean,Black,"Bartlett, Wright and Robles",Exporter,Lower Saxony,Online,2025-05-05,1421.0,1.42,2017.82,26.67,1976.64,14.51,20.04,1.41,0.01
3806,8086,Wheat,Emmer,Bright and Sons,Retailer,Bavaria,Online,2025-01-12,1748.5,0.32,559.52,47.94,428.35,83.23,18.53,0.33,-0.01
3807,14202,Soybean,Yellow,"Young, Hill and Romero",Wholesaler,Hesse,Online,2025-05-05,1472.7,1.46,2150.14,44.44,2027.25,78.45,7.19,1.48,-0.02
3808,12313,Corn,Dent,"Fields, Little and Porter",Wholesaler,Saxony,Online,2025-05-05,1794.9,0.5,897.45,16.28,794.96,86.21,6.48,0.5,0.0
3809,11675,Wheat,Emmer,"Thomas, Page and Curry",Exporter,Bavaria,Online,2024-11-20,831.5,0.85,706.78,29.72,584.57,92.49,9.45,0.81,0.04
3810,10338,Corn,Sweet,"Valencia, Delgado and Valentine",Retailer,Bavaria,Online,2024-05-10,1690.5,1.2,2028.6,1.19,1967.58,59.83,18.18,1.28,-0.08
3811,6741,Potato,Red,Lowery-Wood,Exporter,Lower Saxony,Direct,2024-06-03,1655.8,0.38,629.2,41.8,519.41,67.99,21.62,0.38,0.0
3812,10879,Potato,Red,Porter Inc,Retailer,Saxony,Direct,2024-07-19,538.9,0.86,463.45,48.17,390.92,24.36,9.9,0.91,-0.05
3813,12651,Soybean,Black,Washington-White,Retailer,Lower Saxony,Cooperative,2025-01-03,636.5,1.11,706.52,17.1,626.67,62.75,16.03,1.17,-0.06
3814,5867,Soybean,Black,Logan-Rice,Wholesaler,Brandenburg,Cooperative,2024-11-21,646.8,0.75,485.1,37.32,354.36,93.42,17.1,0.82,-0.07
3815,6436,Soybean,Black,King Inc,Wholesaler,Saxony,Online,2024-09-06,803.2,1.42,1140.54,48.64,1044.86,47.04,23.28,1.43,-0.01
3816,7746,Corn,Dent,"Melton, Moore and Smith",Retailer,Lower Saxony,Cooperative,2025-05-05,1935.8,0.88,1703.5,37.8,1605.06,60.64,9.47,0.91,-0.03
3817,14186,Potato,Russet,Williams Inc,Retailer,Brandenburg,Cooperative,2024-12-31,365.5,0.43,157.16,16.59,61.05,79.52,13.46,0.45,-0.02
3818,8158,Barley,Hulless,"Berg, Taylor and Bell",Retailer,Hesse,Direct,2025-04-24,1273.0,0.59,751.07,13.67,694.8,42.6,9.29,0.64,-0.05
3819,3300,Soybean,Yellow,Pennington PLC,Exporter,Lower Saxony,Direct,2025-05-05,1152.2,0.41,472.4,33.15,350.51,88.74,12.45,0.41,0.0
3820,5787,Barley,Hulled,Thomas-Monroe,Exporter,Bavaria,Online,2025-05-05,1836.7,0.57,1046.92,12.21,999.14,35.57,24.18,0.62,-0.05
3821,8384,Corn,Dent,"Calhoun, Jones and Williams",Wholesaler,Hesse,Online,2025-04-12,390.7,0.66,257.86,35.31,163.12,59.43,20.4,0.61,0.05
3822,2276,Soybean,Yellow,Lutz and Sons,Retailer,Brandenburg,Online,2025-05-04,369.8,0.73,269.95,32.81,185.69,51.45,16.1,0.71,0.02
3823,5492,Soybean,Yellow,Scott Group,Exporter,Saxony,Cooperative,2024-03-18,464.6,0.47,218.36,46.84,153.62,17.9,9.02,0.47,0.0
3824,14577,Soybean,Black,Clark-Love,Exporter,Lower Saxony,Online,2024-12-04,281.8,0.89,250.8,4.77,157.62,88.41,24.59,0.88,0.01
3825,13298,Barley,Hulled,Davis LLC,Wholesaler,Lower Saxony,Online,2024-05-19,397.9,1.52,604.81,26.53,510.89,67.39,18.86,1.4,0.12
3826,8871,Wheat,Emmer,Stanley-Pittman,Retailer,Bavaria,Online,2025-05-05,805.7,0.64,515.65,20.11,402.83,92.71,18.16,0.63,0.01
3827,8974,Soybean,Yellow,French Group,Exporter,Lower Saxony,Online,2024-11-16,1702.1,1.35,2297.84,0.84,2255.57,41.43,11.03,1.31,0.04
3828,11911,Wheat,Emmer,Morgan and Sons,Wholesaler,Brandenburg,Direct,2025-05-02,444.4,0.45,199.98,5.3,148.26,46.42,10.72,0.41,0.04
3829,11111,Corn,Dent,"Little, Nelson and Rasmussen",Exporter,Hesse,Cooperative,2025-04-08,1362.2,0.54,735.59,45.5,626.71,63.38,5.18,0.58,-0.04
3830,10974,Soybean,Yellow,Mosley-Flores,Exporter,Saxony,Direct,2024-11-09,1024.5,0.96,983.52,39.21,860.06,84.25,9.32,1.04,-0.08
3831,9317,Corn,Dent,"Morgan, Porter and Thompson",Exporter,Hesse,Direct,2024-12-15,1400.6,0.39,546.23,19.14,495.75,31.34,15.32,0.37,0.02
3832,2434,Wheat,Emmer,"Lyons, King and Barber",Exporter,Lower Saxony,Direct,2025-02-01,283.0,0.51,144.33,10.34,123.2,10.79,22.22,0.53,-0.02
3833,1503,Soybean,Yellow,Brown-Martinez,Wholesaler,Hesse,Cooperative,2025-05-05,688.6,0.33,227.24,37.97,166.15,23.12,17.41,0.31,0.02
3834,5269,Soybean,Yellow,Black Group,Retailer,Lower Saxony,Cooperative,2025-04-25,1449.6,1.41,2043.94,21.85,1978.92,43.17,24.04,1.29,0.12
3835,691,Potato,Russet,"Robinson, Lee and Shannon",Wholesaler,Lower Saxony,Cooperative,2025-05-04,227.1,0.5,113.55,1.55,25.35,86.65,24.72,0.47,0.03
3836,8588,Potato,Russet,"Mueller, Burnett and Lane",Wholesaler,Brandenburg,Direct,2024-09-20,600.0,0.97,582.0,25.67,504.39,51.94,9.35,1.02,-0.05
3837,13641,Corn,Sweet,Floyd-Burns,Retailer,Saxony,Cooperative,2024-10-26,1540.0,0.67,1031.8,18.25,928.38,85.17,7.8,0.73,-0.06
3838,2115,Potato,Russet,Gay-Harvey,Wholesaler,Hesse,Direct,2024-11-07,879.1,0.54,474.71,17.51,378.53,78.67,18.08,0.59,-0.05
3839,11115,Potato,Red,"Miller, Barnes and Mcbride",Retailer,Brandenburg,Direct,2024-10-15,1107.4,1.16,1284.58,31.54,1200.86,52.18,17.69,1.1,0.06
3840,10776,Potato,Russet,Wiggins-Martinez,Retailer,Brandenburg,Cooperative,2024-09-08,1935.1,0.69,1335.22,40.01,1200.01,95.2,16.72,0.74,-0.05
3841,10330,Soybean,Yellow,Moreno Inc,Wholesaler,Hesse,Cooperative,2024-09-19,1955.4,1.25,2444.25,39.15,2349.85,55.25,17.08,1.38,-0.13
3842,13155,Wheat,Durum,Johnson and Sons,Wholesaler,Lower Saxony,Online,2024-07-07,1657.0,0.81,1342.17,20.25,1230.83,91.09,13.5,0.78,0.03
3843,8723,Wheat,Emmer,"Mason, Howard and Richardson",Retailer,Lower Saxony,Online,2024-07-04,983.9,1.37,1347.94,35.56,1224.35,88.03,8.64,1.49,-0.12
3844,2791,Barley,Hulless,"Bowman, Baker and Munoz",Retailer,Saxony,Online,2025-04-17,1480.2,0.78,1154.56,27.51,1050.35,76.7,16.26,0.81,-0.03
3845,14241,Barley,Hulled,Johnson PLC,Wholesaler,Bavaria,Online,2025-02-14,1828.3,1.28,2340.22,31.79,2251.12,57.31,16.12,1.19,0.09
3846,8583,Soybean,Black,Lane and Sons,Wholesaler,Saxony,Direct,2025-02-13,471.1,0.52,244.97,45.97,108.97,90.03,6.29,0.53,-0.01
3847,10759,Wheat,Emmer,"Hale, Nicholson and Jones",Wholesaler,Brandenburg,Direct,2025-04-22,1015.2,1.09,1106.57,30.44,1059.58,16.55,24.6,1.04,0.05
3848,8362,Potato,Russet,"Jackson, Richardson and Brown",Retailer,Bavaria,Cooperative,2024-08-29,1153.1,0.92,1060.85,47.51,930.26,83.08,18.12,0.96,-0.04
3849,14121,Corn,Dent,"French, Jackson and Russell",Retailer,Saxony,Direct,2024-06-13,938.6,1.31,1229.57,32.43,1154.52,42.62,13.39,1.43,-0.12
3850,7402,Potato,Red,Walters and Sons,Retailer,Bavaria,Online,2024-05-09,1742.6,1.44,2509.34,49.49,2430.96,28.89,14.27,1.41,0.03
3851,383,Wheat,Emmer,Snyder LLC,Wholesaler,Hesse,Direct,2024-07-13,251.6,0.66,166.06,6.07,130.6,29.39,20.27,0.68,-0.02
3852,13609,Wheat,Durum,Davis Group,Wholesaler,Brandenburg,Cooperative,2025-03-02,1693.3,0.97,1642.5,21.03,1595.65,25.82,18.92,0.93,0.04
3853,6623,Potato,Red,Schmitt and Sons,Wholesaler,Lower Saxony,Cooperative,2025-04-03,1665.2,0.53,882.56,39.87,805.56,37.13,21.1,0.51,0.02
3854,8434,Barley,Hulled,"Berger, Conrad and Brown",Wholesaler,Hesse,Online,2025-05-05,1944.5,0.81,1575.04,35.16,1513.2,26.68,21.53,0.89,-0.08
3855,13975,Wheat,Emmer,Clark-Murray,Wholesaler,Saxony,Direct,2025-05-05,880.7,1.44,1268.21,47.77,1202.28,18.16,24.78,1.37,0.07
3856,8222,Potato,Russet,"Shelton, Robertson and Coleman",Exporter,Lower Saxony,Online,2024-03-11,371.6,1.42,527.67,47.09,417.96,62.62,14.08,1.45,-0.03
3857,6143,Corn,Dent,Lane Ltd,Wholesaler,Hesse,Online,2025-05-05,1979.6,1.03,2038.99,2.25,1978.85,57.89,15.69,1.04,-0.01
3858,10069,Corn,Dent,"Mcbride, Spencer and Warner",Retailer,Lower Saxony,Online,2024-11-28,1828.0,0.41,749.48,22.79,698.6,28.09,9.44,0.42,-0.01
3859,10117,Wheat,Durum,Bowman-Larson,Exporter,Saxony,Direct,2024-09-07,688.3,0.65,447.4,25.05,373.07,49.28,15.69,0.63,0.02
3860,179,Wheat,Emmer,Tyler-Lawson,Retailer,Bavaria,Online,2025-02-17,433.7,0.84,364.31,46.68,260.43,57.2,6.41,0.77,0.07
3861,1339,Wheat,Durum,Hicks-Crawford,Exporter,Bavaria,Cooperative,2023-11-28,1154.6,1.27,1466.34,17.67,1367.61,81.06,14.43,1.33,-0.06
3862,436,Potato,Red,Robinson Group,Exporter,Lower Saxony,Cooperative,2024-12-01,1732.2,0.74,1281.83,28.36,1188.91,64.56,19.5,0.79,-0.05
3863,10767,Soybean,Black,Clark-Rodriguez,Wholesaler,Hesse,Direct,2024-12-05,1015.4,0.8,812.32,47.63,675.76,88.93,23.99,0.76,0.04
3864,1795,Corn,Sweet,Smith Group,Retailer,Brandenburg,Online,2025-02-20,1671.3,0.64,1069.63,20.22,1028.63,20.78,12.52,0.63,0.01
3865,10997,Wheat,Emmer,Howell PLC,Retailer,Lower Saxony,Cooperative,2025-05-05,1231.5,0.64,788.16,32.03,710.85,45.28,9.36,0.59,0.05
3866,12673,Wheat,Durum,Hunt-Choi,Exporter,Lower Saxony,Direct,2024-07-25,637.5,1.41,898.88,34.87,844.86,19.15,23.7,1.39,0.02
3867,1642,Potato,Russet,Cummings-Brown,Exporter,Saxony,Online,2024-10-01,975.2,1.27,1238.5,10.67,1170.34,57.49,7.38,1.18,0.09
3868,13479,Corn,Sweet,Miller-Strong,Retailer,Hesse,Direct,2025-05-05,1655.0,1.26,2085.3,31.52,2039.78,14.0,19.74,1.29,-0.03
3869,9231,Wheat,Durum,"Graves, Conley and Pace",Exporter,Lower Saxony,Direct,2025-05-02,435.9,0.4,174.36,44.01,57.35,73.0,16.17,0.37,0.03
3870,4088,Wheat,Emmer,Lewis-Smith,Wholesaler,Brandenburg,Cooperative,2025-05-05,1479.5,0.75,1109.62,33.88,1062.35,13.39,12.05,0.81,-0.06
3871,14744,Wheat,Emmer,Jones Group,Wholesaler,Saxony,Cooperative,2025-03-10,883.4,0.62,547.71,40.31,465.66,41.74,12.86,0.66,-0.04
3872,924,Potato,Red,Clark-Nguyen,Wholesaler,Bavaria,Online,2025-04-15,570.6,0.94,536.36,5.64,486.3,44.42,5.93,1.01,-0.07
3873,4253,Wheat,Durum,Andrews LLC,Retailer,Lower Saxony,Direct,2025-05-05,1617.2,0.36,582.19,43.53,474.18,64.48,12.11,0.4,-0.04
3874,10526,Soybean,Black,Marshall Ltd,Exporter,Lower Saxony,Direct,2025-03-17,1933.4,1.1,2126.74,44.01,2060.21,22.52,15.46,1.17,-0.07
3875,758,Wheat,Durum,Zhang Group,Wholesaler,Saxony,Direct,2025-04-22,534.3,0.56,299.21,5.01,245.81,48.39,23.69,0.55,0.01
3876,5168,Wheat,Emmer,Cox PLC,Retailer,Hesse,Cooperative,2024-08-11,1692.4,0.97,1641.63,40.67,1522.06,78.9,22.18,0.93,0.04
3877,7374,Corn,Sweet,Williams PLC,Retailer,Hesse,Cooperative,2025-02-08,944.5,1.41,1331.74,30.71,1215.39,85.64,12.38,1.42,-0.01
3878,11588,Corn,Dent,Lee-Wells,Wholesaler,Lower Saxony,Online,2024-04-28,923.7,0.36,332.53,3.64,233.61,95.28,20.66,0.36,0.0
3879,14273,Potato,Russet,Rollins Ltd,Wholesaler,Saxony,Cooperative,2024-01-15,487.5,1.33,648.38,33.83,566.26,48.29,6.93,1.24,0.09
3880,8560,Potato,Red,Rogers LLC,Wholesaler,Bavaria,Cooperative,2025-03-17,317.2,1.32,418.7,23.89,333.45,61.36,10.05,1.33,-0.01
3881,13395,Wheat,Durum,Jacobson Group,Wholesaler,Hesse,Online,2025-04-29,505.4,1.19,601.43,36.44,526.43,38.56,23.24,1.19,0.0
3882,8210,Barley,Hulled,Wise Ltd,Wholesaler,Brandenburg,Direct,2025-04-25,240.3,1.23,295.57,6.51,189.71,99.35,16.75,1.23,0.0
3883,2279,Barley,Hulless,Smith Inc,Wholesaler,Brandenburg,Online,2025-01-18,1190.7,0.67,797.77,25.49,710.65,61.63,11.4,0.68,-0.01
3884,2366,Barley,Hulless,Gallagher Inc,Retailer,Hesse,Online,2024-08-13,288.8,1.02,294.58,34.06,197.27,63.25,10.57,1.03,-0.01
3885,13188,Barley,Hulled,"Vargas, Tyler and Williamson",Exporter,Hesse,Cooperative,2024-02-14,1310.0,0.51,668.1,12.25,624.1,31.75,9.23,0.51,0.0
3886,2955,Wheat,Emmer,"Jones, Hart and Cross",Wholesaler,Brandenburg,Cooperative,2024-03-07,1499.5,0.58,869.71,4.57,799.71,65.43,15.76,0.6,-0.02
3887,12108,Soybean,Black,Wagner-Munoz,Wholesaler,Lower Saxony,Cooperative,2024-05-20,470.7,1.57,739.0,39.5,642.18,57.32,5.5,1.44,0.13
3888,11086,Soybean,Black,Hatfield-Poole,Wholesaler,Saxony,Online,2024-11-11,1646.6,0.81,1333.75,15.42,1238.85,79.48,5.02,0.74,0.07
3889,2416,Wheat,Emmer,Kim-Price,Wholesaler,Hesse,Cooperative,2024-11-03,1693.2,0.87,1473.08,18.71,1375.52,78.85,19.32,0.95,-0.08
3890,3879,Soybean,Yellow,"Riddle, Lowery and Cortez",Exporter,Brandenburg,Cooperative,2024-11-03,1026.2,1.56,1600.87,44.97,1522.13,33.77,17.52,1.49,0.07
3891,7903,Wheat,Emmer,"Jimenez, Lewis and Perry",Retailer,Hesse,Cooperative,2024-07-28,1736.0,0.76,1319.36,25.72,1246.64,47.0,21.66,0.76,0.0
3892,11508,Corn,Dent,King Ltd,Exporter,Hesse,Cooperative,2025-04-05,1462.4,1.1,1608.64,12.77,1530.66,65.21,10.84,1.16,-0.06
3893,6254,Barley,Hulless,Greene Ltd,Retailer,Brandenburg,Online,2024-05-20,841.9,0.92,774.55,33.33,718.24,22.98,12.16,0.85,0.07
3894,10509,Soybean,Black,Garcia-Johnson,Exporter,Bavaria,Cooperative,2025-04-21,1187.5,0.32,380.0,23.68,285.2,71.12,20.19,0.33,-0.01
3895,4530,Corn,Dent,"Hodge, Roberts and Miller",Exporter,Brandenburg,Direct,2024-03-29,1471.4,0.46,676.84,15.98,613.23,47.63,11.92,0.43,0.03
3896,4573,Potato,Russet,Rosario LLC,Retailer,Lower Saxony,Online,2025-04-22,1880.0,0.98,1842.4,36.46,1792.5,13.44,5.85,1.08,-0.1
3897,12563,Potato,Red,Garcia Ltd,Exporter,Bavaria,Direct,2025-03-27,988.2,1.07,1057.37,49.95,911.68,95.74,16.94,1.11,-0.04
3898,6405,Soybean,Yellow,Brown-Daniels,Retailer,Lower Saxony,Online,2024-11-09,1230.9,0.77,947.79,36.23,893.47,18.09,18.97,0.7,0.07
3899,14879,Corn,Dent,Frye Group,Wholesaler,Saxony,Cooperative,2025-01-21,1713.4,0.75,1285.05,1.87,1209.72,73.46,9.28,0.74,0.01
3900,2336,Wheat,Emmer,"Swanson, Jackson and Fleming",Wholesaler,Hesse,Direct,2024-09-30,343.2,1.07,367.22,24.26,264.68,78.28,11.5,1.01,0.06
3901,2549,Soybean,Black,Ortiz and Sons,Retailer,Bavaria,Direct,2025-03-23,390.9,1.02,398.72,15.29,292.92,90.51,17.24,1.07,-0.05
3902,1707,Potato,Red,Nelson-Garza,Wholesaler,Hesse,Cooperative,2023-11-11,1503.0,1.39,2089.17,18.23,1992.53,78.41,6.6,1.3,0.09
3903,5071,Potato,Russet,Lewis and Sons,Exporter,Saxony,Direct,2025-05-05,1302.4,1.13,1471.71,7.95,1453.59,10.17,17.98,1.05,0.08
3904,10628,Potato,Russet,Hanson Group,Wholesaler,Brandenburg,Cooperative,2025-03-13,1433.5,1.2,1720.2,18.64,1642.96,58.6,10.93,1.16,0.04
3905,13742,Corn,Sweet,Velazquez-Martinez,Wholesaler,Bavaria,Direct,2025-03-17,1961.8,0.39,765.1,33.25,675.31,56.54,6.73,0.4,-0.01
3906,904,Barley,Hulled,"Mitchell, Evans and Garcia",Wholesaler,Lower Saxony,Online,2025-02-09,1534.6,1.31,2010.33,38.01,1917.35,54.97,17.22,1.31,0.0
3907,12675,Soybean,Yellow,Payne and Sons,Retailer,Saxony,Direct,2024-02-20,1750.7,0.61,1067.93,48.32,934.29,85.32,20.39,0.67,-0.06
3908,10772,Corn,Dent,"Kane, Mcgee and Powell",Retailer,Bavaria,Online,2025-04-21,1102.0,0.61,672.22,1.46,618.51,52.25,19.43,0.61,0.0
3909,6273,Corn,Dent,Orozco Ltd,Exporter,Saxony,Direct,2025-01-26,1881.1,0.66,1241.53,47.34,1168.91,25.28,17.56,0.66,0.0
3910,7921,Wheat,Emmer,Hurley LLC,Retailer,Lower Saxony,Direct,2024-06-25,1357.8,0.73,991.19,29.78,910.87,50.54,17.14,0.7,0.03
3911,8156,Soybean,Yellow,"Chan, Russell and Lambert",Wholesaler,Bavaria,Cooperative,2025-05-05,299.8,1.34,401.73,25.08,288.26,88.39,21.51,1.31,0.03
3912,9151,Corn,Dent,Blake-Morgan,Retailer,Brandenburg,Cooperative,2025-05-05,1139.4,0.79,900.13,36.55,826.64,36.94,24.61,0.8,-0.01
3913,5654,Potato,Russet,Bryant Group,Exporter,Saxony,Cooperative,2025-02-05,913.1,0.78,712.22,31.93,650.57,29.72,5.74,0.75,0.03
3914,10856,Corn,Dent,Richards-Middleton,Wholesaler,Saxony,Cooperative,2025-04-18,1403.7,1.14,1600.22,41.0,1486.43,72.79,14.92,1.11,0.03
3915,7546,Potato,Red,"Ford, Bowen and Alvarez",Exporter,Hesse,Cooperative,2025-04-16,1026.0,0.37,379.62,49.55,287.11,42.96,6.7,0.41,-0.04
3916,11977,Barley,Hulless,"Gordon, Chase and Hernandez",Exporter,Lower Saxony,Cooperative,2023-11-01,1757.3,0.84,1476.13,1.78,1396.99,77.36,9.27,0.78,0.06
3917,4267,Soybean,Yellow,"Pham, Patterson and Shaw",Retailer,Bavaria,Cooperative,2025-03-29,1701.3,1.1,1871.43,40.54,1769.34,61.55,14.86,1.13,-0.03
3918,13614,Corn,Sweet,Travis-Simmons,Retailer,Bavaria,Direct,2023-11-20,1772.0,0.84,1488.48,7.22,1419.89,61.37,19.01,0.91,-0.07
3919,13387,Barley,Hulless,Carter and Sons,Wholesaler,Bavaria,Cooperative,2025-05-05,621.1,0.34,211.17,38.21,155.66,17.3,8.64,0.35,-0.01
3920,14524,Soybean,Yellow,"Goodman, Townsend and Webster",Wholesaler,Saxony,Online,2025-05-05,1540.0,0.29,446.6,13.18,422.78,10.64,17.94,0.32,-0.03
3921,1531,Barley,Hulled,Strong-Banks,Retailer,Saxony,Direct,2025-02-28,615.8,1.44,886.75,40.66,766.46,79.63,6.8,1.32,0.12
3922,12367,Barley,Hulled,"Benjamin, Fitzpatrick and Wong",Exporter,Bavaria,Online,2025-04-21,802.8,0.85,682.38,1.24,585.22,95.92,10.0,0.84,0.01
3923,2322,Wheat,Emmer,Wilson-Morton,Retailer,Lower Saxony,Direct,2024-08-30,555.1,0.9,499.59,39.31,413.75,46.53,17.22,1.0,-0.1
3924,13671,Corn,Dent,Smith-Hawkins,Wholesaler,Saxony,Cooperative,2024-11-26,1489.3,0.46,685.08,40.49,564.04,80.55,8.06,0.49,-0.03
3925,11684,Wheat,Durum,"Martinez, Smith and Jones",Exporter,Lower Saxony,Cooperative,2025-03-12,1273.4,0.38,483.89,10.52,463.36,10.01,21.75,0.36,0.02
3926,7536,Soybean,Yellow,"Luna, Small and Clayton",Exporter,Bavaria,Online,2025-04-07,1307.2,1.26,1647.07,21.16,1612.31,13.6,5.37,1.3,-0.04
3927,8148,Soybean,Black,Fritz PLC,Wholesaler,Saxony,Direct,2023-12-01,783.6,0.99,775.76,28.98,666.04,80.74,7.84,0.95,0.04
3928,4922,Wheat,Emmer,"Bernard, Cole and Adams",Retailer,Saxony,Direct,2025-02-11,1810.8,1.06,1919.45,13.42,1829.91,76.12,17.31,0.98,0.08
3929,12195,Soybean,Black,Lopez-Jacobson,Wholesaler,Saxony,Cooperative,2025-03-23,569.1,1.19,677.23,43.24,547.83,86.16,9.26,1.22,-0.03
3930,9872,Soybean,Black,Morales PLC,Wholesaler,Lower Saxony,Online,2024-08-26,1386.5,0.89,1233.99,36.52,1146.74,50.73,11.96,0.94,-0.05
3931,3698,Barley,Hulled,"Hoover, Lewis and Clements",Wholesaler,Lower Saxony,Cooperative,2025-03-10,1110.7,1.38,1532.77,33.13,1439.42,60.22,21.38,1.44,-0.06
3932,12527,Soybean,Black,"Herman, Solomon and Hester",Wholesaler,Lower Saxony,Online,2025-04-25,1134.9,0.44,499.36,46.8,372.43,80.13,10.81,0.48,-0.04
3933,13906,Potato,Russet,"Clayton, Young and Reyes",Exporter,Saxony,Cooperative,2024-05-07,1639.9,0.58,951.14,32.1,834.07,84.97,19.9,0.58,0.0
3934,6245,Corn,Dent,"Gentry, Todd and Lamb",Wholesaler,Brandenburg,Online,2025-02-11,812.1,1.41,1145.06,31.13,1102.97,10.96,6.02,1.38,0.03
3935,14112,Potato,Red,Bright-Jones,Exporter,Brandenburg,Direct,2024-12-26,729.9,0.95,693.4,4.94,602.83,85.63,18.98,1.03,-0.08
3936,14897,Wheat,Emmer,Roy-Campos,Retailer,Hesse,Direct,2024-03-13,1332.7,1.42,1892.43,3.8,1789.67,98.96,13.25,1.48,-0.06
3937,9652,Wheat,Durum,Rose Inc,Exporter,Saxony,Online,2025-05-05,1165.9,0.93,1084.29,26.65,986.17,71.47,19.84,0.98,-0.05
3938,1928,Corn,Sweet,Williams Inc,Retailer,Brandenburg,Online,2024-05-27,1892.0,0.39,737.88,3.98,654.45,79.45,19.66,0.36,0.03
3939,6028,Barley,Hulless,Sullivan-Mills,Wholesaler,Bavaria,Online,2024-01-02,1103.5,0.61,673.14,31.05,607.53,34.56,8.64,0.63,-0.02
3940,5947,Barley,Hulless,"Love, Ferrell and Moore",Wholesaler,Hesse,Online,2024-04-28,1622.5,1.56,2531.1,38.17,2470.32,22.61,20.73,1.47,0.09
3941,12367,Barley,Hulled,Lozano-Fitzgerald,Retailer,Bavaria,Online,2025-04-08,1691.4,0.79,1336.21,16.88,1275.06,44.27,18.17,0.84,-0.05
3942,14680,Wheat,Emmer,"Gilbert, Hutchinson and Taylor",Exporter,Brandenburg,Direct,2024-11-18,1754.7,0.68,1193.2,48.82,1131.81,12.57,17.06,0.74,-0.06
3943,13941,Potato,Russet,Coffey Inc,Exporter,Lower Saxony,Direct,2024-12-20,1725.9,0.85,1467.02,17.2,1351.32,98.5,10.37,0.85,0.0
3944,8721,Barley,Hulled,Jordan Group,Retailer,Bavaria,Online,2024-06-11,1910.7,1.18,2254.63,14.4,2222.24,17.99,16.06,1.12,0.06
3945,9058,Barley,Hulless,Carr LLC,Wholesaler,Saxony,Direct,2025-05-05,1387.8,0.57,791.05,25.59,684.07,81.39,23.34,0.61,-0.04
3946,6091,Soybean,Black,"Gordon, Davis and Hunt",Exporter,Brandenburg,Direct,2025-05-05,672.7,0.9,605.43,47.33,498.47,59.63,21.57,0.89,0.01
3947,3935,Potato,Red,"Mcdowell, Marshall and Holmes",Wholesaler,Bavaria,Cooperative,2025-05-05,694.2,1.08,749.74,40.39,698.57,10.78,21.81,1.12,-0.04
3948,10053,Wheat,Durum,"Collins, Levy and Coleman",Exporter,Lower Saxony,Cooperative,2025-02-09,1276.5,0.43,548.9,46.33,450.99,51.58,22.29,0.43,0.0
3949,5758,Corn,Dent,Gilbert-Robinson,Wholesaler,Brandenburg,Online,2024-02-19,770.8,1.54,1187.03,29.88,1103.1,54.05,21.37,1.46,0.08
3950,8590,Soybean,Yellow,Bowen-Hill,Exporter,Lower Saxony,Direct,2025-05-05,1211.2,1.27,1538.22,3.07,1520.4,14.75,5.12,1.34,-0.07
3951,14254,Barley,Hulled,Graham PLC,Wholesaler,Brandenburg,Online,2025-05-05,1599.8,0.67,1071.87,20.88,995.68,55.31,7.86,0.62,0.05
3952,12838,Wheat,Durum,"Perez, Ferguson and Smith",Wholesaler,Hesse,Cooperative,2025-04-30,1303.6,0.85,1108.06,22.76,1044.02,41.28,14.13,0.79,0.06
3953,1643,Potato,Russet,"Thornton, Mills and Lewis",Exporter,Brandenburg,Direct,2025-02-18,560.8,1.08,605.66,6.37,536.36,62.93,16.93,1.19,-0.11
3954,5753,Soybean,Yellow,Gonzalez-Rodriguez,Wholesaler,Brandenburg,Online,2024-08-26,203.6,1.1,223.96,26.79,112.74,84.43,10.19,1.05,0.05
3955,13476,Soybean,Black,Watson and Sons,Retailer,Lower Saxony,Online,2024-06-14,316.8,0.84,266.11,4.32,170.46,91.33,23.72,0.9,-0.06
3956,3343,Barley,Hulless,Wells PLC,Exporter,Bavaria,Online,2025-05-05,1898.5,1.14,2164.29,18.04,2113.68,32.57,18.8,1.05,0.09
3957,557,Wheat,Emmer,Coleman-Lawrence,Retailer,Saxony,Online,2025-04-23,538.2,0.46,247.57,33.99,132.66,80.92,16.14,0.47,-0.01
3958,10787,Potato,Red,"Zhang, Bonilla and Martin",Retailer,Hesse,Online,2025-04-28,1263.5,0.31,391.68,9.2,330.14,52.34,18.97,0.34,-0.03
3959,3365,Corn,Sweet,Carpenter-Welch,Exporter,Brandenburg,Direct,2024-10-05,234.3,1.0,234.3,31.84,177.26,25.2,19.71,0.97,0.03
3960,2769,Barley,Hulless,"Singh, Holmes and Garcia",Retailer,Brandenburg,Cooperative,2025-05-05,1770.3,0.37,655.01,11.21,627.65,16.15,7.43,0.37,0.0
3961,3996,Corn,Dent,Flynn LLC,Retailer,Bavaria,Direct,2025-04-12,1514.4,1.38,2089.87,14.84,2037.0,38.03,19.56,1.29,0.09
3962,5424,Barley,Hulled,"Logan, Lowery and Erickson",Wholesaler,Brandenburg,Cooperative,2024-01-24,1103.5,0.71,783.48,27.72,736.08,19.68,7.35,0.73,-0.02
3963,7889,Soybean,Yellow,Munoz Ltd,Retailer,Bavaria,Cooperative,2025-05-05,829.1,1.21,1003.21,1.24,923.11,78.86,23.75,1.3,-0.09
3964,6706,Wheat,Durum,Aguirre LLC,Wholesaler,Lower Saxony,Direct,2024-02-12,381.6,1.26,480.82,14.24,372.34,94.24,22.76,1.22,0.04
3965,10865,Wheat,Emmer,Jones Inc,Retailer,Brandenburg,Direct,2025-04-12,1465.8,0.49,718.24,40.25,665.13,12.86,15.6,0.51,-0.02
3966,1434,Soybean,Black,Matthews-Butler,Wholesaler,Brandenburg,Online,2025-02-19,628.8,1.19,748.27,34.12,671.42,42.73,5.02,1.2,-0.01
3967,2054,Wheat,Durum,Anderson-Davis,Wholesaler,Bavaria,Direct,2025-02-15,1779.8,1.44,2562.91,6.51,2534.56,21.84,24.65,1.41,0.03
3968,2631,Potato,Red,Campos-Olsen,Exporter,Lower Saxony,Online,2025-02-26,1361.2,1.38,1878.46,47.33,1753.94,77.19,23.01,1.4,-0.02
3969,14852,Corn,Dent,Sawyer-Johnston,Retailer,Brandenburg,Cooperative,2025-01-04,1900.8,1.47,2794.18,1.25,2749.73,43.2,7.56,1.34,0.13
3970,5339,Barley,Hulless,"Taylor, Long and Davis",Retailer,Saxony,Direct,2025-01-16,1337.2,0.53,708.72,30.27,606.21,72.24,12.24,0.5,0.03
3971,14419,Corn,Sweet,"Anderson, Hamilton and Molina",Wholesaler,Hesse,Direct,2025-04-13,1902.9,1.12,2131.25,37.63,2066.85,26.77,21.41,1.23,-0.11
3972,491,Corn,Sweet,Barr Inc,Retailer,Hesse,Online,2024-09-15,421.6,1.38,581.81,47.07,450.1,84.64,11.33,1.31,0.07
3973,558,Potato,Russet,Diaz LLC,Exporter,Bavaria,Online,2025-05-02,1714.3,0.83,1422.87,3.3,1324.45,95.12,14.39,0.8,0.03
3974,7862,Potato,Russet,"Duncan, Conley and Frazier",Wholesaler,Brandenburg,Online,2025-03-09,934.2,1.13,1055.65,35.83,1008.52,11.3,24.68,1.03,0.1
3975,11056,Wheat,Durum,Davis Inc,Exporter,Brandenburg,Cooperative,2024-09-03,1381.5,1.22,1685.43,27.45,1570.54,87.44,14.63,1.2,0.02
3976,12090,Potato,Russet,"Russo, Pena and Suarez",Retailer,Saxony,Cooperative,2025-04-05,1489.3,1.27,1891.41,19.12,1792.5,79.79,14.53,1.21,0.06
3977,9604,Wheat,Emmer,"Peterson, Robinson and Crane",Exporter,Bavaria,Cooperative,2025-02-03,1404.3,1.12,1572.82,8.59,1498.77,65.46,9.36,1.16,-0.04
3978,8104,Barley,Hulled,Davis-Schmidt,Retailer,Saxony,Direct,2024-09-26,579.4,0.33,191.2,39.81,103.21,48.18,17.48,0.36,-0.03
3979,14026,Soybean,Yellow,"Kelley, Dunn and Harris",Wholesaler,Brandenburg,Cooperative,2025-05-05,1255.5,0.54,677.97,4.49,611.61,61.87,16.39,0.51,0.03
3980,1364,Corn,Dent,Carter-Martin,Exporter,Lower Saxony,Direct,2025-01-11,1982.6,1.52,3013.55,2.43,2991.33,19.79,5.76,1.4,0.12
3981,13657,Soybean,Black,Clark-Roberts,Retailer,Saxony,Cooperative,2025-02-11,1629.4,1.17,1906.4,26.29,1798.46,81.65,21.12,1.22,-0.05
3982,5216,Barley,Hulless,"Jones, Wong and Kelly",Retailer,Saxony,Online,2025-02-23,387.9,0.56,217.22,43.72,95.22,78.28,5.35,0.54,0.02
3983,9192,Potato,Red,"Carter, Lambert and Shields",Retailer,Lower Saxony,Cooperative,2024-08-02,1179.1,0.64,754.62,14.0,645.16,95.46,13.43,0.63,0.01
3984,9490,Corn,Sweet,Smith-Olsen,Wholesaler,Lower Saxony,Cooperative,2024-12-20,289.6,1.47,425.71,38.41,336.14,51.16,22.41,1.45,0.02
3985,4633,Soybean,Yellow,Reed and Sons,Wholesaler,Brandenburg,Direct,2025-03-20,1050.6,0.78,819.47,41.89,741.83,35.75,24.4,0.72,0.06
3986,13220,Potato,Red,Townsend Inc,Wholesaler,Brandenburg,Online,2025-02-20,1938.1,0.97,1879.96,43.38,1778.03,58.55,11.18,1.01,-0.04
3987,9695,Barley,Hulless,"Gilbert, Dixon and Barnes",Retailer,Hesse,Cooperative,2025-03-31,1283.9,0.39,500.72,13.75,418.55,68.42,14.5,0.39,0.0
3988,10093,Potato,Red,Meyer-Griffith,Retailer,Brandenburg,Online,2025-01-09,355.6,0.85,302.26,3.71,220.89,77.66,22.14,0.92,-0.07
3989,8212,Soybean,Black,Becker-Hurst,Exporter,Lower Saxony,Online,2024-03-30,438.8,0.81,355.43,14.35,286.86,54.22,11.43,0.82,-0.01
3990,5236,Corn,Sweet,Thompson-Frazier,Wholesaler,Bavaria,Cooperative,2025-02-03,1147.7,1.32,1514.96,39.03,1413.87,62.06,20.81,1.26,0.06
3991,14977,Wheat,Emmer,"Evans, Garcia and Williams",Exporter,Bavaria,Direct,2025-03-21,1347.0,1.34,1804.98,42.62,1706.22,56.14,22.06,1.22,0.12
3992,6629,Wheat,Emmer,Wise-Waller,Exporter,Brandenburg,Online,2024-01-06,1617.4,0.66,1067.48,17.78,991.36,58.34,16.04,0.63,0.03
3993,10859,Soybean,Yellow,"Hayes, Morrison and Love",Exporter,Hesse,Cooperative,2025-05-05,523.2,0.85,444.72,46.95,372.87,24.9,12.1,0.92,-0.07
3994,14989,Soybean,Black,"Navarro, Griffin and Turner",Wholesaler,Bavaria,Online,2025-02-17,1768.4,0.87,1538.51,38.35,1408.66,91.5,12.11,0.9,-0.03
3995,795,Barley,Hulled,"Bennett, Johnston and Berry",Retailer,Lower Saxony,Online,2024-06-27,232.2,1.0,232.2,1.39,134.34,96.47,6.53,1.02,-0.02
3996,11374,Wheat,Durum,Williams LLC,Exporter,Bavaria,Online,2025-05-05,257.3,0.85,218.7,44.59,132.77,41.34,8.18,0.81,0.04
3997,4497,Potato,Red,"Ponce, Keith and Jones",Wholesaler,Hesse,Cooperative,2025-03-30,744.4,1.15,856.06,7.93,773.3,74.83,6.04,1.21,-0.06
3998,10247,Potato,Russet,"Williamson, Bonilla and Carlson",Wholesaler,Lower Saxony,Cooperative,2025-04-07,831.5,0.9,748.35,25.55,687.8,35.0,17.06,0.9,0.0
3999,13063,Barley,Hulless,Savage-Riley,Exporter,Saxony,Cooperative,2025-05-05,917.6,0.49,449.62,1.96,423.89,23.77,12.89,0.51,-0.02
4000,412,Corn,Sweet,"Lutz, Clark and Sanchez",Retailer,Saxony,Online,2025-02-25,1006.7,1.13,1137.57,43.39,1082.66,11.52,18.11,1.19,-0.06
4001,9598,Soybean,Black,Thompson and Sons,Exporter,Bavaria,Direct,2025-04-28,1235.4,1.28,1581.31,48.94,1451.65,80.72,21.93,1.34,-0.06
4002,10755,Wheat,Emmer,Harvey PLC,Exporter,Lower Saxony,Online,2025-02-09,1487.6,0.43,639.67,36.5,566.71,36.46,7.63,0.42,0.01
4003,10895,Soybean,Black,Wagner Ltd,Retailer,Brandenburg,Online,2025-05-05,409.5,1.08,442.26,18.37,405.8,18.09,6.63,1.13,-0.05
4004,14438,Potato,Red,Burton LLC,Wholesaler,Saxony,Cooperative,2024-10-03,1036.6,0.61,632.33,12.11,606.98,13.24,9.5,0.58,0.03
4005,1098,Wheat,Emmer,Johnson-Obrien,Wholesaler,Hesse,Direct,2025-05-05,818.0,1.14,932.52,6.56,900.74,25.22,20.76,1.1,0.04
4006,12920,Potato,Russet,"Simpson, Smith and Flowers",Exporter,Brandenburg,Online,2024-04-02,1603.4,0.32,513.09,39.65,438.8,34.64,14.07,0.3,0.02
4007,10171,Potato,Russet,Hoffman Ltd,Retailer,Saxony,Online,2025-02-22,604.2,1.15,694.83,19.01,663.36,12.46,22.87,1.16,-0.01
4008,4106,Corn,Dent,Le Inc,Retailer,Brandenburg,Online,2024-06-12,1810.8,0.6,1086.48,12.55,1052.33,21.6,21.43,0.58,0.02
4009,11435,Barley,Hulless,Rodriguez-Rodriguez,Retailer,Hesse,Direct,2025-04-21,541.5,1.1,595.65,33.17,482.65,79.83,12.28,1.18,-0.08
4010,5175,Soybean,Black,Brewer Group,Retailer,Bavaria,Direct,2024-10-18,1351.6,0.66,892.06,2.78,870.41,18.87,11.7,0.65,0.01
4011,6066,Wheat,Emmer,Malone LLC,Retailer,Hesse,Cooperative,2025-04-26,573.6,0.77,441.67,23.87,346.2,71.6,14.07,0.76,0.01
4012,6323,Barley,Hulled,Morgan-Butler,Wholesaler,Saxony,Cooperative,2025-03-31,779.1,0.93,724.56,28.83,615.6,80.13,21.75,0.94,-0.01
4013,6632,Soybean,Yellow,West-Murphy,Retailer,Brandenburg,Online,2024-01-10,730.9,0.59,431.23,15.05,375.56,40.62,6.15,0.57,0.02
4014,3715,Potato,Red,"Ortiz, Walker and Larson",Exporter,Lower Saxony,Cooperative,2024-11-03,436.1,1.42,619.26,38.95,557.23,23.08,6.95,1.3,0.12
4015,7528,Barley,Hulled,Taylor-Gray,Wholesaler,Brandenburg,Online,2025-01-23,1208.9,0.58,701.16,23.28,612.23,65.65,14.13,0.58,0.0
4016,14110,Wheat,Durum,Singh Inc,Exporter,Bavaria,Direct,2023-09-15,1578.9,1.0,1578.9,4.31,1556.73,17.86,12.52,0.92,0.08
4017,9609,Soybean,Yellow,"Jackson, Butler and Carrillo",Exporter,Saxony,Cooperative,2024-07-11,1646.3,0.78,1284.11,39.95,1192.89,51.27,6.22,0.79,-0.01
4018,8557,Potato,Red,Cline Group,Retailer,Lower Saxony,Cooperative,2025-03-26,961.1,0.69,663.16,9.69,555.74,97.73,21.4,0.67,0.02
4019,1534,Soybean,Black,"Thomas, Jackson and Hart",Exporter,Saxony,Online,2025-03-25,1468.3,1.16,1703.23,26.58,1652.07,24.58,15.76,1.17,-0.01
4020,8546,Barley,Hulless,Cruz-Hughes,Exporter,Brandenburg,Direct,2025-03-27,1622.5,0.99,1606.28,10.38,1521.34,74.56,19.66,0.99,0.0
4021,4848,Soybean,Yellow,Allen-Riley,Exporter,Brandenburg,Online,2025-04-07,1233.1,0.35,431.58,11.25,379.55,40.78,23.79,0.37,-0.02
4022,12546,Soybean,Yellow,Ford-Morris,Wholesaler,Saxony,Online,2025-05-04,1975.1,1.26,2488.63,34.06,2415.39,39.18,22.52,1.26,0.0
4023,1233,Soybean,Black,Stevenson-Harvey,Retailer,Hesse,Direct,2025-01-24,1013.2,0.58,587.66,18.93,497.54,71.19,6.34,0.62,-0.04
4024,10117,Wheat,Durum,Ashley-Roberts,Wholesaler,Bavaria,Direct,2024-07-05,1772.6,0.6,1063.56,22.65,959.07,81.84,10.54,0.63,-0.03
4025,11530,Corn,Sweet,Watts-Howard,Exporter,Lower Saxony,Cooperative,2025-03-09,1993.8,1.04,2073.55,14.36,2007.4,51.79,11.55,1.11,-0.07
4026,210,Wheat,Emmer,"Williams, Mcbride and Patterson",Retailer,Hesse,Cooperative,2025-05-05,389.8,0.61,237.78,8.9,164.65,64.23,20.23,0.64,-0.03
4027,9956,Barley,Hulless,"Campbell, Webb and Morris",Retailer,Bavaria,Online,2025-04-27,919.0,0.96,882.24,37.75,819.98,24.51,23.5,0.9,0.06
4028,10496,Soybean,Black,Warren PLC,Retailer,Brandenburg,Online,2024-07-18,916.3,1.46,1337.8,21.27,1302.54,13.99,19.44,1.46,0.0
4029,7905,Corn,Sweet,Hall-Price,Wholesaler,Lower Saxony,Online,2024-09-04,1602.0,0.61,977.22,47.63,864.55,65.04,6.9,0.6,0.01
4030,6442,Corn,Dent,Conway PLC,Exporter,Bavaria,Cooperative,2024-09-18,1755.9,0.96,1685.66,2.32,1620.52,62.82,13.86,1.04,-0.08
4031,4490,Soybean,Black,Herrera-Conner,Retailer,Lower Saxony,Online,2025-04-06,1401.9,0.51,714.97,1.16,660.2,53.61,21.82,0.49,0.02
4032,13341,Soybean,Black,"Pierce, King and Sanford",Exporter,Brandenburg,Online,2025-04-28,677.0,1.19,805.63,45.02,672.78,87.83,23.2,1.27,-0.08
4033,12951,Barley,Hulless,"Coleman, Brown and Jensen",Wholesaler,Hesse,Cooperative,2025-04-19,1737.8,0.43,747.25,18.63,698.88,29.74,9.13,0.45,-0.02
4034,5086,Wheat,Durum,Garcia-Acosta,Wholesaler,Brandenburg,Online,2025-01-23,1255.9,1.31,1645.23,13.2,1537.71,94.32,13.89,1.33,-0.02
4035,538,Wheat,Emmer,Richard-Bell,Wholesaler,Lower Saxony,Online,2025-01-03,933.6,0.93,868.25,2.44,824.05,41.76,8.52,1.01,-0.08
4036,6953,Barley,Hulled,"Brown, Clark and Moss",Retailer,Hesse,Online,2024-10-27,783.1,1.31,1025.86,17.23,927.61,81.02,22.2,1.38,-0.07
4037,7780,Wheat,Emmer,"Roman, Pena and Powell",Retailer,Saxony,Direct,2025-05-01,931.8,0.87,810.67,8.78,752.4,49.49,24.28,0.82,0.05
4038,4455,Corn,Dent,"Matthews, Walker and Barnett",Wholesaler,Brandenburg,Online,2024-04-05,1503.6,0.43,646.55,4.28,629.48,12.79,16.97,0.45,-0.02
4039,12518,Corn,Dent,Day-Gross,Exporter,Saxony,Online,2024-08-26,1940.7,0.93,1804.85,49.21,1676.88,78.76,14.66,0.99,-0.06
4040,4518,Barley,Hulless,Martinez PLC,Exporter,Brandenburg,Cooperative,2024-11-05,961.1,0.9,864.99,31.1,763.08,70.81,10.0,0.82,0.08
4041,10556,Wheat,Durum,"David, Taylor and Barton",Retailer,Saxony,Online,2025-03-23,1504.0,0.65,977.6,5.52,911.41,60.67,11.06,0.59,0.06
4042,1295,Soybean,Black,Howard PLC,Retailer,Lower Saxony,Online,2024-07-19,1562.9,1.05,1641.04,29.77,1537.98,73.29,7.11,1.06,-0.01
4043,1873,Corn,Sweet,Gonzalez-Decker,Wholesaler,Brandenburg,Direct,2024-08-10,828.9,0.75,621.67,10.57,580.09,31.01,24.42,0.79,-0.04
4044,14080,Potato,Russet,Guzman-Farmer,Retailer,Brandenburg,Online,2025-01-06,1611.3,0.79,1272.93,19.12,1177.14,76.67,18.1,0.81,-0.02
4045,8827,Corn,Dent,Barnett Group,Wholesaler,Hesse,Direct,2025-04-27,1109.9,1.42,1576.06,25.72,1457.46,92.88,19.19,1.35,0.07
4046,12292,Wheat,Durum,Lin PLC,Exporter,Saxony,Cooperative,2025-05-05,1163.9,1.33,1547.99,38.43,1413.22,96.34,24.82,1.4,-0.07
4047,1934,Soybean,Yellow,Smith Ltd,Retailer,Lower Saxony,Cooperative,2025-04-28,1855.3,0.78,1447.13,39.47,1350.22,57.44,20.97,0.77,0.01
4048,10649,Barley,Hulled,Yoder-Smith,Retailer,Hesse,Direct,2023-12-04,1223.8,0.38,465.04,4.8,404.92,55.32,11.28,0.41,-0.03
4049,13982,Corn,Dent,Petersen PLC,Exporter,Brandenburg,Cooperative,2024-11-17,1028.5,1.26,1295.91,26.65,1171.79,97.47,10.56,1.24,0.02
4050,615,Barley,Hulless,Ponce-Martin,Exporter,Lower Saxony,Online,2025-05-05,968.8,0.46,445.65,8.79,383.32,53.54,13.68,0.47,-0.01
4051,3832,Corn,Sweet,"Harris, Barnes and Mills",Exporter,Saxony,Online,2024-06-24,708.3,1.55,1097.86,34.37,1011.65,51.84,18.38,1.46,0.09
4052,13959,Corn,Sweet,Washington LLC,Wholesaler,Hesse,Online,2025-05-05,903.6,1.19,1075.28,18.83,997.19,59.26,23.46,1.2,-0.01
4053,6172,Wheat,Durum,"Jackson, Shelton and Fowler",Wholesaler,Lower Saxony,Direct,2024-11-15,897.1,1.02,915.04,6.02,859.27,49.75,20.68,1.12,-0.1
4054,4832,Wheat,Emmer,Figueroa-Jackson,Exporter,Bavaria,Online,2024-12-04,228.2,0.66,150.61,24.46,47.43,78.72,13.43,0.64,0.02
4055,9678,Barley,Hulled,"Dickson, Davila and Burke",Retailer,Lower Saxony,Cooperative,2024-04-13,797.9,0.38,303.2,24.93,196.83,81.44,18.36,0.41,-0.03
4056,9563,Barley,Hulled,"Taylor, Mills and Henderson",Exporter,Brandenburg,Direct,2025-04-15,1329.2,0.35,465.22,39.01,388.34,37.87,14.31,0.33,0.02
4057,14033,Soybean,Yellow,"Mcneil, Cook and Cherry",Exporter,Lower Saxony,Cooperative,2024-10-06,204.8,1.33,272.38,17.55,208.2,46.63,19.17,1.33,0.0
4058,63,Wheat,Durum,Torres-Johnston,Exporter,Bavaria,Direct,2024-10-14,1472.0,1.3,1913.6,38.84,1774.92,99.84,20.79,1.23,0.07
4059,10032,Potato,Russet,Jackson-Moss,Wholesaler,Lower Saxony,Cooperative,2025-03-10,1071.2,1.18,1264.02,2.31,1205.23,56.48,16.44,1.3,-0.12
4060,8051,Potato,Red,Shields-Spears,Retailer,Bavaria,Online,2024-06-23,353.8,0.65,229.97,15.99,150.91,63.07,10.51,0.72,-0.07
4061,10377,Corn,Sweet,Castillo LLC,Wholesaler,Bavaria,Cooperative,2025-04-17,1532.8,0.95,1456.16,1.05,1378.28,76.83,8.16,0.87,0.08
4062,6911,Potato,Red,Martinez-Castillo,Exporter,Brandenburg,Online,2025-04-24,1313.5,1.16,1523.66,14.63,1454.05,54.98,7.32,1.14,0.02
4063,2065,Wheat,Durum,Richards-Hernandez,Wholesaler,Bavaria,Cooperative,2025-05-05,383.2,0.9,344.88,7.46,287.05,50.37,15.51,0.93,-0.03
4064,1407,Potato,Russet,"Willis, Lewis and Friedman",Exporter,Hesse,Direct,2025-03-06,1019.8,1.04,1060.59,26.64,996.67,37.28,23.33,0.98,0.06
4065,12042,Barley,Hulless,"Horne, Shah and Davis",Exporter,Bavaria,Cooperative,2025-03-17,1325.5,1.37,1815.94,4.9,1714.84,96.2,20.41,1.44,-0.07
4066,7851,Barley,Hulled,Garcia and Sons,Retailer,Bavaria,Cooperative,2025-03-22,1368.9,1.05,1437.35,13.92,1410.22,13.21,10.84,1.16,-0.11
4067,10848,Corn,Sweet,"Mills, Cook and Chambers",Exporter,Brandenburg,Online,2025-02-24,1820.1,0.92,1674.49,26.68,1609.36,38.45,19.44,0.91,0.01
4068,2459,Wheat,Durum,"Baker, Henderson and Bell",Exporter,Lower Saxony,Direct,2024-12-09,708.7,1.26,892.96,3.47,875.38,14.11,24.73,1.3,-0.04
4069,14691,Potato,Red,Cunningham-Patton,Retailer,Saxony,Cooperative,2025-04-19,1082.6,0.98,1060.95,42.79,981.85,36.31,17.28,0.95,0.03
4070,6607,Potato,Russet,Moore-Esparza,Retailer,Bavaria,Online,2024-01-05,795.6,1.07,851.29,14.22,761.48,75.59,24.4,1.13,-0.06
4071,11963,Potato,Russet,"Jones, Mahoney and Cunningham",Exporter,Hesse,Online,2025-04-11,1764.3,1.31,2311.23,13.4,2239.06,58.77,9.96,1.2,0.11
4072,7999,Barley,Hulless,Fisher PLC,Wholesaler,Bavaria,Cooperative,2025-05-05,1510.7,0.47,710.03,9.11,618.51,82.41,14.72,0.51,-0.04
4073,13671,Corn,Dent,Davis-Blanchard,Exporter,Hesse,Cooperative,2024-11-29,746.3,0.5,373.15,32.84,244.47,95.84,13.43,0.49,0.01
4074,12695,Wheat,Durum,Payne-Ward,Retailer,Hesse,Online,2024-12-08,1110.1,1.25,1387.62,1.32,1375.22,11.08,13.38,1.31,-0.06
4075,7358,Soybean,Yellow,Leon-Velazquez,Exporter,Bavaria,Cooperative,2025-03-24,967.0,1.34,1295.78,47.22,1148.77,99.79,17.14,1.23,0.11
4076,8508,Soybean,Black,"Bradley, Parker and Scott",Exporter,Lower Saxony,Direct,2025-05-05,1952.2,0.85,1659.37,13.55,1584.09,61.73,18.97,0.8,0.05
4077,11038,Soybean,Yellow,"Douglas, Rodriguez and Johnson",Exporter,Hesse,Online,2025-04-24,1013.7,0.48,486.58,8.79,415.77,62.02,14.2,0.48,0.0
4078,13436,Corn,Sweet,Davis Inc,Exporter,Lower Saxony,Direct,2024-07-29,403.6,1.22,492.39,33.38,440.83,18.18,15.33,1.17,0.05
4079,6152,Potato,Russet,Reyes Inc,Wholesaler,Brandenburg,Direct,2024-07-03,1780.9,0.82,1460.34,44.59,1334.52,81.23,20.51,0.79,0.03
4080,746,Corn,Sweet,"Harris, Morgan and Boone",Wholesaler,Hesse,Direct,2024-11-23,1694.8,0.63,1067.72,11.52,986.74,69.46,23.15,0.66,-0.03
4081,5350,Soybean,Black,"Gonzales, Black and Torres",Exporter,Saxony,Online,2024-10-18,837.2,1.22,1021.38,41.92,884.41,95.05,20.64,1.36,-0.14
4082,4146,Barley,Hulled,Wood LLC,Wholesaler,Saxony,Cooperative,2023-09-16,1486.2,1.5,2229.3,24.88,2177.44,26.98,13.68,1.42,0.08
4083,581,Soybean,Black,Perez LLC,Wholesaler,Lower Saxony,Direct,2025-04-26,380.0,1.03,391.4,33.05,318.47,39.88,21.56,1.01,0.02
4084,11195,Soybean,Yellow,"Moreno, Baker and Riley",Exporter,Brandenburg,Online,2025-01-03,853.8,1.05,896.49,25.01,835.19,36.29,18.49,0.97,0.08
4085,4406,Soybean,Black,Chavez-Palmer,Exporter,Lower Saxony,Online,2025-01-13,964.8,0.71,685.01,40.56,614.64,29.81,18.13,0.67,0.04
4086,2784,Potato,Russet,Taylor Inc,Retailer,Bavaria,Cooperative,2025-02-14,240.3,1.48,355.64,19.07,242.98,93.59,24.67,1.46,0.02
4087,3476,Wheat,Durum,Cherry Inc,Retailer,Saxony,Cooperative,2024-09-24,692.2,0.58,401.48,27.74,360.85,12.89,19.76,0.59,-0.01
4088,14294,Potato,Red,Myers-Powell,Wholesaler,Saxony,Direct,2025-05-05,833.5,0.6,500.1,2.15,467.16,30.79,18.75,0.64,-0.04
4089,1789,Corn,Sweet,Dawson-Curtis,Wholesaler,Brandenburg,Online,2025-05-05,1546.5,1.54,2381.61,31.46,2285.2,64.95,16.28,1.5,0.04
4090,10370,Soybean,Yellow,"Stevens, Bryant and Richards",Retailer,Saxony,Cooperative,2025-02-20,526.8,1.46,769.13,3.61,728.59,36.93,12.74,1.44,0.02
4091,6469,Potato,Red,Coleman PLC,Wholesaler,Hesse,Online,2024-11-22,1147.0,0.96,1101.12,32.57,993.65,74.9,22.21,0.89,0.07
4092,9810,Corn,Sweet,Howe Ltd,Wholesaler,Bavaria,Cooperative,2024-05-07,1942.6,0.4,777.04,36.04,655.59,85.41,19.56,0.41,-0.01
4093,10317,Soybean,Black,Carr and Sons,Exporter,Brandenburg,Direct,2025-04-26,632.1,0.97,613.14,35.27,513.61,64.26,13.33,1.0,-0.03
4094,7896,Barley,Hulled,Sherman-Jones,Retailer,Lower Saxony,Online,2024-09-18,853.1,0.43,366.83,1.02,341.7,24.11,8.07,0.46,-0.03
4095,7420,Wheat,Emmer,Nunez PLC,Retailer,Lower Saxony,Direct,2025-04-29,921.8,1.36,1253.65,26.35,1154.05,73.25,13.46,1.24,0.12
4096,14576,Corn,Dent,"Cooper, Villarreal and Cruz",Exporter,Saxony,Direct,2024-12-24,1218.5,0.87,1060.1,46.82,955.15,58.13,22.48,0.92,-0.05
4097,12927,Corn,Sweet,Ortega-Parker,Exporter,Bavaria,Direct,2025-05-05,249.5,1.03,256.98,26.6,157.56,72.82,13.96,0.99,0.04
4098,12262,Potato,Russet,Sexton Ltd,Exporter,Saxony,Online,2025-03-07,1880.6,1.12,2106.27,34.97,2027.01,44.29,6.62,1.18,-0.06
4099,2972,Soybean,Black,Pacheco-Morton,Exporter,Saxony,Cooperative,2025-05-05,1835.5,1.26,2312.73,19.11,2206.6,87.02,24.87,1.34,-0.08
4100,10676,Wheat,Emmer,Lopez LLC,Exporter,Hesse,Cooperative,2025-05-05,201.9,0.71,143.35,1.87,87.27,54.21,22.24,0.73,-0.02
4101,4979,Potato,Red,Dennis-Rios,Retailer,Saxony,Direct,2025-04-11,556.6,0.61,339.53,8.88,263.64,67.01,24.33,0.56,0.05
4102,1267,Corn,Dent,"Vasquez, Anderson and Hardin",Retailer,Bavaria,Direct,2024-03-10,510.2,1.37,698.97,37.95,637.05,23.97,22.28,1.31,0.06
4103,206,Potato,Russet,Barrett-Douglas,Retailer,Saxony,Online,2025-03-17,1006.8,1.0,1006.8,9.12,907.35,90.33,24.15,1.1,-0.1
4104,2224,Wheat,Durum,"Perez, Rush and Powell",Exporter,Brandenburg,Cooperative,2025-02-11,1156.7,0.77,890.66,17.87,791.04,81.75,18.49,0.82,-0.05
4105,10051,Potato,Russet,Miller-Sutton,Exporter,Bavaria,Cooperative,2024-03-18,273.9,0.91,249.25,17.27,151.16,80.82,12.67,0.97,-0.06
4106,6732,Potato,Red,Wagner and Sons,Wholesaler,Lower Saxony,Cooperative,2025-01-29,1728.5,0.29,501.26,8.26,409.71,83.29,8.62,0.31,-0.02
4107,4669,Barley,Hulless,Suarez-Zamora,Exporter,Hesse,Direct,2024-11-26,1219.9,1.4,1707.86,41.41,1624.08,42.37,16.3,1.49,-0.09
4108,9384,Potato,Russet,"Fitzpatrick, Reeves and Flynn",Exporter,Hesse,Direct,2024-08-19,373.4,1.32,492.89,45.78,424.66,22.45,18.88,1.35,-0.03
4109,618,Wheat,Emmer,Wells PLC,Wholesaler,Lower Saxony,Online,2025-01-17,874.6,1.12,979.55,41.02,922.4,16.13,10.51,1.06,0.06
4110,5270,Potato,Russet,"Harris, Bass and Thomas",Exporter,Lower Saxony,Online,2025-03-20,530.9,1.28,679.55,15.61,623.62,40.32,18.83,1.17,0.11
4111,680,Wheat,Emmer,"Cooper, Perry and Baker",Exporter,Bavaria,Online,2025-05-05,1116.8,1.44,1608.19,39.85,1492.82,75.52,5.18,1.34,0.1
4112,439,Corn,Sweet,"Dalton, Deleon and Baker",Exporter,Lower Saxony,Cooperative,2024-05-20,381.3,1.08,411.8,30.17,330.75,50.88,14.92,1.06,0.02
4113,5529,Wheat,Emmer,"Stanley, Buchanan and Yates",Wholesaler,Hesse,Cooperative,2025-04-14,1375.2,1.4,1925.28,34.5,1798.45,92.33,18.7,1.34,0.06
4114,7214,Potato,Russet,Walker Inc,Exporter,Brandenburg,Online,2025-05-05,1271.4,0.38,483.13,13.59,437.35,32.19,17.4,0.38,0.0
4115,12911,Wheat,Durum,Dodson Ltd,Wholesaler,Saxony,Cooperative,2024-10-22,315.8,0.65,205.27,2.45,120.14,82.68,21.12,0.72,-0.07
4116,5069,Potato,Russet,Reeves-Bradley,Exporter,Hesse,Cooperative,2025-05-05,1618.2,1.42,2297.84,26.73,2261.1,10.01,14.65,1.41,0.01
4117,11135,Potato,Russet,Davis Group,Exporter,Brandenburg,Online,2024-12-06,939.6,0.33,310.07,1.91,275.71,32.45,14.4,0.33,0.0
4118,14098,Corn,Dent,Miles-Mitchell,Wholesaler,Saxony,Direct,2024-12-12,1355.1,1.27,1720.98,2.09,1630.37,88.52,23.13,1.36,-0.09
4119,4703,Corn,Sweet,Henson-Weiss,Retailer,Lower Saxony,Cooperative,2025-01-16,1655.4,0.33,546.28,21.75,504.63,19.9,7.06,0.33,0.0
4120,12073,Corn,Dent,Strickland-Hernandez,Wholesaler,Bavaria,Online,2024-09-03,1271.6,0.64,813.82,42.25,682.66,88.91,7.03,0.59,0.05
4121,13014,Wheat,Emmer,Zimmerman-Shaffer,Wholesaler,Bavaria,Cooperative,2025-05-05,1013.4,1.25,1266.75,42.28,1159.62,64.85,23.7,1.16,0.09
4122,3614,Barley,Hulless,Jordan LLC,Retailer,Bavaria,Cooperative,2025-05-05,694.1,0.71,492.81,0.2,461.14,31.47,15.45,0.77,-0.06
4123,13759,Potato,Russet,Rodriguez-Garcia,Retailer,Bavaria,Online,2025-02-27,1406.5,0.46,646.99,30.6,574.42,41.97,24.0,0.48,-0.02
4124,3160,Corn,Sweet,Rangel Ltd,Wholesaler,Hesse,Online,2025-05-05,1803.8,0.81,1461.08,37.63,1355.44,68.01,9.73,0.74,0.07
4125,3972,Wheat,Durum,"Reid, English and George",Exporter,Brandenburg,Direct,2025-05-05,539.2,1.39,749.49,42.53,618.12,88.84,5.52,1.4,-0.01
4126,3820,Potato,Red,Thomas-Maldonado,Retailer,Lower Saxony,Direct,2025-01-24,874.2,0.52,454.58,18.33,424.81,11.44,21.69,0.57,-0.05
4127,7154,Wheat,Durum,Herring and Sons,Wholesaler,Saxony,Online,2025-04-08,965.5,1.38,1332.39,29.73,1288.48,14.18,13.8,1.32,0.06
4128,4629,Soybean,Black,Nguyen-Moore,Exporter,Lower Saxony,Online,2024-06-01,598.9,1.47,880.38,9.51,791.9,78.97,10.89,1.38,0.09
4129,9999,Wheat,Durum,White LLC,Exporter,Brandenburg,Cooperative,2025-02-21,465.5,1.22,567.91,14.35,483.08,70.48,14.45,1.32,-0.1
4130,11061,Barley,Hulled,"Smith, Patel and Howe",Exporter,Lower Saxony,Direct,2024-04-08,1233.0,1.01,1245.33,21.62,1207.73,15.98,9.47,0.93,0.08
4131,7116,Corn,Sweet,Evans-Jimenez,Exporter,Lower Saxony,Cooperative,2025-02-17,444.8,0.42,186.82,47.62,48.51,90.69,21.45,0.44,-0.02
4132,9057,Barley,Hulled,Porter LLC,Exporter,Bavaria,Online,2025-05-05,268.4,0.77,206.67,11.78,96.65,98.24,12.91,0.84,-0.07
4133,11048,Corn,Dent,Walker-Roberson,Wholesaler,Hesse,Online,2025-02-20,245.3,0.65,159.45,15.33,80.83,63.29,15.43,0.61,0.04
4134,554,Wheat,Durum,Kline-Sherman,Exporter,Brandenburg,Direct,2024-12-31,1851.9,1.01,1870.42,43.27,1793.35,33.8,13.04,0.97,0.04
4135,4660,Potato,Red,Daniels-Gutierrez,Retailer,Saxony,Cooperative,2025-04-27,1648.3,1.28,2109.82,25.98,2009.77,74.07,18.33,1.18,0.1
4136,8844,Potato,Red,Hill-Miller,Retailer,Hesse,Online,2025-04-23,590.5,0.82,484.21,35.97,391.15,57.09,6.99,0.8,0.02
4137,11615,Soybean,Yellow,Lambert Group,Wholesaler,Hesse,Cooperative,2024-03-24,1372.4,0.49,672.48,9.12,565.13,98.23,17.79,0.51,-0.02
4138,7145,Barley,Hulled,"Diaz, Crawford and Landry",Retailer,Hesse,Online,2025-05-01,454.0,1.19,540.26,13.02,443.08,84.16,24.07,1.11,0.08
4139,8096,Barley,Hulled,"Moore, Dominguez and Johnson",Exporter,Brandenburg,Online,2024-10-06,1540.9,0.49,755.04,5.66,684.99,64.39,18.8,0.5,-0.01
4140,12078,Potato,Red,Snyder-Duke,Wholesaler,Hesse,Online,2024-10-31,1579.9,1.21,1911.68,8.12,1862.08,41.48,12.87,1.14,0.07
4141,2870,Potato,Red,Davis-Chang,Exporter,Saxony,Cooperative,2024-10-28,881.9,1.55,1366.94,9.79,1282.49,74.66,20.12,1.43,0.12
4142,572,Potato,Red,Becker-Mccarthy,Exporter,Hesse,Cooperative,2024-06-21,1261.7,1.16,1463.57,36.27,1398.89,28.41,24.29,1.21,-0.05
4143,8613,Wheat,Emmer,Simpson Ltd,Retailer,Bavaria,Direct,2024-03-03,1611.7,0.62,999.25,38.89,883.24,77.12,14.56,0.64,-0.02
4144,282,Wheat,Emmer,Gomez and Sons,Wholesaler,Hesse,Direct,2025-01-06,925.9,1.11,1027.75,28.45,984.52,14.78,7.86,1.09,0.02
4145,9695,Barley,Hulless,"Guzman, Schwartz and Lopez",Exporter,Saxony,Cooperative,2025-04-11,553.1,0.37,204.65,18.38,119.59,66.68,9.22,0.39,-0.02
4146,4705,Potato,Red,White-Smith,Retailer,Saxony,Direct,2025-04-30,893.1,0.51,455.48,13.27,415.47,26.74,20.74,0.5,0.01
4147,9811,Soybean,Black,Jefferson PLC,Exporter,Hesse,Cooperative,2024-07-22,1819.9,0.37,673.36,33.51,625.37,14.48,9.91,0.41,-0.04
4148,10076,Soybean,Yellow,Hudson Inc,Exporter,Brandenburg,Online,2024-07-10,738.6,1.22,901.09,43.84,775.57,81.68,13.6,1.2,0.02
4149,5115,Soybean,Black,Calderon PLC,Wholesaler,Bavaria,Cooperative,2024-12-25,1517.8,1.18,1791.0,34.76,1715.44,40.8,9.61,1.27,-0.09
4150,7026,Corn,Dent,Johnson-Manning,Wholesaler,Hesse,Online,2025-01-22,1526.0,1.0,1526.0,29.35,1480.35,16.3,12.03,1.01,-0.01
4151,5282,Potato,Red,Davidson LLC,Retailer,Saxony,Online,2024-11-09,290.9,0.44,128.0,26.96,62.01,39.03,16.51,0.44,0.0
4152,2882,Potato,Red,Kennedy-Le,Retailer,Brandenburg,Direct,2025-02-26,1962.6,1.5,2943.9,3.82,2918.25,21.83,19.24,1.44,0.06
4153,11519,Wheat,Durum,Lee PLC,Retailer,Hesse,Cooperative,2025-01-30,1389.3,0.75,1041.97,32.16,946.45,63.36,17.46,0.81,-0.06
4154,4867,Barley,Hulled,"White, Shaw and Phillips",Retailer,Brandenburg,Cooperative,2024-09-26,556.7,0.67,372.99,12.79,281.44,78.76,19.91,0.72,-0.05
4155,1151,Corn,Dent,Nichols PLC,Retailer,Lower Saxony,Cooperative,2024-10-22,1418.7,0.31,439.8,27.87,313.62,98.31,16.72,0.33,-0.02
4156,895,Wheat,Durum,Patel Ltd,Retailer,Hesse,Direct,2025-03-10,1414.2,1.25,1767.75,10.95,1691.71,65.09,6.41,1.31,-0.06
4157,1087,Barley,Hulled,"Martinez, Paul and Sanders",Exporter,Lower Saxony,Cooperative,2025-04-05,1273.3,1.38,1757.15,3.47,1733.09,20.59,20.79,1.37,0.01
4158,12258,Corn,Dent,Mcdaniel-White,Retailer,Bavaria,Online,2024-12-14,1833.6,0.75,1375.2,27.51,1297.43,50.26,8.21,0.76,-0.01
4159,5196,Wheat,Emmer,Perez and Sons,Wholesaler,Bavaria,Direct,2025-05-04,1827.8,1.3,2376.14,34.94,2256.54,84.66,21.84,1.39,-0.09
4160,1521,Potato,Red,Robinson and Sons,Retailer,Hesse,Direct,2025-01-07,1489.8,0.87,1296.13,11.91,1224.61,59.61,9.4,0.81,0.06
4161,10735,Potato,Russet,"Hudson, Harris and Jones",Exporter,Bavaria,Online,2024-12-28,1186.1,0.79,937.02,19.13,852.79,65.1,9.9,0.82,-0.03
4162,7879,Barley,Hulless,"Wise, Wolfe and Howard",Retailer,Hesse,Direct,2024-04-10,742.6,0.9,668.34,10.97,641.86,15.51,10.14,0.97,-0.07
4163,11632,Corn,Sweet,Marsh and Sons,Retailer,Brandenburg,Direct,2025-02-15,251.1,0.88,220.97,43.79,147.54,29.64,19.49,0.92,-0.04
4164,4109,Barley,Hulless,Young and Sons,Retailer,Hesse,Cooperative,2025-03-31,1488.8,0.38,565.74,20.45,468.39,76.9,11.08,0.37,0.01
4165,13487,Wheat,Durum,Hernandez-Mullins,Exporter,Bavaria,Cooperative,2025-02-28,1373.1,1.07,1469.22,35.33,1383.07,50.82,16.57,1.0,0.07
4166,7676,Corn,Sweet,Rodriguez-Ball,Retailer,Hesse,Online,2024-07-29,1735.6,0.89,1544.68,16.11,1434.13,94.44,8.45,0.84,0.05
4167,12308,Soybean,Black,"Smith, Trujillo and Powell",Wholesaler,Saxony,Cooperative,2025-05-03,1121.2,0.96,1076.35,48.18,1007.31,20.86,7.28,1.03,-0.07
4168,5718,Wheat,Emmer,Bennett LLC,Wholesaler,Brandenburg,Online,2025-02-23,1693.4,0.52,880.57,30.07,803.47,47.03,9.75,0.55,-0.03
4169,334,Wheat,Durum,Pearson Ltd,Retailer,Hesse,Online,2025-05-05,1756.7,0.84,1475.63,30.97,1354.25,90.41,10.98,0.87,-0.03
4170,3238,Wheat,Durum,Williams PLC,Wholesaler,Hesse,Online,2025-02-16,1692.6,1.41,2386.57,28.15,2300.26,58.16,12.41,1.34,0.07
4171,5759,Potato,Red,Payne Group,Retailer,Lower Saxony,Online,2025-05-03,1834.6,1.4,2568.44,18.41,2499.78,50.25,9.25,1.29,0.11
4172,4162,Corn,Sweet,Bell LLC,Wholesaler,Brandenburg,Direct,2024-12-28,743.9,1.25,929.88,16.39,820.81,92.68,23.38,1.16,0.09
4173,8067,Soybean,Yellow,Jones Group,Wholesaler,Lower Saxony,Online,2024-02-14,262.9,1.25,328.62,42.77,248.53,37.32,12.74,1.33,-0.08
4174,688,Potato,Russet,"Garcia, Acosta and Taylor",Retailer,Lower Saxony,Direct,2025-05-04,702.9,0.59,414.71,31.27,371.91,11.53,14.99,0.64,-0.05
4175,14339,Potato,Red,"Haynes, Short and Parks",Wholesaler,Hesse,Online,2025-03-31,1965.6,1.0,1965.6,41.2,1845.95,78.45,12.29,0.96,0.04
4176,3783,Barley,Hulless,"Joseph, Smith and Jenkins",Exporter,Brandenburg,Online,2024-11-02,805.0,0.37,297.85,17.1,195.77,84.98,15.38,0.4,-0.03
4177,12660,Barley,Hulled,Martinez LLC,Exporter,Bavaria,Online,2025-02-28,592.7,0.77,456.38,30.04,329.06,97.28,16.12,0.75,0.02
4178,3864,Corn,Dent,Williams-Franklin,Exporter,Bavaria,Online,2024-04-03,677.7,1.29,874.23,30.62,819.46,24.15,7.37,1.39,-0.1
4179,8179,Corn,Dent,"Mcneil, Cruz and Mclaughlin",Exporter,Brandenburg,Direct,2024-09-06,1270.7,0.3,381.21,35.04,294.86,51.31,17.81,0.31,-0.01
4180,3300,Soybean,Yellow,Brown Group,Wholesaler,Brandenburg,Online,2025-05-05,549.6,0.39,214.34,25.11,144.79,44.44,20.7,0.41,-0.02
4181,9771,Potato,Russet,"Taylor, Weiss and King",Retailer,Lower Saxony,Direct,2024-10-07,1571.4,0.48,754.27,29.02,678.37,46.88,8.81,0.51,-0.03
4182,11762,Soybean,Yellow,"Smith, Poole and Garza",Wholesaler,Bavaria,Direct,2024-12-03,612.6,0.9,551.34,28.5,453.7,69.14,20.2,0.98,-0.08
4183,9057,Barley,Hulled,Keller Inc,Wholesaler,Bavaria,Direct,2025-05-05,1650.7,0.86,1419.6,31.16,1316.14,72.3,16.68,0.84,0.02
4184,5486,Wheat,Durum,Ramos Ltd,Wholesaler,Bavaria,Cooperative,2025-02-06,1147.6,0.94,1078.74,46.23,992.4,40.11,20.0,0.9,0.04
4185,10828,Barley,Hulled,Esparza LLC,Wholesaler,Bavaria,Cooperative,2024-10-25,1258.0,0.74,930.92,37.28,816.49,77.15,10.91,0.73,0.01
4186,13749,Barley,Hulless,"Wilson, Wilson and George",Retailer,Brandenburg,Cooperative,2024-12-29,1307.8,0.85,1111.63,10.73,1084.99,15.91,13.03,0.91,-0.06
4187,8696,Soybean,Yellow,Bradshaw LLC,Wholesaler,Saxony,Cooperative,2024-06-12,1891.4,0.79,1494.21,0.75,1480.89,12.57,21.05,0.73,0.06
4188,14478,Barley,Hulless,"Kelley, Smith and Cochran",Exporter,Saxony,Online,2025-05-05,1857.5,0.41,761.58,6.42,699.66,55.5,10.96,0.43,-0.02
4189,11490,Wheat,Emmer,Thompson-Sanders,Exporter,Hesse,Direct,2025-02-16,445.6,1.04,463.42,27.18,353.99,82.25,19.11,1.11,-0.07
4190,12564,Barley,Hulled,Miller PLC,Exporter,Saxony,Direct,2024-03-20,1283.2,1.11,1424.35,10.12,1334.02,80.21,11.82,1.22,-0.11
4191,9021,Barley,Hulled,"Donovan, Mercado and Henry",Exporter,Lower Saxony,Online,2025-05-05,1505.8,0.49,737.84,30.39,687.48,19.97,17.92,0.49,0.0
4192,11342,Corn,Dent,Smith-Finley,Retailer,Saxony,Cooperative,2025-01-09,1252.4,0.57,713.87,26.39,654.88,32.6,9.83,0.53,0.04
4193,836,Potato,Red,Allen-Cummings,Exporter,Saxony,Online,2025-05-03,489.3,1.08,528.44,0.26,512.75,15.43,22.37,1.2,-0.12
4194,10404,Soybean,Black,"Ford, Gonzalez and Harrington",Wholesaler,Saxony,Cooperative,2025-03-13,619.3,0.76,470.67,48.1,394.37,28.2,19.96,0.79,-0.03
4195,13987,Wheat,Durum,Gentry Ltd,Retailer,Hesse,Online,2025-02-20,1204.8,0.89,1072.27,30.07,983.58,58.62,12.68,0.91,-0.02
4196,1752,Corn,Dent,Murillo-Duncan,Retailer,Hesse,Direct,2024-07-07,695.4,1.49,1036.15,13.93,972.62,49.6,20.97,1.44,0.05
4197,2539,Barley,Hulless,Newman Group,Exporter,Bavaria,Cooperative,2025-04-24,1354.1,0.7,947.87,3.93,868.38,75.56,8.4,0.67,0.03
4198,13484,Potato,Red,Gates and Sons,Wholesaler,Brandenburg,Online,2025-04-19,1443.5,0.97,1400.2,24.27,1308.85,67.08,8.91,0.95,0.02
4199,14051,Barley,Hulled,Stewart-Buchanan,Wholesaler,Hesse,Cooperative,2025-02-27,1756.5,0.78,1370.07,5.4,1282.38,82.29,10.34,0.8,-0.02
4200,830,Barley,Hulless,Stevens-Mcbride,Retailer,Lower Saxony,Online,2025-02-02,1353.8,0.47,636.29,29.83,541.36,65.1,11.97,0.43,0.04
4201,12652,Barley,Hulled,Lopez-Woodward,Retailer,Lower Saxony,Online,2025-04-11,597.8,0.67,400.53,11.75,318.54,70.24,15.44,0.65,0.02
4202,11179,Barley,Hulless,Stewart-Madden,Retailer,Brandenburg,Direct,2025-05-01,1223.5,0.96,1174.56,13.87,1142.92,17.77,9.25,0.95,0.01
4203,4783,Soybean,Yellow,Rodriguez LLC,Exporter,Lower Saxony,Direct,2024-08-15,878.8,1.47,1291.84,33.89,1239.21,18.74,24.99,1.45,0.02
4204,13941,Potato,Russet,"Franklin, Hoover and Jones",Exporter,Hesse,Cooperative,2025-03-24,1672.1,0.82,1371.12,5.04,1286.08,80.0,9.53,0.85,-0.03
4205,11635,Wheat,Durum,Johnson PLC,Wholesaler,Brandenburg,Online,2024-10-18,1607.9,0.72,1157.69,39.95,1073.5,44.24,18.35,0.71,0.01
4206,3835,Soybean,Yellow,Jones-Li,Retailer,Bavaria,Cooperative,2025-02-27,892.3,1.17,1043.99,35.26,978.88,29.85,10.66,1.08,0.09
4207,10872,Potato,Red,Stuart-Mccoy,Wholesaler,Hesse,Direct,2024-10-23,423.4,0.49,207.47,17.54,124.45,65.48,14.52,0.47,0.02
4208,5397,Wheat,Durum,Brown Group,Retailer,Bavaria,Online,2024-10-06,522.4,1.51,788.82,14.75,763.59,10.48,15.89,1.4,0.11
4209,12597,Corn,Sweet,Long-Carpenter,Retailer,Bavaria,Cooperative,2024-12-26,1119.2,1.51,1689.99,43.14,1589.57,57.28,14.67,1.41,0.1
4210,8145,Soybean,Yellow,Nguyen-Smith,Wholesaler,Hesse,Direct,2025-04-27,887.4,1.0,887.4,12.86,821.39,53.15,15.77,1.0,0.0
4211,2280,Barley,Hulled,"Walsh, Smith and Johnson",Retailer,Bavaria,Cooperative,2025-05-05,1711.7,0.3,513.51,30.7,402.38,80.43,14.48,0.33,-0.03
4212,11627,Potato,Red,Montgomery Group,Exporter,Bavaria,Online,2025-04-23,1673.8,0.69,1154.92,14.08,1120.62,20.22,13.62,0.65,0.04
4213,810,Soybean,Yellow,Morris Ltd,Retailer,Saxony,Direct,2025-05-02,1806.0,0.42,758.52,27.0,684.16,47.36,6.28,0.4,0.02
4214,11034,Soybean,Black,Frey LLC,Retailer,Brandenburg,Online,2024-11-17,1221.6,0.34,415.34,19.59,369.93,25.82,18.94,0.36,-0.02
4215,4909,Wheat,Durum,Martinez-Hart,Exporter,Lower Saxony,Direct,2024-03-07,827.9,1.29,1067.99,31.63,946.57,89.79,9.54,1.35,-0.06
4216,8633,Potato,Red,Smith-Schultz,Retailer,Saxony,Direct,2024-11-14,1166.8,1.37,1598.52,7.81,1560.65,30.06,19.29,1.4,-0.03
4217,10477,Corn,Dent,Kim-Gaines,Exporter,Hesse,Online,2025-05-05,1024.9,1.27,1301.62,19.34,1269.47,12.81,12.98,1.35,-0.08
4218,6231,Corn,Sweet,Flynn-Atkins,Retailer,Bavaria,Direct,2025-05-05,1493.9,0.51,761.89,5.76,706.18,49.95,15.7,0.47,0.04
4219,9310,Potato,Red,"Cline, Anderson and Martinez",Wholesaler,Brandenburg,Direct,2024-12-16,241.6,1.09,263.34,47.67,116.15,99.52,10.79,1.09,0.0
4220,9593,Soybean,Black,Carter PLC,Retailer,Lower Saxony,Online,2024-11-08,1526.0,0.63,961.38,34.1,865.05,62.23,6.44,0.65,-0.02
4221,2662,Soybean,Black,Knight Ltd,Retailer,Bavaria,Direct,2024-11-08,1620.6,1.32,2139.19,29.94,2061.25,48.0,25.0,1.45,-0.13
4222,1326,Barley,Hulled,Fisher-Garcia,Wholesaler,Brandenburg,Direct,2025-03-30,534.1,1.39,742.4,31.2,658.59,52.61,14.29,1.49,-0.1
4223,9869,Corn,Sweet,"Wang, Robinson and Moore",Retailer,Hesse,Direct,2024-07-15,624.2,0.38,237.2,0.94,202.92,33.34,13.24,0.37,0.01
4224,11037,Corn,Dent,King PLC,Retailer,Lower Saxony,Cooperative,2025-05-05,486.3,0.78,379.31,7.25,331.94,40.12,17.17,0.78,0.0
4225,472,Barley,Hulless,"Chang, Hansen and Hernandez",Retailer,Saxony,Cooperative,2025-05-05,1046.1,1.36,1422.7,31.0,1316.09,75.61,17.0,1.3,0.06
4226,3691,Potato,Russet,Cunningham-Rodriguez,Retailer,Brandenburg,Online,2024-07-11,1139.1,0.79,899.89,45.14,768.03,86.72,9.59,0.84,-0.05
4227,5143,Wheat,Emmer,Espinoza-Le,Retailer,Saxony,Cooperative,2025-04-02,1449.6,0.48,695.81,38.95,615.31,41.55,8.45,0.47,0.01
4228,14689,Corn,Dent,Pham-Dawson,Wholesaler,Bavaria,Cooperative,2025-01-14,1040.8,0.64,666.11,35.35,569.53,61.23,20.51,0.64,0.0
4229,7938,Soybean,Black,Parker-Bennett,Exporter,Brandenburg,Direct,2025-04-19,363.0,1.15,417.45,10.74,349.25,57.46,13.8,1.22,-0.07
4230,3270,Corn,Dent,Perkins Group,Exporter,Lower Saxony,Online,2025-03-23,870.2,0.68,591.74,40.73,454.6,96.41,21.69,0.63,0.05
4231,11844,Corn,Dent,"Lewis, Hubbard and Perez",Retailer,Brandenburg,Cooperative,2025-04-22,584.2,1.4,817.88,45.52,692.59,79.77,11.01,1.4,0.0
4232,3538,Corn,Sweet,Branch Inc,Wholesaler,Lower Saxony,Online,2024-11-12,326.0,0.48,156.48,17.05,119.13,20.3,18.22,0.53,-0.05
4233,10961,Potato,Red,"Anderson, Caldwell and Johnson",Wholesaler,Lower Saxony,Online,2025-04-20,1434.4,0.86,1233.58,11.57,1181.73,40.28,20.69,0.93,-0.07
4234,2451,Soybean,Yellow,Beck LLC,Exporter,Saxony,Direct,2025-05-05,317.7,1.38,438.43,47.51,335.5,55.42,20.52,1.33,0.05
4235,1386,Corn,Dent,Wise-Hernandez,Retailer,Brandenburg,Cooperative,2025-04-20,1118.3,0.8,894.64,47.79,811.12,35.73,23.72,0.77,0.03
4236,4692,Corn,Sweet,"Zhang, Ruiz and Wilson",Retailer,Saxony,Direct,2024-09-09,1399.5,0.83,1161.58,30.48,1045.86,85.24,5.13,0.89,-0.06
4237,12706,Potato,Russet,"Galloway, Holmes and Leon",Exporter,Lower Saxony,Online,2024-02-12,1651.6,1.32,2180.11,18.45,2103.89,57.77,22.1,1.23,0.09
4238,10130,Wheat,Emmer,Lopez Inc,Retailer,Saxony,Online,2024-09-11,1174.3,1.23,1444.39,48.48,1351.8,44.11,19.81,1.34,-0.11
4239,1338,Potato,Russet,Santiago Group,Wholesaler,Bavaria,Cooperative,2024-11-25,1323.5,0.49,648.52,13.45,573.35,61.72,11.92,0.48,0.01
4240,4902,Barley,Hulled,"Green, Davis and Vasquez",Wholesaler,Saxony,Direct,2025-05-05,1729.4,0.36,622.58,47.91,555.21,19.46,22.66,0.4,-0.04
4241,1761,Potato,Russet,Lewis Ltd,Retailer,Saxony,Cooperative,2024-06-13,1929.6,1.25,2412.0,0.14,2368.86,43.0,12.83,1.37,-0.12
4242,3140,Barley,Hulless,"Hicks, Romero and Andrews",Exporter,Saxony,Online,2025-01-25,1827.4,0.29,529.95,2.06,491.06,36.83,7.04,0.3,-0.01
4243,3057,Wheat,Durum,Powers-Bennett,Wholesaler,Bavaria,Cooperative,2025-03-19,1601.2,1.2,1921.44,43.82,1813.88,63.74,24.55,1.21,-0.01
4244,13569,Soybean,Yellow,"Taylor, Osborne and Manning",Wholesaler,Saxony,Online,2024-10-01,1257.0,1.22,1533.54,21.59,1488.45,23.5,24.73,1.23,-0.01
4245,4746,Soybean,Yellow,"Fuller, Moore and Steele",Exporter,Brandenburg,Cooperative,2025-05-05,1153.7,0.61,703.76,7.17,606.34,90.25,20.68,0.6,0.01
4246,5398,Potato,Red,Cox-Daugherty,Retailer,Brandenburg,Direct,2024-12-01,950.0,1.23,1168.5,47.24,1097.37,23.89,24.95,1.17,0.06
4247,9019,Soybean,Yellow,"Nelson, Barnett and Gonzalez",Wholesaler,Lower Saxony,Online,2024-06-11,398.9,0.77,307.15,33.45,220.65,53.05,17.86,0.81,-0.04
4248,9427,Soybean,Black,Gutierrez-Golden,Wholesaler,Bavaria,Online,2025-04-26,1586.3,0.76,1205.59,11.66,1183.66,10.27,12.82,0.75,0.01
4249,318,Potato,Russet,Gibson-Wells,Wholesaler,Brandenburg,Direct,2025-05-04,935.7,0.39,364.92,0.94,284.93,79.05,6.36,0.41,-0.02
4250,9713,Corn,Dent,Morris and Sons,Exporter,Hesse,Cooperative,2025-03-15,1732.9,1.48,2564.69,37.0,2515.74,11.95,21.53,1.46,0.02
4251,5697,Barley,Hulless,Richmond-Nelson,Wholesaler,Saxony,Cooperative,2025-01-07,681.2,1.51,1028.61,44.73,959.51,24.37,13.49,1.47,0.04
4252,10314,Wheat,Durum,Hicks-Johnson,Retailer,Hesse,Direct,2025-02-15,1065.9,0.67,714.15,30.05,654.08,30.02,6.6,0.66,0.01
4253,128,Soybean,Black,"Hawkins, Russell and Myers",Retailer,Brandenburg,Online,2025-05-04,480.1,1.35,648.14,35.6,539.36,73.18,15.02,1.29,0.06
4254,9334,Potato,Russet,Harris Group,Retailer,Bavaria,Online,2024-07-22,1682.6,1.34,2254.68,41.66,2119.82,93.2,6.62,1.47,-0.13
4255,8734,Potato,Red,Blackburn Inc,Retailer,Bavaria,Cooperative,2025-02-20,1249.2,0.47,587.12,20.5,479.77,86.85,18.39,0.46,0.01
4256,11052,Barley,Hulled,Cisneros PLC,Retailer,Hesse,Online,2025-03-17,1550.3,0.38,589.11,16.61,474.01,98.49,18.89,0.37,0.01
4257,6952,Corn,Dent,Garcia and Sons,Wholesaler,Hesse,Direct,2025-03-23,1374.0,0.68,934.32,46.62,826.35,61.35,16.79,0.74,-0.06
4258,4178,Corn,Dent,"Bullock, Foster and Thomas",Exporter,Hesse,Online,2025-05-05,1125.3,1.06,1192.82,20.94,1085.16,86.72,23.53,1.12,-0.06
4259,10305,Potato,Russet,Hansen-Vaughn,Retailer,Lower Saxony,Cooperative,2025-01-04,453.9,0.32,145.25,47.1,77.5,20.65,6.58,0.31,0.01
4260,2843,Corn,Sweet,"Palmer, Garcia and Andrade",Retailer,Hesse,Online,2025-05-05,1139.0,1.08,1230.12,34.51,1120.66,74.95,7.26,1.03,0.05
4261,1006,Barley,Hulled,"Simon, Wilson and Watts",Exporter,Bavaria,Cooperative,2025-02-24,280.5,0.86,241.23,19.63,181.16,40.44,7.79,0.82,0.04
4262,11807,Corn,Dent,Holmes Ltd,Retailer,Brandenburg,Online,2024-07-31,812.7,1.61,1308.45,38.3,1233.56,36.59,7.6,1.48,0.13
4263,7508,Wheat,Durum,Miller LLC,Wholesaler,Saxony,Cooperative,2024-11-23,1735.8,0.76,1319.21,47.56,1190.41,81.24,10.1,0.71,0.05
4264,14014,Corn,Sweet,"Reynolds, Greene and Jones",Retailer,Bavaria,Online,2024-02-25,435.7,1.17,509.77,29.52,389.35,90.9,5.68,1.25,-0.08
4265,13331,Soybean,Yellow,"Moore, Walsh and Torres",Exporter,Bavaria,Online,2025-05-05,1580.1,0.96,1516.9,21.86,1397.37,97.67,19.07,0.99,-0.03
4266,3457,Potato,Red,"Smith, Obrien and Lee",Retailer,Bavaria,Direct,2024-10-17,1997.0,0.3,599.1,49.32,457.11,92.67,6.42,0.3,0.0
4267,9671,Wheat,Durum,Nolan PLC,Retailer,Bavaria,Online,2025-01-27,1938.7,1.58,3063.15,44.49,2969.56,49.1,8.69,1.48,0.1
4268,6633,Potato,Russet,Huerta-Brown,Exporter,Lower Saxony,Direct,2025-04-27,791.2,0.33,261.1,38.38,166.91,55.81,12.16,0.35,-0.02
4269,9281,Corn,Dent,Johnson-Duke,Retailer,Lower Saxony,Direct,2024-03-21,459.9,0.7,321.93,46.62,240.55,34.76,6.53,0.78,-0.08
4270,2905,Potato,Russet,Johnson-Doyle,Retailer,Brandenburg,Cooperative,2024-02-12,1546.6,1.03,1593.0,4.04,1505.32,83.64,14.19,0.94,0.09
4271,4013,Potato,Red,Carpenter-Mcdonald,Retailer,Lower Saxony,Cooperative,2024-10-17,464.7,0.78,362.47,25.73,282.51,54.23,22.5,0.81,-0.03
4272,8589,Soybean,Yellow,Hall-Dillon,Exporter,Saxony,Direct,2025-04-02,1804.5,0.38,685.71,20.93,582.01,82.77,21.27,0.36,0.02
4273,2422,Soybean,Black,White and Sons,Exporter,Hesse,Cooperative,2025-05-05,1979.6,1.35,2672.46,21.71,2600.23,50.52,6.03,1.46,-0.11
4274,11323,Barley,Hulless,"Washington, Roman and Wilkinson",Retailer,Bavaria,Cooperative,2024-05-31,879.8,0.8,703.84,19.56,665.19,19.09,10.6,0.88,-0.08
4275,9675,Potato,Russet,Mcdonald-Johnson,Retailer,Saxony,Direct,2025-05-03,1774.9,1.29,2289.62,31.25,2247.74,10.63,8.44,1.42,-0.13
4276,9099,Potato,Russet,"Odonnell, Miller and Bryant",Retailer,Lower Saxony,Online,2025-05-05,1758.5,0.5,879.25,24.83,779.18,75.24,7.02,0.48,0.02
4277,14779,Soybean,Black,Garcia-Pratt,Retailer,Brandenburg,Online,2025-01-19,1924.8,1.17,2252.02,4.98,2163.14,83.9,16.54,1.13,0.04
4278,6725,Soybean,Black,Bailey and Sons,Retailer,Brandenburg,Cooperative,2024-10-20,370.8,0.61,226.19,21.72,173.13,31.34,7.88,0.65,-0.04
4279,9539,Wheat,Durum,Jones LLC,Retailer,Lower Saxony,Direct,2025-05-01,222.6,1.22,271.57,31.78,152.89,86.9,13.21,1.11,0.11
4280,12603,Potato,Red,Griffith LLC,Wholesaler,Brandenburg,Direct,2025-05-03,1906.0,1.33,2534.98,43.34,2455.14,36.5,16.26,1.3,0.03
4281,6073,Potato,Red,Snyder-Wilcox,Retailer,Saxony,Direct,2025-03-03,1368.9,0.71,971.92,27.29,921.08,23.55,6.8,0.74,-0.03
4282,10568,Soybean,Black,"Yoder, Ramsey and Harper",Wholesaler,Lower Saxony,Direct,2025-05-05,1842.8,0.98,1805.94,29.05,1732.01,44.88,6.86,0.91,0.07
4283,4233,Wheat,Durum,"Myers, Cook and Williams",Exporter,Saxony,Cooperative,2025-03-30,1182.2,1.31,1548.68,36.67,1500.45,11.56,22.27,1.28,0.03
4284,10927,Wheat,Durum,Taylor-Smith,Exporter,Saxony,Online,2024-06-11,771.0,0.94,724.74,43.57,669.9,11.27,22.25,0.96,-0.02
4285,5407,Soybean,Black,Johnson-Stephens,Retailer,Lower Saxony,Direct,2025-05-03,809.7,0.36,291.49,13.36,262.0,16.13,13.9,0.36,0.0
4286,12080,Corn,Dent,"Smith, Doyle and Li",Retailer,Bavaria,Cooperative,2025-04-28,1948.1,0.5,974.05,20.12,930.39,23.54,7.25,0.47,0.03
4287,10730,Corn,Sweet,"Bates, Gordon and Martin",Exporter,Brandenburg,Direct,2025-04-20,1466.8,1.09,1598.81,31.72,1530.42,36.67,15.56,1.15,-0.06
4288,13988,Corn,Sweet,Mann-Parker,Retailer,Brandenburg,Direct,2025-01-07,1206.6,1.49,1797.83,31.72,1678.04,88.07,11.05,1.43,0.06
4289,8879,Potato,Russet,Park Inc,Retailer,Brandenburg,Cooperative,2025-03-20,1747.4,0.95,1660.03,0.38,1600.96,58.69,14.59,0.91,0.04
4290,9152,Barley,Hulless,"Stewart, Hill and Pearson",Exporter,Lower Saxony,Online,2024-08-05,899.9,1.09,980.89,1.92,933.52,45.45,9.92,1.18,-0.09
4291,5230,Wheat,Emmer,Hull Inc,Exporter,Saxony,Direct,2025-03-17,1754.1,0.72,1262.95,1.12,1177.31,84.52,6.35,0.72,0.0
4292,131,Potato,Red,Miller Group,Wholesaler,Brandenburg,Cooperative,2025-05-05,369.7,0.72,266.18,30.53,180.59,55.06,9.55,0.73,-0.01
4293,3713,Barley,Hulless,Brooks-Rodriguez,Exporter,Saxony,Direct,2025-02-05,1297.3,1.12,1452.98,20.37,1348.97,83.64,23.29,1.21,-0.09
4294,2609,Barley,Hulless,Lowery Inc,Wholesaler,Lower Saxony,Direct,2025-04-11,730.2,0.37,270.17,29.48,203.36,37.33,18.37,0.4,-0.03
4295,13719,Potato,Russet,Bryant-Ball,Wholesaler,Lower Saxony,Direct,2024-07-04,685.9,0.65,445.84,48.41,345.83,51.6,8.47,0.63,0.02
4296,287,Potato,Russet,Glass-Davenport,Retailer,Bavaria,Online,2024-09-14,1635.3,0.72,1177.42,26.85,1062.24,88.33,24.8,0.66,0.06
4297,8642,Barley,Hulless,Woodard and Sons,Exporter,Lower Saxony,Cooperative,2024-11-12,643.4,0.38,244.49,32.89,162.95,48.65,21.24,0.37,0.01
4298,10028,Barley,Hulled,"Cervantes, Cole and Obrien",Exporter,Bavaria,Cooperative,2025-04-10,1119.8,1.25,1399.75,43.19,1281.55,75.01,21.37,1.15,0.1
4299,415,Potato,Russet,"Mccarty, Thompson and Collier",Retailer,Bavaria,Cooperative,2025-05-05,1658.9,0.96,1592.54,33.99,1477.8,80.75,11.94,0.89,0.07
4300,1163,Wheat,Emmer,Escobar-Conley,Wholesaler,Bavaria,Direct,2025-01-12,715.9,0.93,665.79,10.6,616.02,39.17,20.98,0.88,0.05
4301,10157,Barley,Hulled,"Cisneros, Hutchinson and Lewis",Exporter,Saxony,Cooperative,2025-01-17,1592.0,1.39,2212.88,43.52,2137.12,32.24,19.82,1.39,0.0
4302,3264,Potato,Russet,Robles-Moore,Wholesaler,Bavaria,Online,2025-04-27,1339.1,0.51,682.94,34.03,582.24,66.67,5.34,0.55,-0.04
4303,4101,Corn,Sweet,"Ward, Alvarez and White",Exporter,Lower Saxony,Direct,2025-05-05,936.3,0.63,589.87,41.58,536.51,11.78,18.66,0.59,0.04
4304,9085,Corn,Dent,"Dixon, Jenkins and Solomon",Wholesaler,Saxony,Cooperative,2025-02-13,1829.0,0.96,1755.84,26.45,1688.89,40.5,16.11,1.07,-0.11
4305,3817,Barley,Hulled,"Kemp, Harvey and Hernandez",Exporter,Bavaria,Cooperative,2025-01-16,1481.9,0.58,859.5,42.78,784.87,31.85,12.79,0.57,0.01
4306,6536,Soybean,Black,Mack LLC,Retailer,Hesse,Direct,2024-11-19,223.6,1.15,257.14,20.41,185.71,51.02,13.28,1.18,-0.03
4307,13888,Wheat,Durum,Johnson-Sanchez,Wholesaler,Saxony,Online,2025-03-04,260.1,0.95,247.1,9.67,184.01,53.42,9.46,1.02,-0.07
4308,11214,Barley,Hulless,Rojas Inc,Retailer,Saxony,Online,2024-02-23,1392.4,0.4,556.96,3.27,508.12,45.57,17.78,0.41,-0.01
4309,13851,Potato,Red,"Gomez, Randolph and Carter",Exporter,Saxony,Cooperative,2025-03-24,868.0,1.49,1293.32,28.5,1201.7,63.12,16.07,1.48,0.01
4310,853,Corn,Dent,Mitchell-Larsen,Retailer,Brandenburg,Online,2024-12-12,1180.0,0.29,342.2,14.71,257.58,69.91,23.68,0.31,-0.02
4311,1665,Corn,Dent,"Mckinney, Yang and Barker",Wholesaler,Bavaria,Direct,2025-01-25,577.5,1.04,600.6,11.56,516.39,72.65,22.89,0.99,0.05
4312,11949,Barley,Hulled,Hoffman-Howell,Wholesaler,Saxony,Direct,2025-03-02,503.6,0.93,468.35,9.01,421.83,37.51,22.36,0.95,-0.02
4313,598,Corn,Dent,King PLC,Retailer,Lower Saxony,Online,2023-12-07,942.9,0.55,518.6,41.46,408.83,68.31,8.61,0.59,-0.04
4314,5646,Potato,Russet,Arnold-Stewart,Wholesaler,Lower Saxony,Online,2025-05-05,1392.2,0.52,723.94,48.6,607.73,67.61,18.76,0.48,0.04
4315,8461,Soybean,Black,Willis-Klein,Wholesaler,Hesse,Online,2025-04-19,1554.9,1.38,2145.76,43.52,2008.51,93.73,13.17,1.38,0.0
4316,11,Corn,Dent,"Mahoney, Hendricks and Ramirez",Retailer,Bavaria,Cooperative,2025-03-26,308.8,0.95,293.36,17.5,203.02,72.84,21.21,1.01,-0.06
4317,7237,Wheat,Durum,"Jacobs, Pittman and Novak",Retailer,Bavaria,Cooperative,2024-12-06,1306.4,0.73,953.67,21.04,896.52,36.11,23.05,0.69,0.04
4318,7943,Wheat,Emmer,Mcclain Group,Exporter,Bavaria,Direct,2024-12-11,1197.4,0.58,694.49,7.09,595.83,91.57,16.62,0.56,0.02
4319,12885,Wheat,Durum,Brown PLC,Wholesaler,Saxony,Online,2025-04-17,1780.1,0.77,1370.68,35.26,1315.91,19.51,19.39,0.75,0.02
4320,8361,Wheat,Emmer,"Harris, Burton and Brown",Retailer,Lower Saxony,Direct,2025-04-21,1290.6,0.79,1019.57,20.91,928.0,70.66,23.9,0.73,0.06
4321,1118,Potato,Russet,Jimenez-Martin,Exporter,Hesse,Online,2024-10-21,1126.3,1.31,1475.45,44.0,1358.27,73.18,15.99,1.25,0.06
4322,14739,Wheat,Durum,"Barnett, Morgan and Wilson",Retailer,Brandenburg,Cooperative,2024-08-24,1141.7,0.82,936.19,0.56,852.02,83.61,8.29,0.79,0.03
4323,1019,Wheat,Emmer,"Walton, Jones and Fleming",Retailer,Saxony,Cooperative,2024-04-13,1097.5,0.72,790.2,47.04,721.71,21.45,11.18,0.72,0.0
4324,13531,Barley,Hulled,Gibson PLC,Wholesaler,Saxony,Online,2025-03-14,772.2,1.5,1158.3,49.81,1056.21,52.28,8.11,1.49,0.01
4325,4175,Wheat,Durum,Harris PLC,Wholesaler,Saxony,Direct,2025-01-23,487.1,1.27,618.62,12.76,558.93,46.93,10.98,1.24,0.03
4326,5530,Soybean,Yellow,"Cruz, Ruiz and Berry",Wholesaler,Brandenburg,Online,2025-03-15,876.7,1.06,929.3,39.84,826.69,62.77,9.24,1.12,-0.06
4327,14801,Barley,Hulless,"Rodriguez, Adams and Key",Wholesaler,Hesse,Online,2025-04-13,366.2,0.75,274.65,4.27,259.82,10.56,16.14,0.76,-0.01
4328,7425,Corn,Dent,King Ltd,Exporter,Saxony,Online,2024-10-27,728.0,0.88,640.64,17.33,566.96,56.35,8.3,0.93,-0.05
4329,7364,Soybean,Yellow,Adams-Riley,Exporter,Bavaria,Cooperative,2025-04-12,711.2,0.94,668.53,9.29,608.87,50.37,16.42,0.86,0.08
4330,9931,Soybean,Yellow,"Castillo, Guzman and Smith",Exporter,Brandenburg,Online,2025-02-07,1505.0,0.89,1339.45,34.26,1229.16,76.03,7.79,0.96,-0.07
4331,647,Corn,Dent,Powers PLC,Exporter,Bavaria,Direct,2024-07-30,873.1,0.53,462.74,46.15,318.59,98.0,20.15,0.58,-0.05
4332,4064,Wheat,Durum,Hammond Inc,Exporter,Hesse,Direct,2025-02-04,1437.3,0.69,991.74,42.66,855.96,93.12,22.01,0.63,0.06
4333,6247,Barley,Hulled,"Walters, Atkinson and Cooper",Wholesaler,Lower Saxony,Online,2025-01-02,1300.4,0.55,715.22,9.2,690.73,15.29,22.64,0.58,-0.03
4334,2346,Potato,Red,Garrett-Parker,Retailer,Saxony,Online,2024-11-25,459.6,1.17,537.73,43.57,411.46,82.7,19.38,1.22,-0.05
4335,6625,Potato,Russet,Thompson Ltd,Wholesaler,Hesse,Direct,2024-02-28,1306.0,1.22,1593.32,13.92,1493.35,86.05,5.05,1.24,-0.02
4336,4802,Potato,Russet,Robles LLC,Wholesaler,Lower Saxony,Cooperative,2024-11-25,1139.3,0.45,512.68,32.36,429.52,50.8,5.31,0.41,0.04
4337,6008,Potato,Red,Mack-Alvarez,Wholesaler,Bavaria,Cooperative,2025-04-26,883.9,1.45,1281.66,47.09,1177.05,57.52,8.32,1.48,-0.03
4338,14756,Barley,Hulled,Castro Ltd,Exporter,Brandenburg,Cooperative,2023-12-26,571.2,0.52,297.02,4.47,260.97,31.58,24.22,0.53,-0.01
4339,8574,Barley,Hulless,"Turner, Perez and Reed",Retailer,Brandenburg,Online,2024-09-02,1804.1,1.4,2525.74,46.54,2396.63,82.57,6.63,1.43,-0.03
4340,11611,Corn,Dent,"Campbell, Love and Jackson",Wholesaler,Lower Saxony,Cooperative,2025-01-24,704.0,1.31,922.24,37.84,790.34,94.06,5.48,1.26,0.05
4341,2417,Wheat,Emmer,Jones-Sandoval,Exporter,Lower Saxony,Online,2025-05-05,876.9,0.6,526.14,31.03,473.23,21.88,24.97,0.58,0.02
4342,10418,Corn,Sweet,Soto-Shaw,Wholesaler,Saxony,Direct,2025-04-04,1209.3,1.07,1293.95,8.94,1187.88,97.13,18.65,1.17,-0.1
4343,7170,Soybean,Black,Nguyen-Valdez,Exporter,Bavaria,Direct,2025-05-04,1273.1,0.69,878.44,4.73,784.28,89.43,10.59,0.66,0.03
4344,11929,Wheat,Emmer,Johnson PLC,Retailer,Brandenburg,Online,2024-11-11,654.5,1.01,661.04,10.12,576.49,74.43,10.33,1.08,-0.07
4345,2056,Wheat,Emmer,Bass-Perry,Exporter,Bavaria,Online,2025-04-19,1382.8,1.32,1825.3,23.91,1705.16,96.23,16.68,1.28,0.04
4346,2728,Corn,Dent,Chung Inc,Wholesaler,Saxony,Online,2024-08-02,1321.4,0.45,594.63,5.43,568.13,21.07,20.88,0.44,0.01
4347,4745,Soybean,Yellow,"Rose, Miller and Kim",Wholesaler,Hesse,Direct,2025-05-05,1585.3,1.36,2156.01,42.23,2074.84,38.94,19.39,1.47,-0.11
4348,3424,Soybean,Yellow,Myers Inc,Retailer,Hesse,Cooperative,2024-09-17,1337.8,1.23,1645.49,17.67,1609.9,17.92,13.79,1.34,-0.11
4349,11659,Corn,Sweet,Mccormick Ltd,Exporter,Brandenburg,Direct,2024-11-21,1491.6,1.28,1909.25,25.84,1812.23,71.18,13.94,1.22,0.06
4350,10509,Soybean,Black,"Terry, Richardson and Alvarado",Exporter,Lower Saxony,Direct,2025-04-03,860.1,0.31,266.63,10.55,212.87,43.21,16.14,0.33,-0.02
4351,14479,Potato,Red,"Long, Alvarez and Hill",Retailer,Saxony,Direct,2025-01-10,1096.6,1.4,1535.24,10.97,1460.5,63.77,14.91,1.39,0.01
4352,1080,Potato,Red,"Brennan, White and Scott",Retailer,Bavaria,Direct,2025-03-01,1530.8,0.32,489.86,40.0,411.7,38.16,17.07,0.32,0.0
4353,9318,Soybean,Black,Powell-Jones,Wholesaler,Hesse,Direct,2025-03-13,1655.5,0.53,877.42,34.93,772.4,70.09,5.01,0.58,-0.05
4354,8894,Wheat,Durum,Miller Inc,Retailer,Lower Saxony,Direct,2025-03-06,819.5,0.36,295.02,29.22,227.44,38.36,12.03,0.35,0.01
4355,11629,Wheat,Emmer,Wilson-Thomas,Exporter,Lower Saxony,Direct,2025-05-03,1823.3,0.33,601.69,36.54,548.98,16.17,17.56,0.35,-0.02
4356,6728,Barley,Hulled,Smith Ltd,Wholesaler,Brandenburg,Cooperative,2025-05-05,843.5,1.19,1003.76,33.03,942.21,28.52,15.3,1.16,0.03
4357,10332,Potato,Russet,Smith Ltd,Wholesaler,Brandenburg,Direct,2025-03-15,584.3,0.77,449.91,31.23,395.66,23.02,8.65,0.76,0.01
4358,40,Barley,Hulless,"Foley, Gallagher and Kennedy",Wholesaler,Brandenburg,Direct,2025-05-05,1811.4,1.36,2463.5,12.33,2367.14,84.03,13.15,1.41,-0.05
4359,1160,Corn,Sweet,"Fuller, Pratt and Mcdonald",Wholesaler,Saxony,Direct,2025-02-15,1333.8,0.45,600.21,44.1,502.79,53.32,6.22,0.41,0.04
4360,2406,Soybean,Yellow,Franklin PLC,Exporter,Saxony,Cooperative,2025-05-05,1280.4,0.94,1203.58,1.16,1106.59,95.83,7.48,1.04,-0.1
4361,14231,Barley,Hulless,Hester Inc,Exporter,Lower Saxony,Direct,2024-12-10,1059.4,1.05,1112.37,6.23,1048.79,57.35,10.76,1.13,-0.08
4362,5245,Soybean,Black,Stephens-Perry,Retailer,Brandenburg,Online,2025-04-20,437.2,0.68,297.3,8.21,248.1,40.99,6.75,0.67,0.01
4363,14935,Soybean,Yellow,Lee Ltd,Exporter,Bavaria,Direct,2024-03-10,205.1,1.48,303.55,47.92,206.41,49.22,15.67,1.37,0.11
4364,6524,Barley,Hulless,"Johnson, Blankenship and Anderson",Wholesaler,Brandenburg,Online,2025-04-24,805.4,1.52,1224.21,17.6,1109.19,97.42,19.42,1.39,0.13
4365,2207,Wheat,Emmer,Foster-Lee,Retailer,Hesse,Cooperative,2025-03-28,1806.5,0.9,1625.85,24.64,1531.94,69.27,9.67,0.95,-0.05
4366,988,Barley,Hulled,Stanley and Sons,Exporter,Lower Saxony,Direct,2025-05-05,392.4,0.65,255.06,35.95,192.76,26.35,16.02,0.62,0.03
4367,7222,Wheat,Emmer,Wilson LLC,Wholesaler,Hesse,Online,2024-10-15,549.0,1.4,768.6,32.34,707.14,29.12,18.47,1.38,0.02
4368,13592,Soybean,Yellow,Harmon-Williams,Exporter,Bavaria,Direct,2025-01-25,1417.8,0.5,708.9,19.63,659.6,29.67,23.62,0.48,0.02
4369,4867,Barley,Hulled,"Pham, Dunn and Diaz",Retailer,Hesse,Cooperative,2024-05-24,460.8,0.67,308.74,49.29,211.95,47.5,8.38,0.72,-0.05
4370,7554,Corn,Sweet,Rogers-Martinez,Retailer,Lower Saxony,Cooperative,2023-12-11,655.1,0.72,471.67,43.77,370.43,57.47,8.07,0.7,0.02
4371,1270,Corn,Sweet,Campbell Ltd,Exporter,Bavaria,Direct,2025-05-05,1598.2,0.59,942.94,17.0,835.27,90.67,10.75,0.62,-0.03
4372,13524,Potato,Russet,Wood-Stewart,Retailer,Bavaria,Direct,2025-03-03,442.4,1.28,566.27,17.3,502.48,46.49,16.62,1.38,-0.1
4373,13893,Corn,Dent,Williams-Sims,Exporter,Brandenburg,Cooperative,2025-04-17,1576.9,0.69,1088.06,3.71,1061.94,22.41,10.46,0.74,-0.05
4374,7867,Wheat,Emmer,Fisher-Chavez,Wholesaler,Hesse,Direct,2024-12-04,1307.0,0.81,1058.67,31.77,946.65,80.25,21.08,0.79,0.02
4375,2851,Soybean,Yellow,Thomas Ltd,Exporter,Hesse,Cooperative,2024-12-08,1728.3,1.13,1952.98,28.68,1855.44,68.86,7.07,1.19,-0.06
4376,14848,Soybean,Black,Arnold and Sons,Retailer,Hesse,Cooperative,2025-05-03,898.3,1.31,1176.77,49.7,1065.93,61.14,14.37,1.29,0.02
4377,384,Potato,Red,David LLC,Wholesaler,Bavaria,Cooperative,2024-12-29,1733.2,0.54,935.93,1.12,845.81,89.0,19.92,0.55,-0.01
4378,11181,Barley,Hulless,Tucker-Baldwin,Wholesaler,Saxony,Online,2024-09-29,831.1,1.28,1063.81,8.11,1043.05,12.65,18.03,1.27,0.01
4379,5266,Barley,Hulless,Casey-Burch,Exporter,Bavaria,Online,2024-08-14,276.9,0.8,221.52,15.69,161.24,44.59,6.59,0.87,-0.07
4380,9349,Wheat,Emmer,"Rose, Daniels and Holloway",Exporter,Lower Saxony,Cooperative,2024-09-30,1497.6,0.52,778.75,28.69,688.56,61.5,19.42,0.48,0.04
4381,9501,Wheat,Durum,"Henson, Wilkins and Morris",Exporter,Saxony,Cooperative,2024-04-26,1864.1,1.23,2292.84,39.5,2228.19,25.15,13.12,1.24,-0.01
4382,2779,Barley,Hulled,Castro-Lopez,Exporter,Saxony,Online,2025-05-05,1724.9,0.96,1655.9,41.58,1574.98,39.34,8.35,0.96,0.0
4383,6594,Wheat,Durum,Murray-Jackson,Retailer,Brandenburg,Direct,2025-02-12,1905.6,0.33,628.85,3.85,543.19,81.81,21.14,0.31,0.02
4384,4110,Barley,Hulless,Hernandez Inc,Exporter,Saxony,Direct,2025-03-27,832.0,0.58,482.56,21.46,406.26,54.84,24.53,0.54,0.04
4385,14508,Potato,Russet,Reyes PLC,Retailer,Lower Saxony,Online,2025-04-29,400.9,0.38,152.34,39.01,94.56,18.77,7.35,0.38,0.0
4386,2212,Barley,Hulless,Jones-Santiago,Retailer,Brandenburg,Online,2025-01-02,1403.9,0.61,856.38,49.97,776.17,30.24,17.7,0.56,0.05
4387,4845,Barley,Hulled,Smith Ltd,Wholesaler,Brandenburg,Direct,2025-05-05,274.1,0.9,246.69,35.27,175.78,35.64,11.83,0.95,-0.05
4388,4471,Soybean,Yellow,Patterson Inc,Exporter,Saxony,Cooperative,2025-05-05,1868.3,0.36,672.59,29.99,582.45,60.15,23.54,0.33,0.03
4389,6372,Soybean,Black,"Lee, Massey and Carter",Exporter,Saxony,Direct,2025-05-05,382.3,0.78,298.19,48.16,191.61,58.42,12.96,0.83,-0.05
4390,11211,Potato,Russet,Wright-Brennan,Wholesaler,Brandenburg,Cooperative,2024-09-06,1623.8,0.57,925.57,36.64,878.22,10.71,20.43,0.57,0.0
4391,9359,Wheat,Durum,Peterson-Harrell,Exporter,Saxony,Cooperative,2024-07-31,1696.9,0.4,678.76,25.0,582.58,71.18,23.04,0.37,0.03
4392,4397,Soybean,Yellow,"Miller, Hobbs and Lopez",Retailer,Hesse,Online,2025-04-30,1028.3,0.31,318.77,18.03,266.68,34.06,18.83,0.33,-0.02
4393,11822,Potato,Russet,Sherman-Burton,Wholesaler,Saxony,Direct,2024-09-25,1194.1,0.84,1003.04,27.53,885.63,89.88,8.98,0.89,-0.05
4394,87,Barley,Hulled,Bell and Sons,Exporter,Bavaria,Cooperative,2025-04-12,1781.3,1.27,2262.25,36.17,2158.1,67.98,8.94,1.27,0.0
4395,2265,Barley,Hulless,"Edwards, Dennis and Burns",Wholesaler,Saxony,Online,2025-05-04,1345.4,1.42,1910.47,25.01,1791.24,94.22,8.46,1.32,0.1
4396,7783,Soybean,Yellow,"Olson, Butler and Green",Retailer,Brandenburg,Online,2024-11-27,224.6,0.51,114.55,26.08,19.98,68.49,16.25,0.54,-0.03
4397,8375,Soybean,Black,"Graham, Moreno and Lopez",Exporter,Lower Saxony,Cooperative,2025-04-13,1031.2,0.41,422.79,13.77,319.55,89.47,6.43,0.4,0.01
4398,2892,Corn,Dent,Smith Group,Wholesaler,Lower Saxony,Cooperative,2024-09-16,813.5,0.7,569.45,33.23,447.54,88.68,19.88,0.75,-0.05
4399,11029,Barley,Hulled,Miller-Houston,Retailer,Brandenburg,Direct,2025-04-16,1977.8,1.25,2472.25,3.95,2416.58,51.72,22.11,1.2,0.05
4400,2030,Wheat,Emmer,Savage and Sons,Retailer,Bavaria,Online,2025-01-12,1158.9,1.25,1448.62,19.42,1395.45,33.75,10.93,1.24,0.01
4401,7838,Barley,Hulless,Montgomery Group,Wholesaler,Brandenburg,Direct,2024-10-30,305.0,1.22,372.1,36.23,293.39,42.48,5.56,1.27,-0.05
4402,2873,Corn,Sweet,"Pope, Cannon and Bennett",Retailer,Hesse,Direct,2024-11-21,342.6,0.71,243.25,15.53,190.38,37.34,18.07,0.66,0.05
4403,4572,Soybean,Black,Clark-Bishop,Wholesaler,Brandenburg,Cooperative,2025-01-22,1398.5,1.49,2083.76,46.42,1937.35,99.99,19.79,1.37,0.12
4404,8152,Soybean,Yellow,Elliott-Obrien,Retailer,Hesse,Direct,2024-03-23,1511.2,1.0,1511.2,6.9,1421.27,83.03,19.29,0.94,0.06
4405,12766,Wheat,Durum,Foster-Evans,Wholesaler,Saxony,Direct,2024-11-30,380.1,1.25,475.12,49.68,409.0,16.44,13.36,1.35,-0.1
4406,14519,Corn,Dent,"Nelson, Williams and Martinez",Exporter,Bavaria,Online,2023-12-07,1536.0,0.32,491.52,28.14,417.78,45.6,15.21,0.33,-0.01
4407,12455,Potato,Red,"Flores, Bradshaw and Richards",Exporter,Brandenburg,Cooperative,2025-05-04,1300.3,1.42,1846.43,9.31,1826.96,10.16,15.56,1.38,0.04
4408,5461,Corn,Dent,Baldwin-Kelly,Exporter,Bavaria,Direct,2025-02-04,677.1,1.32,893.77,5.37,808.83,79.57,16.44,1.41,-0.09
4409,9341,Corn,Sweet,Owens-Reynolds,Exporter,Lower Saxony,Online,2024-11-26,1377.1,0.74,1019.05,14.28,952.83,51.94,18.15,0.72,0.02
4410,7940,Potato,Red,"Martinez, Garcia and Daniels",Exporter,Brandenburg,Direct,2024-10-11,1347.8,0.92,1239.98,0.73,1147.31,91.94,13.89,0.89,0.03
4411,9917,Wheat,Emmer,"Henderson, Williams and Stevens",Exporter,Lower Saxony,Cooperative,2025-01-10,364.2,1.15,418.83,44.29,275.22,99.32,22.55,1.26,-0.11
4412,5316,Potato,Red,Lewis Ltd,Wholesaler,Hesse,Cooperative,2024-07-02,953.0,0.39,371.67,9.78,293.19,68.7,11.49,0.4,-0.01
4413,4816,Corn,Dent,"Rodriguez, Bailey and Holmes",Wholesaler,Brandenburg,Online,2025-02-08,978.1,1.29,1261.75,4.89,1214.45,42.41,24.51,1.25,0.04
4414,209,Soybean,Black,Thomas Group,Wholesaler,Bavaria,Cooperative,2025-03-28,847.8,0.85,720.63,10.37,648.58,61.68,11.07,0.88,-0.03
4415,14906,Corn,Sweet,Sanders-Franco,Retailer,Bavaria,Cooperative,2025-01-07,373.0,1.19,443.87,47.35,310.2,86.32,11.78,1.18,0.01
4416,4660,Potato,Red,Price Inc,Exporter,Brandenburg,Direct,2025-04-16,451.6,1.15,519.34,24.28,448.98,46.08,6.63,1.18,-0.03
4417,12311,Corn,Sweet,Bailey PLC,Wholesaler,Lower Saxony,Direct,2024-12-18,1709.8,1.32,2256.94,37.65,2145.88,73.41,11.7,1.33,-0.01
4418,6992,Soybean,Black,Marquez PLC,Exporter,Bavaria,Online,2025-04-27,1948.5,1.43,2786.36,23.92,2742.13,20.31,13.92,1.41,0.02
4419,17,Potato,Russet,Elliott-Marquez,Wholesaler,Lower Saxony,Online,2025-04-27,691.8,1.12,774.82,22.7,715.8,36.32,14.43,1.03,0.09
4420,12224,Soybean,Black,Davis Ltd,Exporter,Hesse,Direct,2025-05-05,321.7,0.79,254.14,27.37,143.89,82.88,8.82,0.78,0.01
4421,6985,Corn,Dent,"Welch, Ramirez and Peterson",Retailer,Saxony,Cooperative,2024-07-22,1992.0,0.55,1095.6,14.6,1025.22,55.78,11.16,0.57,-0.02
4422,14330,Wheat,Emmer,"Wilkins, Kelly and Brown",Retailer,Hesse,Direct,2025-01-16,1039.2,1.02,1059.98,4.15,1024.63,31.2,23.84,0.96,0.06
4423,10247,Potato,Russet,Barajas LLC,Retailer,Bavaria,Direct,2024-12-01,1979.3,0.89,1761.58,6.24,1667.42,87.92,18.17,0.9,-0.01
4424,7886,Barley,Hulled,Strong and Sons,Retailer,Bavaria,Online,2025-01-24,530.1,1.29,683.83,9.21,660.72,13.9,16.67,1.35,-0.06
4425,8422,Potato,Russet,Johnson PLC,Wholesaler,Lower Saxony,Online,2025-03-11,1932.4,0.62,1198.09,45.19,1057.54,95.36,14.59,0.57,0.05
4426,5771,Potato,Russet,Bell Ltd,Wholesaler,Lower Saxony,Online,2024-08-16,242.1,0.66,159.79,44.15,59.93,55.71,23.87,0.61,0.05
4427,3618,Potato,Red,Chapman-Alexander,Retailer,Hesse,Direct,2024-12-25,487.1,0.79,384.81,47.52,263.01,74.28,10.01,0.75,0.04
4428,6137,Corn,Sweet,"Powell, Gibbs and Brown",Exporter,Brandenburg,Online,2025-01-05,403.8,0.65,262.47,20.81,226.41,15.25,9.27,0.68,-0.03
4429,10274,Soybean,Black,"Graham, Brown and Howard",Wholesaler,Lower Saxony,Direct,2024-02-23,1098.9,1.04,1142.86,9.31,1073.68,59.87,13.36,0.98,0.06
4430,3270,Corn,Dent,"Ramirez, Spears and Evans",Retailer,Saxony,Direct,2025-02-11,768.8,0.62,476.66,12.28,454.09,10.29,17.91,0.63,-0.01
4431,14281,Potato,Russet,Holmes-Chaney,Exporter,Bavaria,Direct,2024-11-26,427.2,0.81,346.03,36.82,233.75,75.46,10.31,0.78,0.03
4432,7666,Barley,Hulled,Miller-Hoffman,Retailer,Saxony,Online,2025-05-05,1790.4,1.45,2596.08,18.88,2564.37,12.83,10.79,1.41,0.04
4433,13633,Corn,Sweet,"Payne, Edwards and Rice",Wholesaler,Brandenburg,Online,2025-04-07,1424.9,0.73,1040.18,28.39,966.78,45.01,21.95,0.7,0.03
4434,5821,Wheat,Durum,"Ortiz, Hansen and Thomas",Exporter,Bavaria,Direct,2025-03-18,1166.9,0.59,688.47,40.82,550.99,96.66,8.15,0.57,0.02
4435,9058,Barley,Hulless,Chavez PLC,Retailer,Bavaria,Direct,2025-05-05,935.9,0.6,561.54,4.19,544.69,12.66,24.37,0.61,-0.01
4436,2270,Wheat,Durum,Schaefer PLC,Retailer,Brandenburg,Cooperative,2025-05-05,413.7,0.88,364.06,12.46,269.79,81.81,6.49,0.98,-0.1
4437,1546,Wheat,Durum,"Butler, Carter and Day",Exporter,Saxony,Online,2024-07-09,1785.8,1.34,2392.97,36.23,2323.84,32.9,13.85,1.35,-0.01
4438,7757,Barley,Hulled,Carlson Group,Retailer,Brandenburg,Direct,2025-03-16,1568.6,0.6,941.16,34.18,844.91,62.07,22.92,0.6,0.0
4439,3810,Barley,Hulled,Barton-Smith,Exporter,Saxony,Direct,2025-01-27,1992.3,0.84,1673.53,10.1,1571.02,92.41,19.42,0.81,0.03
4440,11159,Potato,Red,Hayes Inc,Retailer,Hesse,Cooperative,2025-01-12,1492.0,0.87,1298.04,0.2,1221.47,76.37,15.9,0.87,0.0
4441,2313,Corn,Dent,"Taylor, Santana and Cline",Exporter,Brandenburg,Cooperative,2025-05-05,718.5,0.9,646.65,33.17,586.33,27.15,14.05,0.98,-0.08
4442,6272,Soybean,Black,Nelson-King,Exporter,Lower Saxony,Direct,2025-02-27,948.5,0.85,806.22,22.26,772.73,11.23,15.94,0.93,-0.08
4443,2430,Soybean,Black,Olson-Hernandez,Wholesaler,Brandenburg,Online,2024-10-02,945.1,1.52,1436.55,10.52,1347.36,78.67,17.73,1.49,0.03
4444,10979,Corn,Sweet,Black LLC,Retailer,Bavaria,Online,2024-12-30,1023.4,1.09,1115.51,33.53,1046.54,35.44,6.27,1.18,-0.09
4445,4120,Wheat,Emmer,Johnson-Parrish,Exporter,Brandenburg,Cooperative,2025-04-07,1870.2,1.51,2824.0,29.65,2723.26,71.09,19.22,1.48,0.03
4446,3626,Barley,Hulless,Cortez PLC,Retailer,Brandenburg,Cooperative,2025-04-29,297.3,0.82,243.79,38.31,172.98,32.5,17.64,0.86,-0.04
4447,4167,Potato,Russet,Hernandez and Sons,Exporter,Bavaria,Online,2023-10-09,549.0,0.61,334.89,36.25,239.17,59.47,21.42,0.64,-0.03
4448,12145,Corn,Dent,Conley LLC,Retailer,Lower Saxony,Online,2024-07-01,1421.3,0.37,525.88,42.85,447.13,35.9,13.33,0.34,0.03
4449,972,Potato,Red,"Haynes, Reyes and Murray",Wholesaler,Bavaria,Direct,2025-02-17,1052.6,0.85,894.71,27.8,767.12,99.79,14.6,0.93,-0.08
4450,2119,Wheat,Durum,Bond-Johnston,Wholesaler,Hesse,Online,2024-10-09,451.2,0.36,162.43,37.36,28.01,97.06,10.73,0.37,-0.01
4451,8034,Corn,Sweet,Cunningham-Rogers,Retailer,Lower Saxony,Direct,2025-04-07,776.2,0.84,652.01,9.15,624.97,17.89,5.75,0.79,0.05
4452,10040,Corn,Sweet,Maddox Ltd,Wholesaler,Bavaria,Direct,2025-05-05,1298.1,1.29,1674.55,9.04,1625.3,40.21,17.72,1.42,-0.13
4453,8978,Barley,Hulled,"Frank, Morris and Gonzalez",Exporter,Lower Saxony,Direct,2025-04-18,1022.8,0.8,818.24,40.8,742.95,34.49,6.23,0.87,-0.07
4454,6056,Wheat,Durum,Davies-Middleton,Exporter,Saxony,Cooperative,2025-01-19,1373.5,0.66,906.51,46.57,793.45,66.49,16.66,0.69,-0.03
4455,10009,Barley,Hulled,"Beasley, Roberts and Obrien",Wholesaler,Saxony,Online,2024-11-25,466.5,0.44,205.26,16.79,120.91,67.56,19.41,0.42,0.02
4456,10894,Barley,Hulless,Davenport-Marshall,Wholesaler,Lower Saxony,Cooperative,2025-04-25,921.4,0.45,414.63,42.97,275.77,95.89,17.33,0.47,-0.02
4457,4117,Potato,Russet,"Anderson, Freeman and Garcia",Wholesaler,Lower Saxony,Online,2024-07-10,1840.0,1.43,2631.2,36.43,2566.37,28.4,24.1,1.47,-0.04
4458,2767,Potato,Russet,Williams Inc,Wholesaler,Bavaria,Cooperative,2025-05-02,1707.8,0.39,666.04,4.06,569.52,92.46,7.3,0.41,-0.02
4459,492,Barley,Hulled,Martinez-Figueroa,Wholesaler,Saxony,Direct,2025-05-05,1833.5,1.0,1833.5,12.06,1749.34,72.1,6.01,1.05,-0.05
4460,4366,Barley,Hulled,Brown and Sons,Retailer,Bavaria,Online,2025-04-25,847.9,1.03,873.34,14.06,791.39,67.89,14.37,1.12,-0.09
4461,14749,Corn,Sweet,Holmes-Anderson,Retailer,Bavaria,Cooperative,2024-10-28,1223.7,0.99,1211.46,31.82,1102.7,76.94,12.46,0.98,0.01
4462,9791,Corn,Sweet,"Williams, Willis and Smith",Wholesaler,Brandenburg,Online,2024-05-20,1096.0,1.04,1139.84,41.12,1036.48,62.24,24.96,1.04,0.0
4463,5548,Barley,Hulless,Wilson-Mathews,Exporter,Saxony,Online,2024-10-04,261.8,1.08,282.74,32.6,228.24,21.9,10.18,1.02,0.06
4464,8431,Wheat,Durum,"Lee, Reyes and Rodriguez",Wholesaler,Lower Saxony,Online,2024-09-10,693.2,1.25,866.5,16.6,829.65,20.25,14.6,1.17,0.08
4465,11134,Soybean,Yellow,Peters Inc,Retailer,Lower Saxony,Online,2025-01-16,1884.7,0.62,1168.51,9.63,1135.25,23.63,16.85,0.62,0.0
4466,7146,Corn,Dent,Miller-Sutton,Exporter,Saxony,Online,2024-07-31,1318.0,1.12,1476.16,24.41,1408.36,43.39,21.42,1.13,-0.01
4467,3887,Barley,Hulled,Tanner-Taylor,Exporter,Saxony,Cooperative,2024-06-04,288.8,0.81,233.93,9.97,125.35,98.61,19.82,0.85,-0.04
4468,3181,Potato,Red,Colon PLC,Retailer,Brandenburg,Cooperative,2025-01-30,1145.5,0.45,515.48,27.69,415.19,72.6,23.5,0.49,-0.04
4469,13189,Soybean,Black,Gross-Perry,Retailer,Brandenburg,Online,2024-08-06,1385.1,0.6,831.06,10.14,776.88,44.04,20.13,0.67,-0.07
4470,5529,Wheat,Emmer,Jones-Harrison,Retailer,Hesse,Direct,2025-05-03,552.4,1.39,767.84,47.59,640.79,79.46,17.61,1.34,0.05
4471,2647,Barley,Hulless,"Robinson, Thompson and Evans",Exporter,Lower Saxony,Direct,2024-08-28,1490.9,0.79,1177.81,33.05,1095.2,49.56,14.43,0.82,-0.03
4472,11466,Potato,Russet,Ramos Inc,Wholesaler,Bavaria,Direct,2024-09-11,1460.7,0.32,467.42,30.9,382.14,54.38,21.45,0.3,0.02
4473,10019,Corn,Dent,Carter Ltd,Retailer,Brandenburg,Direct,2024-10-07,1417.7,0.35,496.2,14.96,451.29,29.95,12.31,0.35,0.0
4474,10756,Wheat,Emmer,"Walker, Christian and Harris",Wholesaler,Saxony,Cooperative,2025-05-05,289.3,0.85,245.9,4.57,230.55,10.78,21.13,0.78,0.07
4475,804,Soybean,Yellow,"Sanchez, Thompson and Simmons",Wholesaler,Bavaria,Cooperative,2025-05-03,1477.4,0.87,1285.34,15.33,1228.29,41.72,9.62,0.82,0.05
4476,14360,Corn,Sweet,"Macdonald, Smith and Hernandez",Wholesaler,Brandenburg,Cooperative,2025-05-05,591.4,0.97,573.66,42.66,489.05,41.95,24.46,0.99,-0.02
4477,1493,Wheat,Durum,Meyer PLC,Wholesaler,Brandenburg,Online,2025-03-06,809.1,0.61,493.55,32.01,411.65,49.89,19.5,0.63,-0.02
4478,8790,Wheat,Durum,Mendez Group,Exporter,Bavaria,Online,2025-05-05,291.4,0.91,265.17,28.84,162.37,73.96,18.0,0.83,0.08
4479,3802,Barley,Hulless,"Allen, Cunningham and Jensen",Exporter,Hesse,Cooperative,2025-03-18,754.6,1.14,860.24,5.3,842.98,11.96,20.7,1.1,0.04
4480,3870,Soybean,Black,Knight-Hayes,Exporter,Hesse,Online,2025-05-02,356.1,0.65,231.47,41.88,117.26,72.33,21.87,0.6,0.05
4481,6653,Corn,Sweet,Simon-Jones,Exporter,Bavaria,Direct,2025-02-15,1633.2,0.37,604.28,34.96,549.67,19.65,23.31,0.38,-0.01
4482,1619,Corn,Sweet,Butler LLC,Wholesaler,Brandenburg,Cooperative,2025-05-05,1857.0,1.34,2488.38,9.35,2424.88,54.15,20.67,1.41,-0.07
4483,461,Wheat,Durum,Fox PLC,Retailer,Brandenburg,Online,2024-02-16,524.7,0.37,194.14,0.3,108.16,85.68,12.81,0.37,0.0
4484,2516,Barley,Hulled,Montoya Inc,Exporter,Saxony,Online,2025-05-05,1296.8,0.51,661.37,46.74,521.4,93.23,8.03,0.51,0.0
4485,11472,Barley,Hulless,"Alexander, Fisher and Higgins",Retailer,Bavaria,Online,2024-07-07,1446.2,0.45,650.79,40.07,513.75,96.97,17.2,0.43,0.02
4486,467,Potato,Red,Davis PLC,Exporter,Brandenburg,Online,2025-05-05,1898.5,0.39,740.42,30.25,657.12,53.05,7.0,0.37,0.02
4487,9092,Barley,Hulless,"Stone, Valenzuela and Salinas",Exporter,Hesse,Online,2024-07-29,1771.3,1.43,2532.96,38.72,2466.92,27.32,19.63,1.33,0.1
4488,5670,Wheat,Emmer,Martinez PLC,Exporter,Brandenburg,Online,2024-11-25,1937.0,1.38,2673.06,46.31,2545.38,81.37,10.51,1.45,-0.07
4489,14530,Soybean,Yellow,Hill PLC,Wholesaler,Hesse,Direct,2025-05-05,1881.7,0.42,790.31,49.71,660.91,79.69,20.6,0.42,0.0
4490,6179,Soybean,Yellow,Perry Ltd,Retailer,Bavaria,Online,2024-12-22,1275.5,1.07,1364.78,28.83,1293.58,42.37,6.16,0.98,0.09
4491,10431,Corn,Dent,Martinez LLC,Retailer,Brandenburg,Direct,2025-04-08,236.2,1.17,276.35,6.07,223.81,46.47,24.88,1.29,-0.12
4492,1707,Potato,Red,"Anderson, Mccullough and Johnson",Exporter,Lower Saxony,Direct,2024-01-24,1933.2,1.41,2725.81,30.57,2668.06,27.18,8.21,1.3,0.11
4493,4765,Soybean,Yellow,"Burton, Simpson and Marks",Wholesaler,Bavaria,Online,2025-03-28,979.1,1.44,1409.9,5.78,1378.51,25.61,13.01,1.41,0.03
4494,10150,Potato,Russet,"Hammond, Bennett and Camacho",Wholesaler,Lower Saxony,Direct,2025-02-26,1620.9,0.33,534.9,26.71,493.7,14.49,17.43,0.34,-0.01
4495,8519,Potato,Red,"Maddox, Snyder and Lyons",Wholesaler,Lower Saxony,Direct,2024-03-17,474.8,1.2,569.76,43.0,501.24,25.52,15.01,1.17,0.03
4496,3266,Barley,Hulless,Jennings PLC,Retailer,Hesse,Direct,2024-10-25,1883.6,0.47,885.29,19.87,793.1,72.32,11.69,0.49,-0.02
4497,5798,Wheat,Emmer,Johnson-Mcgee,Wholesaler,Bavaria,Direct,2025-05-05,1550.2,0.36,558.07,2.05,532.17,23.85,20.78,0.37,-0.01
4498,2508,Wheat,Emmer,Sanchez LLC,Wholesaler,Saxony,Direct,2025-03-21,1063.5,0.46,489.21,31.55,430.13,27.53,21.06,0.44,0.02
4499,5282,Potato,Red,Petty-Liu,Wholesaler,Lower Saxony,Direct,2024-05-28,1443.0,0.44,634.92,38.56,582.39,13.97,24.24,0.44,0.0
4500,7898,Potato,Red,Jordan Group,Retailer,Lower Saxony,Direct,2024-12-11,1793.0,0.55,986.15,34.98,909.39,41.78,11.94,0.59,-0.04
4501,6827,Wheat,Emmer,"Noble, Miller and Dickson",Wholesaler,Brandenburg,Online,2024-08-02,531.4,1.41,749.27,39.05,627.52,82.7,7.6,1.33,0.08
4502,7798,Corn,Dent,Adams-Velazquez,Retailer,Lower Saxony,Direct,2024-05-31,892.5,0.28,249.9,34.51,163.33,52.06,6.52,0.3,-0.02
4503,10705,Corn,Dent,Johnson-Benson,Retailer,Brandenburg,Direct,2025-01-17,1162.4,1.43,1662.23,42.76,1522.68,96.79,19.5,1.33,0.1
4504,3973,Barley,Hulless,Smith-Gomez,Exporter,Brandenburg,Online,2025-05-05,543.5,1.53,831.56,42.28,753.93,35.35,13.18,1.4,0.13
4505,5233,Barley,Hulless,Gibson LLC,Exporter,Saxony,Cooperative,2024-02-04,385.2,1.13,435.28,26.83,374.02,34.43,8.19,1.09,0.04
4506,13308,Barley,Hulless,Williams-Lucas,Wholesaler,Hesse,Online,2025-04-28,433.3,0.94,407.3,18.71,291.53,97.06,5.2,1.01,-0.07
4507,1055,Corn,Sweet,Adams PLC,Exporter,Bavaria,Online,2025-01-18,1272.2,0.66,839.65,13.17,806.65,19.83,11.0,0.67,-0.01
4508,1812,Wheat,Durum,"Wagner, Smith and James",Exporter,Bavaria,Direct,2024-04-26,527.7,1.39,733.5,40.75,678.49,14.26,19.52,1.34,0.05
4509,778,Potato,Red,Wright-Byrd,Exporter,Saxony,Online,2025-02-04,732.9,1.41,1033.39,47.3,910.3,75.79,24.78,1.46,-0.05
4510,7128,Wheat,Emmer,"Gilbert, Watson and Jackson",Exporter,Saxony,Online,2025-05-05,1783.5,0.95,1694.32,20.06,1618.36,55.9,14.78,0.87,0.08
4511,11571,Soybean,Black,"Taylor, Sanchez and Chapman",Retailer,Bavaria,Online,2025-02-14,1649.6,1.5,2474.4,45.38,2352.75,76.27,21.64,1.41,0.09
4512,10976,Wheat,Emmer,Clark-Watson,Retailer,Bavaria,Cooperative,2025-03-27,619.9,0.9,557.91,2.37,464.64,90.9,17.87,0.91,-0.01
4513,2716,Corn,Dent,Bush-Weber,Wholesaler,Brandenburg,Online,2025-01-30,1155.4,1.04,1201.62,5.43,1113.45,82.74,22.24,1.13,-0.09
4514,9805,Corn,Dent,Johnson-Lambert,Retailer,Saxony,Online,2025-01-29,1045.4,0.78,815.41,32.48,730.08,52.85,16.76,0.79,-0.01
4515,13134,Soybean,Yellow,Joseph-Lewis,Exporter,Saxony,Cooperative,2025-01-05,415.7,0.55,228.64,29.64,134.58,64.42,5.54,0.6,-0.05
4516,3983,Barley,Hulled,Brady LLC,Exporter,Brandenburg,Direct,2025-01-31,1799.7,0.46,827.86,34.27,759.55,34.04,5.01,0.43,0.03
4517,6012,Barley,Hulless,Ellis-Ford,Wholesaler,Brandenburg,Cooperative,2024-10-26,462.0,1.38,637.56,24.2,583.9,29.46,20.59,1.27,0.11
4518,8236,Soybean,Black,Ramirez-Weber,Wholesaler,Brandenburg,Cooperative,2024-06-20,1762.2,1.32,2326.1,6.85,2222.16,97.09,5.36,1.3,0.02
4519,7084,Wheat,Emmer,Perez-Simpson,Exporter,Lower Saxony,Cooperative,2024-08-27,242.2,1.34,324.55,35.11,222.76,66.68,18.86,1.42,-0.08
4520,558,Potato,Russet,"Hess, Wright and Thompson",Wholesaler,Brandenburg,Cooperative,2025-04-18,1341.7,0.8,1073.36,10.97,1049.39,13.0,24.04,0.8,0.0
4521,6102,Soybean,Black,Leblanc-Brooks,Exporter,Lower Saxony,Direct,2025-05-05,474.4,1.02,483.89,27.04,393.8,63.05,11.11,0.93,0.09
4522,10881,Potato,Red,"Brown, Coleman and Rodriguez",Wholesaler,Bavaria,Online,2025-02-07,805.0,0.94,756.7,21.65,721.77,13.28,16.31,0.91,0.03
4523,6127,Potato,Red,Larson-Warner,Retailer,Brandenburg,Direct,2025-02-20,1965.3,0.37,727.16,13.32,641.55,72.29,14.0,0.34,0.03
4524,2458,Potato,Red,Golden Inc,Exporter,Lower Saxony,Online,2025-01-21,1738.2,0.41,712.66,0.94,656.3,55.42,24.39,0.43,-0.02
4525,9894,Potato,Russet,"Franklin, Wilson and Kline",Retailer,Saxony,Direct,2025-04-15,1076.8,1.48,1593.66,37.08,1490.61,65.97,5.04,1.36,0.12
4526,5768,Soybean,Black,"Gonzalez, Morales and Stanley",Wholesaler,Hesse,Online,2024-09-07,1157.8,1.24,1435.67,41.26,1304.12,90.29,9.39,1.19,0.05
4527,4461,Potato,Russet,Fitzpatrick PLC,Exporter,Hesse,Direct,2024-07-23,346.8,0.62,215.02,30.57,124.17,60.28,15.82,0.57,0.05
4528,7334,Soybean,Yellow,"Howell, Martinez and Mcdaniel",Exporter,Saxony,Cooperative,2024-03-27,1036.8,0.8,829.44,1.9,804.83,22.71,19.06,0.83,-0.03
4529,9446,Wheat,Emmer,"Young, Barrett and Harris",Retailer,Saxony,Direct,2024-10-26,1319.1,1.13,1490.58,41.07,1430.14,19.37,18.18,1.05,0.08
4530,4887,Barley,Hulless,"Chapman, Gaines and Bowers",Wholesaler,Bavaria,Cooperative,2025-02-22,696.5,0.47,327.35,19.41,259.57,48.37,18.09,0.48,-0.01
4531,14969,Corn,Dent,Gray LLC,Wholesaler,Brandenburg,Online,2024-09-21,766.4,1.47,1126.61,15.58,1021.61,89.42,18.12,1.44,0.03
4532,6384,Potato,Red,"Ray, Gilbert and Richardson",Wholesaler,Bavaria,Online,2025-04-15,1107.3,0.85,941.2,2.48,882.76,55.96,15.42,0.79,0.06
4533,11618,Barley,Hulless,"Snyder, Mcdonald and Kennedy",Retailer,Brandenburg,Direct,2025-05-05,1594.6,0.97,1546.76,42.04,1484.64,20.08,19.08,1.06,-0.09
4534,1083,Potato,Russet,Holt-Bray,Exporter,Saxony,Online,2025-01-11,631.9,1.0,631.9,22.02,570.03,39.85,12.8,1.08,-0.08
4535,2213,Corn,Dent,Figueroa-Gutierrez,Wholesaler,Lower Saxony,Direct,2025-05-05,909.1,0.82,745.46,22.86,682.37,40.23,9.47,0.91,-0.09
4536,14371,Soybean,Black,Mcclure Ltd,Retailer,Brandenburg,Direct,2024-10-19,1465.5,0.46,674.13,8.71,625.0,40.42,11.86,0.43,0.03
4537,14279,Corn,Dent,"Cooley, Riley and Lawrence",Wholesaler,Saxony,Online,2024-11-13,680.7,1.58,1075.51,34.35,1005.72,35.44,11.22,1.48,0.1
4538,2545,Wheat,Durum,Osborn-Mccormick,Retailer,Saxony,Direct,2024-12-20,739.1,1.4,1034.74,41.81,976.19,16.74,17.88,1.28,0.12
4539,11559,Potato,Russet,Reyes-Welch,Wholesaler,Lower Saxony,Online,2025-02-13,1347.7,1.24,1671.15,1.28,1643.55,26.32,9.83,1.29,-0.05
4540,5787,Barley,Hulled,Mcintosh-Wood,Exporter,Hesse,Direct,2025-05-05,1388.9,0.6,833.34,0.99,821.9,10.45,15.03,0.62,-0.02
4541,13070,Barley,Hulled,"Church, Miller and Anderson",Retailer,Bavaria,Online,2025-01-11,1765.2,0.98,1729.9,35.41,1619.52,74.97,9.11,0.97,0.01
4542,5189,Barley,Hulless,Mcintosh Group,Retailer,Hesse,Cooperative,2025-05-05,707.3,0.45,318.28,13.8,237.46,67.02,14.42,0.45,0.0
4543,7235,Soybean,Yellow,Porter-Henry,Exporter,Bavaria,Online,2024-09-13,1109.0,0.77,853.93,21.44,797.28,35.21,6.01,0.81,-0.04
4544,14944,Wheat,Emmer,Miller-Randall,Retailer,Saxony,Cooperative,2025-04-17,1429.0,1.27,1814.83,14.26,1764.91,35.66,8.59,1.34,-0.07
4545,3741,Potato,Russet,"Hernandez, Williams and Walker",Exporter,Brandenburg,Direct,2025-01-26,1314.6,0.33,433.82,41.95,363.63,28.24,19.28,0.35,-0.02
4546,8833,Soybean,Black,"Miller, Adams and Webb",Retailer,Brandenburg,Online,2025-04-23,1148.8,0.43,493.98,47.08,374.37,72.53,19.69,0.44,-0.01
4547,10753,Soybean,Black,"Mason, Austin and Montoya",Exporter,Saxony,Online,2025-05-05,859.5,0.74,636.03,10.37,575.56,50.1,8.47,0.8,-0.06
4548,5675,Barley,Hulled,"Harper, Mason and Jones",Exporter,Bavaria,Direct,2025-01-22,540.6,0.6,324.36,31.31,211.13,81.92,11.59,0.58,0.02
4549,1833,Barley,Hulled,"Gonzalez, Alvarez and Walker",Retailer,Saxony,Direct,2024-08-27,1253.5,0.53,664.36,7.84,566.28,90.24,5.29,0.56,-0.03
4550,12550,Potato,Red,Jones-Peterson,Wholesaler,Hesse,Online,2025-04-03,1138.1,0.87,990.15,40.15,853.22,96.78,18.69,0.83,0.04
4551,8850,Corn,Dent,Cruz-Porter,Wholesaler,Hesse,Direct,2024-08-12,359.3,1.01,362.89,17.37,253.09,92.43,24.58,0.93,0.08
4552,1729,Potato,Russet,Jones-Jarvis,Retailer,Saxony,Online,2024-07-31,625.7,1.38,863.47,14.23,838.39,10.85,18.29,1.46,-0.08
4553,3354,Potato,Russet,Atkinson Ltd,Retailer,Bavaria,Direct,2024-10-22,1396.4,0.63,879.73,4.54,855.93,19.26,16.44,0.63,0.0
4554,5797,Barley,Hulless,"Adams, Peterson and Miller",Exporter,Saxony,Online,2024-04-01,1299.2,0.36,467.71,20.1,381.65,65.96,5.54,0.36,0.0
4555,8195,Soybean,Black,Williams PLC,Retailer,Brandenburg,Cooperative,2024-05-11,1059.5,0.79,837.0,0.08,812.16,24.76,24.79,0.83,-0.04
4556,2833,Barley,Hulless,Ortiz LLC,Exporter,Saxony,Direct,2024-03-07,716.0,0.68,486.88,36.76,357.67,92.45,17.9,0.65,0.03
4557,5676,Barley,Hulled,Thompson and Sons,Exporter,Hesse,Online,2025-05-05,584.9,0.84,491.32,36.1,387.45,67.77,20.71,0.85,-0.01
4558,5701,Corn,Dent,Ward-Lambert,Retailer,Lower Saxony,Online,2025-01-04,1182.7,1.34,1584.82,5.18,1493.43,86.21,7.7,1.23,0.11
4559,13670,Corn,Dent,"Trujillo, Schwartz and Hayes",Exporter,Bavaria,Online,2025-05-05,772.2,1.27,980.69,18.77,941.25,20.67,19.03,1.35,-0.08
4560,13298,Barley,Hulled,"Montes, Harris and Rodriguez",Exporter,Bavaria,Online,2025-04-25,946.1,1.46,1381.31,6.05,1328.78,46.48,18.87,1.4,0.06
4561,9158,Wheat,Emmer,Ballard Ltd,Exporter,Saxony,Online,2025-02-14,717.9,0.62,445.1,39.74,353.65,51.71,17.26,0.65,-0.03
4562,1942,Potato,Red,Barber PLC,Retailer,Hesse,Direct,2025-02-01,1232.5,0.69,850.42,2.32,763.13,84.97,15.73,0.69,0.0
4563,8065,Potato,Red,"Gibson, Matthews and Williams",Wholesaler,Lower Saxony,Cooperative,2024-12-24,1324.6,1.05,1390.83,45.43,1313.15,32.25,14.81,1.16,-0.11
4564,10417,Corn,Dent,Reyes Inc,Wholesaler,Hesse,Online,2024-07-10,663.9,0.5,331.95,10.27,286.26,35.42,17.12,0.52,-0.02
4565,12223,Corn,Sweet,Nicholson PLC,Wholesaler,Brandenburg,Cooperative,2024-05-07,1051.3,0.46,483.6,10.77,445.06,27.77,19.21,0.51,-0.05
4566,4483,Corn,Sweet,"Mason, Chavez and Ryan",Retailer,Saxony,Cooperative,2025-05-05,905.2,0.94,850.89,23.78,763.77,63.34,16.33,0.89,0.05
4567,560,Wheat,Emmer,Kaiser Inc,Exporter,Saxony,Online,2024-08-08,827.2,0.35,289.52,14.22,191.02,84.28,8.2,0.36,-0.01
4568,11356,Corn,Dent,Martinez LLC,Exporter,Bavaria,Direct,2025-01-22,266.5,0.49,130.58,38.87,7.19,84.52,21.5,0.48,0.01
4569,180,Wheat,Emmer,Taylor-Friedman,Wholesaler,Lower Saxony,Cooperative,2025-04-13,294.7,0.34,100.2,38.39,-3.01,64.82,14.48,0.36,-0.02
4570,5865,Barley,Hulled,Bolton-Wiley,Exporter,Brandenburg,Direct,2024-11-14,358.3,0.88,315.3,11.19,216.74,87.37,13.19,0.82,0.06
4571,2816,Wheat,Durum,"Flores, Miller and Hardy",Retailer,Saxony,Cooperative,2024-11-11,871.2,0.43,374.62,35.03,277.66,61.93,18.31,0.41,0.02
4572,12842,Wheat,Durum,Burke LLC,Exporter,Hesse,Online,2025-02-27,208.8,1.01,210.89,12.24,130.39,68.26,16.09,0.92,0.09
4573,3287,Wheat,Emmer,Foster Ltd,Wholesaler,Bavaria,Online,2024-06-30,512.3,0.35,179.3,35.6,57.08,86.62,13.49,0.38,-0.03
4574,12935,Corn,Sweet,Ruiz-Edwards,Retailer,Brandenburg,Online,2025-04-18,604.4,0.5,302.2,45.99,165.36,90.85,18.76,0.49,0.01
4575,5114,Potato,Red,Mosley and Sons,Exporter,Brandenburg,Direct,2025-03-18,1684.0,0.7,1178.8,33.89,1083.33,61.58,15.26,0.71,-0.01
4576,8399,Barley,Hulled,Castro Inc,Exporter,Bavaria,Direct,2025-04-20,1080.4,0.95,1026.38,39.24,973.39,13.75,11.61,0.89,0.06
4577,4332,Barley,Hulled,Allen PLC,Retailer,Hesse,Online,2025-05-05,334.2,0.33,110.29,24.83,58.09,27.37,5.51,0.33,0.0
4578,158,Corn,Sweet,Bush Ltd,Wholesaler,Lower Saxony,Direct,2024-12-31,772.4,1.42,1096.81,38.45,989.39,68.97,20.2,1.46,-0.04
4579,10906,Wheat,Durum,"White, Gray and Brown",Retailer,Bavaria,Direct,2025-03-31,1507.1,1.1,1657.81,17.54,1581.07,59.2,9.33,1.02,0.08
4580,14130,Potato,Red,Carrillo-Rodriguez,Exporter,Lower Saxony,Direct,2025-05-05,1500.4,1.15,1725.46,46.65,1665.5,13.31,17.56,1.26,-0.11
4581,3117,Wheat,Emmer,"Sims, Jones and Chavez",Exporter,Brandenburg,Cooperative,2025-05-04,1411.8,0.84,1185.91,1.96,1113.19,70.76,14.13,0.84,0.0
4582,3472,Corn,Dent,Knox and Sons,Exporter,Brandenburg,Online,2024-10-04,416.1,1.22,507.64,33.23,455.0,19.41,13.15,1.13,0.09
4583,4083,Corn,Sweet,Holland-Torres,Exporter,Saxony,Online,2025-05-05,1918.5,0.52,997.62,26.62,902.65,68.35,6.17,0.48,0.04
4584,11069,Wheat,Durum,Shepard LLC,Retailer,Saxony,Cooperative,2025-04-15,778.6,0.38,295.87,44.54,232.62,18.71,22.2,0.36,0.02
4585,452,Corn,Dent,Coleman Ltd,Retailer,Lower Saxony,Online,2025-05-05,1429.5,0.66,943.47,41.61,804.71,97.15,7.99,0.7,-0.04
4586,13764,Potato,Red,Cruz PLC,Exporter,Lower Saxony,Cooperative,2024-11-08,1905.6,0.92,1753.15,40.35,1663.84,48.96,19.24,0.92,0.0
4587,3596,Corn,Sweet,Skinner Inc,Retailer,Bavaria,Direct,2025-03-03,1773.1,0.79,1400.75,27.11,1306.48,67.16,11.28,0.83,-0.04
4588,8270,Barley,Hulled,Smith-Daniels,Retailer,Lower Saxony,Direct,2025-02-18,1185.4,0.88,1043.15,44.21,927.04,71.9,17.01,0.94,-0.06
4589,14262,Wheat,Durum,"Ramirez, Santos and Rice",Wholesaler,Hesse,Direct,2024-11-27,1068.3,1.34,1431.52,4.51,1334.88,92.13,19.36,1.23,0.11
4590,2987,Potato,Russet,"Bauer, Robinson and Zamora",Retailer,Lower Saxony,Direct,2024-08-20,997.6,0.67,668.39,10.14,597.46,60.79,11.38,0.62,0.05
4591,2930,Soybean,Black,Nixon Group,Wholesaler,Lower Saxony,Online,2025-02-18,327.1,0.29,94.86,37.11,-19.09,76.84,18.36,0.32,-0.03
4592,4655,Wheat,Emmer,Abbott LLC,Wholesaler,Saxony,Direct,2025-04-29,604.9,0.56,338.74,7.78,279.72,51.24,13.26,0.53,0.03
4593,121,Soybean,Black,Hale-Campbell,Retailer,Brandenburg,Direct,2024-05-03,368.0,1.52,559.36,0.84,528.6,29.92,12.45,1.45,0.07
4594,1962,Barley,Hulless,Ortega-Williams,Retailer,Bavaria,Cooperative,2025-03-13,287.2,1.14,327.41,21.74,209.43,96.24,9.35,1.11,0.03
4595,1409,Barley,Hulled,Castillo PLC,Retailer,Saxony,Online,2024-09-27,443.6,1.15,510.14,41.51,413.24,55.39,13.48,1.08,0.07
4596,2744,Potato,Russet,Bryant-Miles,Retailer,Lower Saxony,Direct,2025-05-01,1749.3,0.93,1626.85,48.78,1560.46,17.61,19.19,1.02,-0.09
4597,261,Wheat,Durum,"Moore, Garcia and Martinez",Retailer,Saxony,Online,2025-05-05,1149.2,1.29,1482.47,43.31,1411.66,27.5,14.9,1.35,-0.06
4598,14371,Soybean,Black,Gonzales and Sons,Wholesaler,Lower Saxony,Cooperative,2024-07-10,1123.3,0.41,460.55,21.39,386.1,53.06,8.47,0.43,-0.02
4599,8384,Corn,Dent,"Odom, Massey and Owens",Wholesaler,Brandenburg,Direct,2025-04-21,1950.3,0.62,1209.19,6.9,1133.96,68.33,7.23,0.61,0.01
4600,7368,Soybean,Yellow,Cardenas LLC,Retailer,Saxony,Online,2025-03-26,1513.9,1.33,2013.49,23.74,1906.37,83.38,14.47,1.27,0.06
4601,139,Wheat,Emmer,Nguyen LLC,Exporter,Brandenburg,Cooperative,2024-03-01,1713.1,1.14,1952.93,36.1,1900.84,15.99,19.14,1.2,-0.06
4602,8672,Barley,Hulless,"Brown, Johnson and Burns",Wholesaler,Saxony,Online,2025-02-27,1696.3,0.74,1255.26,34.09,1135.17,86.0,15.25,0.78,-0.04
4603,3463,Wheat,Emmer,"Gonzales, Guerrero and Reed",Wholesaler,Hesse,Online,2024-12-16,594.9,0.33,196.32,37.58,133.8,24.94,13.3,0.32,0.01
4604,13479,Corn,Sweet,Gray-Montes,Exporter,Saxony,Direct,2025-05-05,569.2,1.29,734.27,15.93,647.88,70.46,24.4,1.29,0.0
4605,9887,Wheat,Emmer,Ray-Holder,Exporter,Bavaria,Direct,2025-01-23,737.7,1.43,1054.91,14.08,982.76,58.07,7.37,1.44,-0.01
4606,692,Potato,Red,Lewis-Smith,Exporter,Lower Saxony,Online,2024-09-22,1578.1,1.49,2351.37,21.57,2267.18,62.62,8.77,1.38,0.11
4607,4366,Barley,Hulled,Cohen-Craig,Retailer,Lower Saxony,Cooperative,2025-05-02,497.8,1.14,567.49,42.07,440.09,85.33,7.89,1.12,0.02
4608,14119,Corn,Dent,"Simpson, Medina and Green",Exporter,Hesse,Online,2025-05-05,1379.4,1.06,1462.16,12.59,1378.71,70.86,19.54,1.06,0.0
4609,7440,Potato,Russet,Rivera Inc,Exporter,Brandenburg,Online,2025-04-14,392.0,1.22,478.24,11.12,444.41,22.71,16.58,1.16,0.06
4610,1244,Potato,Red,Jenkins PLC,Wholesaler,Saxony,Direct,2024-11-15,1584.0,0.67,1061.28,37.57,971.61,52.1,21.79,0.68,-0.01
4611,732,Corn,Dent,Wright LLC,Exporter,Saxony,Cooperative,2025-04-23,1920.6,0.74,1421.24,5.63,1341.35,74.26,24.89,0.69,0.05
4612,4372,Corn,Sweet,"Smith, Murphy and Craig",Retailer,Lower Saxony,Direct,2025-03-23,1144.0,1.2,1372.8,29.17,1308.09,35.54,24.0,1.15,0.05
4613,8022,Soybean,Yellow,Miller-Walton,Wholesaler,Saxony,Cooperative,2025-05-05,1480.2,1.22,1805.84,11.86,1709.83,84.15,18.23,1.33,-0.11
4614,14207,Potato,Red,"Fitzgerald, Martin and Stone",Wholesaler,Saxony,Online,2024-11-10,221.1,0.47,103.92,2.22,89.89,11.81,8.86,0.47,0.0
4615,13334,Potato,Russet,"Payne, Zuniga and Lucero",Wholesaler,Hesse,Direct,2025-02-28,1768.5,0.98,1733.13,47.88,1659.25,26.0,17.43,0.97,0.01
4616,2686,Wheat,Durum,Harmon and Sons,Exporter,Bavaria,Cooperative,2024-08-28,661.7,1.48,979.32,41.95,864.13,73.24,6.68,1.39,0.09
4617,1143,Barley,Hulless,"Ruiz, Lynch and Bailey",Retailer,Hesse,Direct,2025-03-28,1182.6,0.53,626.78,46.02,511.58,69.18,11.4,0.53,0.0
4618,2014,Wheat,Emmer,Huang Group,Retailer,Brandenburg,Online,2024-04-30,1294.0,0.75,970.5,16.39,911.02,43.09,7.56,0.81,-0.06
4619,10224,Potato,Red,Carlson-Perez,Wholesaler,Bavaria,Cooperative,2024-10-17,1711.8,1.43,2447.87,39.42,2327.98,80.47,6.33,1.45,-0.02
4620,2839,Barley,Hulled,"Jackson, David and Lewis",Retailer,Saxony,Cooperative,2025-05-02,1080.7,1.12,1210.38,24.06,1161.84,24.48,14.79,1.21,-0.09
4621,7595,Wheat,Durum,Collins-Rogers,Wholesaler,Bavaria,Direct,2023-10-31,1568.5,1.19,1866.52,45.56,1799.02,21.94,20.91,1.18,0.01
4622,6102,Soybean,Black,"Barnett, Pruitt and Villarreal",Exporter,Lower Saxony,Direct,2025-05-05,1738.8,1.01,1756.19,36.42,1658.47,61.3,5.0,0.93,0.08
4623,10000,Soybean,Yellow,Jones Inc,Wholesaler,Lower Saxony,Cooperative,2024-09-08,460.6,0.41,188.85,33.24,63.83,91.78,20.53,0.45,-0.04
4624,3602,Wheat,Emmer,Spencer PLC,Retailer,Brandenburg,Online,2024-02-11,1558.3,1.48,2306.28,36.05,2185.26,84.97,6.15,1.44,0.04
4625,440,Corn,Sweet,"Garza, Shelton and Graves",Retailer,Brandenburg,Cooperative,2023-11-16,509.0,0.39,198.51,24.99,161.38,12.14,14.13,0.36,0.03
4626,13650,Soybean,Yellow,"Foley, Hopkins and Stein",Retailer,Saxony,Cooperative,2024-10-26,350.5,1.27,445.14,26.44,376.27,42.43,24.53,1.37,-0.1
4627,2963,Barley,Hulled,"Gardner, Horton and Reed",Retailer,Brandenburg,Cooperative,2025-01-05,1846.8,0.34,627.91,45.98,514.53,67.4,21.45,0.35,-0.01
4628,3531,Barley,Hulled,"Sharp, Howard and Merritt",Wholesaler,Brandenburg,Direct,2024-11-10,798.8,0.85,678.98,23.8,633.34,21.84,22.73,0.89,-0.04
4629,6308,Corn,Sweet,"Carter, Hughes and Evans",Wholesaler,Bavaria,Online,2024-01-16,1528.4,1.12,1711.81,23.47,1589.55,98.79,24.77,1.13,-0.01
4630,7163,Corn,Sweet,Jones-May,Wholesaler,Saxony,Cooperative,2025-01-29,433.9,1.49,646.51,45.82,574.94,25.75,20.62,1.45,0.04
4631,8177,Wheat,Durum,"Brown, Bishop and Jacobs",Retailer,Brandenburg,Cooperative,2025-03-17,513.4,0.59,302.91,25.88,179.16,97.87,23.96,0.57,0.02
4632,13372,Potato,Red,Adams-Rosales,Wholesaler,Hesse,Online,2023-12-14,1633.0,1.57,2563.81,36.67,2477.86,49.28,24.47,1.45,0.12
4633,14863,Corn,Dent,"Russell, Payne and Tran",Retailer,Lower Saxony,Online,2025-02-09,1430.8,1.55,2217.74,19.19,2164.84,33.71,13.83,1.47,0.08
4634,10423,Corn,Dent,Roberts Group,Retailer,Lower Saxony,Direct,2024-06-13,1413.4,0.84,1187.26,34.79,1097.52,54.95,20.03,0.85,-0.01
4635,4968,Soybean,Yellow,Lindsey-Armstrong,Exporter,Lower Saxony,Cooperative,2025-05-04,1166.2,0.78,909.64,29.7,818.66,61.28,20.62,0.73,0.05
4636,3987,Barley,Hulled,"Peterson, Lawrence and Smith",Exporter,Hesse,Cooperative,2025-04-21,822.6,1.19,978.89,36.98,846.0,95.91,17.91,1.24,-0.05
4637,4633,Soybean,Yellow,Gibson-Wilson,Retailer,Saxony,Cooperative,2025-02-11,1547.5,0.76,1176.1,24.91,1084.44,66.75,11.48,0.72,0.04
4638,10290,Wheat,Durum,Phelps-Christian,Retailer,Brandenburg,Direct,2025-05-05,213.2,0.3,63.96,10.83,-35.85,88.98,9.99,0.31,-0.01
4639,11762,Soybean,Yellow,"Moses, Barnett and Hanson",Exporter,Hesse,Direct,2025-02-25,967.6,1.05,1015.98,28.57,950.78,36.63,15.03,0.98,0.07
4640,10607,Soybean,Yellow,Townsend-Murphy,Exporter,Brandenburg,Online,2025-03-27,1133.7,0.87,986.32,44.45,901.49,40.38,10.0,0.79,0.08
4641,145,Wheat,Emmer,Rivera-King,Exporter,Bavaria,Online,2025-01-30,1412.9,1.31,1850.9,38.18,1715.8,96.92,12.95,1.22,0.09
4642,3283,Wheat,Emmer,Maxwell PLC,Exporter,Brandenburg,Online,2024-06-01,876.9,0.43,377.07,19.15,325.43,32.49,22.92,0.44,-0.01
4643,3684,Potato,Red,Miller Ltd,Retailer,Bavaria,Online,2025-05-05,1433.9,0.95,1362.2,2.1,1327.74,32.36,24.85,0.99,-0.04
4644,12377,Barley,Hulled,Mann-Stein,Retailer,Brandenburg,Online,2025-01-22,834.1,0.93,775.71,33.41,682.66,59.64,21.38,0.91,0.02
4645,11399,Barley,Hulled,Hickman-Rojas,Exporter,Brandenburg,Online,2024-04-04,1205.4,0.76,916.1,37.29,852.41,26.4,21.01,0.81,-0.05
4646,2419,Wheat,Durum,Reed-Guzman,Wholesaler,Lower Saxony,Cooperative,2025-05-03,1223.0,0.82,1002.86,1.33,955.72,45.81,16.08,0.89,-0.07
4647,220,Corn,Dent,Bradley and Sons,Exporter,Bavaria,Online,2025-05-05,367.8,1.39,511.24,37.78,415.05,58.41,23.02,1.34,0.05
4648,4303,Potato,Russet,Schmidt-Le,Retailer,Brandenburg,Direct,2024-11-27,1616.6,1.18,1907.59,45.14,1801.97,60.48,12.45,1.12,0.06
4649,12151,Potato,Russet,Hill and Sons,Retailer,Lower Saxony,Online,2025-01-05,1795.8,0.96,1723.97,2.25,1687.65,34.07,5.8,0.9,0.06
4650,8034,Corn,Sweet,Gross-Simmons,Wholesaler,Saxony,Online,2025-04-15,1993.4,0.8,1594.72,20.84,1548.03,25.85,11.05,0.79,0.01
4651,2597,Wheat,Durum,Rodriguez Inc,Exporter,Brandenburg,Cooperative,2025-02-10,568.8,1.18,671.18,20.88,611.1,39.2,19.13,1.26,-0.08
4652,3533,Potato,Red,Coleman-Wheeler,Retailer,Saxony,Cooperative,2025-05-05,965.4,0.79,762.67,7.39,702.21,53.07,16.99,0.78,0.01
4653,5660,Wheat,Durum,Maldonado PLC,Retailer,Lower Saxony,Cooperative,2024-09-11,1433.7,0.38,544.81,20.87,504.55,19.39,10.78,0.39,-0.01
4654,11155,Barley,Hulled,Chavez-Jackson,Retailer,Brandenburg,Cooperative,2023-12-03,1892.2,0.49,927.18,48.67,784.84,93.67,10.95,0.54,-0.05
4655,14510,Soybean,Yellow,"Perez, Kennedy and Black",Exporter,Saxony,Online,2025-05-02,1882.4,1.05,1976.52,45.98,1895.24,35.3,16.09,1.07,-0.02
4656,13862,Potato,Red,Roberts Inc,Retailer,Saxony,Cooperative,2024-02-03,1880.7,1.51,2839.86,41.49,2770.6,27.77,7.27,1.38,0.13
4657,12347,Soybean,Black,Hayden PLC,Exporter,Saxony,Direct,2024-09-26,715.2,1.29,922.61,11.62,827.89,83.1,8.5,1.24,0.05
4658,5095,Wheat,Durum,"Brown, James and Harris",Wholesaler,Brandenburg,Direct,2025-02-11,1142.1,1.46,1667.47,44.56,1576.86,46.05,20.29,1.35,0.11
4659,3936,Corn,Dent,Cox PLC,Exporter,Brandenburg,Cooperative,2025-01-05,209.1,1.07,223.74,25.29,166.77,31.68,20.16,1.14,-0.07
4660,11771,Soybean,Yellow,Neal-Murray,Retailer,Hesse,Cooperative,2025-01-27,1868.1,1.3,2428.53,3.68,2412.08,12.77,13.73,1.2,0.1
4661,1045,Soybean,Black,"Mcmahon, White and Anderson",Wholesaler,Hesse,Online,2024-11-15,1822.1,1.05,1913.2,32.73,1813.71,66.76,14.0,1.02,0.03
4662,7107,Soybean,Black,Bowers-Burgess,Retailer,Saxony,Cooperative,2025-04-25,644.9,1.44,928.66,14.99,857.59,56.08,5.99,1.33,0.11
4663,9107,Corn,Sweet,Todd LLC,Retailer,Brandenburg,Online,2024-06-20,1750.6,0.37,647.72,38.03,529.57,80.12,22.51,0.38,-0.01
4664,5587,Corn,Dent,Lee and Sons,Exporter,Hesse,Online,2025-05-05,867.6,1.32,1145.23,5.22,1116.95,23.06,5.68,1.34,-0.02
4665,12461,Corn,Dent,"White, Fleming and Hicks",Exporter,Bavaria,Cooperative,2025-04-25,1026.0,0.37,379.62,43.8,263.09,72.73,18.78,0.37,0.0
4666,12891,Barley,Hulled,"White, King and Joseph",Exporter,Brandenburg,Online,2024-09-29,1600.7,1.16,1856.81,17.44,1743.52,95.85,8.98,1.16,0.0
4667,2,Potato,Russet,Lee-Lewis,Retailer,Lower Saxony,Online,2024-12-31,1996.3,0.69,1377.45,40.1,1293.38,43.97,19.53,0.72,-0.03
4668,3818,Corn,Dent,Cooper Inc,Exporter,Lower Saxony,Cooperative,2025-04-30,647.6,1.47,951.97,49.66,858.7,43.61,13.45,1.47,0.0
4669,5387,Barley,Hulless,Daniels-Smith,Exporter,Saxony,Cooperative,2024-05-19,1361.1,0.68,925.55,17.01,894.1,14.44,7.96,0.72,-0.04
4670,11416,Wheat,Durum,"Kemp, Howell and Stone",Retailer,Brandenburg,Cooperative,2025-02-26,1494.3,0.66,986.24,45.02,907.56,33.66,10.65,0.6,0.06
4671,10876,Soybean,Black,Walker LLC,Retailer,Lower Saxony,Online,2025-05-05,882.6,0.31,273.61,42.54,214.35,16.72,18.89,0.33,-0.02
4672,13633,Corn,Sweet,Williams Inc,Exporter,Bavaria,Cooperative,2025-02-17,1558.5,0.75,1168.88,14.5,1124.02,30.36,22.79,0.7,0.05
4673,4508,Potato,Red,"Kerr, Nguyen and Thornton",Retailer,Bavaria,Cooperative,2025-05-05,622.1,1.28,796.29,8.91,690.26,97.12,14.92,1.25,0.03
4674,13731,Barley,Hulled,Stanley-Phillips,Retailer,Bavaria,Online,2024-11-03,970.8,0.89,864.01,34.11,738.29,91.61,21.61,0.84,0.05
4675,2937,Corn,Dent,"Smith, White and Richardson",Exporter,Hesse,Online,2024-12-15,837.5,0.59,494.12,41.67,424.68,27.77,13.54,0.59,0.0
4676,953,Potato,Russet,Sandoval-Edwards,Exporter,Lower Saxony,Direct,2025-05-05,1526.1,1.34,2044.97,8.11,1961.6,75.26,9.8,1.46,-0.12
4677,1857,Soybean,Black,"Jones, Schultz and Bailey",Wholesaler,Saxony,Cooperative,2025-04-21,1084.8,1.1,1193.28,1.52,1175.36,16.4,19.02,1.16,-0.06
4678,4367,Potato,Russet,Bush Group,Exporter,Saxony,Online,2025-05-05,1329.4,1.27,1688.34,5.59,1588.12,94.63,5.3,1.23,0.04
4679,3355,Wheat,Durum,"Arnold, Graham and Day",Exporter,Brandenburg,Online,2024-12-05,1611.6,1.05,1692.18,31.13,1647.86,13.19,6.53,1.04,0.01
4680,1401,Wheat,Emmer,Hart and Sons,Wholesaler,Bavaria,Online,2024-11-11,1969.4,1.25,2461.75,41.07,2376.26,44.42,11.72,1.3,-0.05
4681,2083,Soybean,Black,"Bryan, Hobbs and Young",Retailer,Hesse,Cooperative,2024-06-27,932.1,1.41,1314.26,19.87,1208.26,86.13,21.49,1.46,-0.05
4682,8655,Corn,Sweet,Jones-Campbell,Wholesaler,Lower Saxony,Direct,2024-08-22,950.6,1.19,1131.21,10.05,1099.24,21.92,22.75,1.13,0.06
4683,1619,Corn,Sweet,Benjamin Group,Wholesaler,Lower Saxony,Cooperative,2025-05-05,673.5,1.41,949.64,17.36,859.49,72.79,24.99,1.41,0.0
4684,2217,Corn,Sweet,Horton Group,Wholesaler,Brandenburg,Online,2024-11-13,1749.1,0.61,1066.95,20.67,971.32,74.96,6.59,0.65,-0.04
4685,350,Potato,Russet,Wilson LLC,Exporter,Lower Saxony,Direct,2024-11-16,320.0,0.83,265.6,30.9,201.0,33.7,17.58,0.85,-0.02
4686,9475,Barley,Hulled,Sawyer-Ford,Wholesaler,Hesse,Online,2025-05-05,528.6,0.87,459.88,42.48,376.12,41.28,15.23,0.83,0.04
4687,577,Potato,Russet,Robinson-Wood,Retailer,Lower Saxony,Cooperative,2025-05-05,1095.6,1.23,1347.59,2.82,1328.84,15.93,10.5,1.19,0.04
4688,2006,Barley,Hulled,Sullivan-Washington,Wholesaler,Brandenburg,Online,2024-10-16,1721.3,0.77,1325.4,36.75,1270.29,18.36,11.13,0.81,-0.04
4689,4422,Soybean,Black,Henry-Moore,Wholesaler,Bavaria,Online,2025-05-05,1220.0,0.36,439.2,23.08,338.02,78.1,8.05,0.33,0.03
4690,607,Barley,Hulless,Liu-Schaefer,Retailer,Lower Saxony,Cooperative,2024-11-17,396.0,0.44,174.24,11.2,70.71,92.33,19.8,0.47,-0.03
4691,12854,Potato,Russet,"Avila, Murray and Davis",Exporter,Brandenburg,Direct,2024-09-20,1753.4,0.64,1122.18,39.44,1032.29,50.45,10.44,0.62,0.02
4692,11302,Corn,Dent,"Brock, Smith and Garcia",Wholesaler,Brandenburg,Direct,2025-02-24,1518.7,0.51,774.54,16.33,715.62,42.59,6.72,0.49,0.02
4693,10513,Barley,Hulless,Russo-Salazar,Wholesaler,Bavaria,Online,2024-04-24,1995.4,0.85,1696.09,4.9,1676.29,14.9,18.92,0.78,0.07
4694,2798,Potato,Red,Pearson-Thomas,Exporter,Saxony,Online,2025-02-26,377.3,0.66,249.02,24.2,131.5,93.32,19.02,0.7,-0.04
4695,8995,Barley,Hulled,Brooks Inc,Wholesaler,Hesse,Online,2025-05-05,506.2,1.0,506.2,22.04,446.54,37.62,17.92,1.05,-0.05
4696,6818,Barley,Hulled,Newman-Brady,Wholesaler,Brandenburg,Online,2025-05-05,1402.4,0.48,673.15,49.59,563.79,59.77,19.24,0.48,0.0
4697,14493,Corn,Dent,"Chang, Johnson and Miller",Retailer,Saxony,Direct,2024-03-30,337.8,0.31,104.72,36.99,8.56,59.17,11.42,0.31,0.0
4698,1488,Potato,Red,Shannon-Lee,Exporter,Bavaria,Direct,2025-04-11,916.1,0.84,769.52,26.47,676.12,66.93,12.79,0.86,-0.02
4699,4677,Potato,Russet,Diaz-Thornton,Wholesaler,Lower Saxony,Cooperative,2025-05-05,693.2,1.45,1005.14,25.61,942.63,36.9,18.92,1.38,0.07
4700,2328,Potato,Russet,Woods-Gomez,Wholesaler,Hesse,Direct,2025-04-15,1892.0,0.56,1059.52,48.99,918.28,92.25,5.02,0.53,0.03
4701,14152,Barley,Hulled,"Hall, Wallace and Woodward",Exporter,Saxony,Online,2024-12-06,1135.2,1.11,1260.07,4.28,1244.52,11.27,5.0,1.23,-0.12
4702,5196,Wheat,Emmer,"Noble, Thompson and Browning",Wholesaler,Hesse,Online,2025-05-01,1685.9,1.33,2242.25,22.28,2175.92,44.05,8.64,1.39,-0.06
4703,11937,Barley,Hulless,"Meyers, Stevens and Dudley",Exporter,Saxony,Direct,2025-04-27,600.5,0.62,372.31,37.01,324.35,10.95,15.8,0.6,0.02
4704,4867,Barley,Hulled,Lee-Meyer,Wholesaler,Hesse,Direct,2024-10-31,1900.5,0.71,1349.36,16.03,1269.88,63.45,22.04,0.72,-0.01
4705,10617,Wheat,Emmer,"Kerr, Sheppard and Fleming",Retailer,Bavaria,Direct,2024-12-15,885.1,0.46,407.15,28.43,293.04,85.68,5.46,0.47,-0.01
4706,7231,Corn,Sweet,"Martinez, Mata and Gonzalez",Wholesaler,Hesse,Online,2024-09-28,1617.4,1.54,2490.8,49.97,2371.83,69.0,5.82,1.4,0.14
4707,14791,Corn,Sweet,"Stanley, Pierce and Schmidt",Wholesaler,Lower Saxony,Online,2024-01-28,781.5,0.82,640.83,15.83,537.99,87.01,17.76,0.81,0.01
4708,3607,Corn,Dent,"Butler, King and Valdez",Exporter,Brandenburg,Online,2025-05-05,245.4,1.28,314.11,36.29,218.13,59.69,19.01,1.19,0.09
4709,7148,Potato,Red,"Nguyen, Clark and Ward",Retailer,Bavaria,Cooperative,2025-03-15,568.9,0.89,506.32,26.07,466.97,13.28,11.95,0.83,0.06
4710,3252,Corn,Dent,Mendoza Inc,Exporter,Lower Saxony,Online,2025-03-26,1405.3,0.98,1377.19,25.72,1330.16,21.31,11.15,0.97,0.01
4711,308,Corn,Dent,Jackson-Huerta,Wholesaler,Lower Saxony,Direct,2024-08-23,1332.7,0.36,479.77,48.44,418.05,13.28,23.11,0.34,0.02
4712,10171,Potato,Russet,Garcia-Stewart,Wholesaler,Bavaria,Cooperative,2024-12-09,472.8,1.27,600.46,31.26,473.17,96.03,19.92,1.16,0.11
4713,10080,Potato,Russet,Santos-Horne,Wholesaler,Brandenburg,Direct,2024-10-17,1221.8,1.06,1295.11,35.04,1233.44,26.63,14.65,1.07,-0.01
4714,807,Potato,Red,Morris LLC,Wholesaler,Lower Saxony,Online,2025-01-13,561.4,1.12,628.77,25.59,590.74,12.44,11.46,1.05,0.07
4715,8320,Wheat,Emmer,"Cole, Mcclain and Holmes",Exporter,Hesse,Cooperative,2025-02-02,646.6,0.33,213.38,42.57,159.92,10.89,11.99,0.36,-0.03
4716,10713,Barley,Hulled,Jones and Sons,Exporter,Hesse,Online,2024-07-25,1991.3,1.3,2588.69,21.77,2506.9,60.02,19.01,1.21,0.09
4717,2372,Wheat,Emmer,Barry LLC,Wholesaler,Lower Saxony,Cooperative,2025-03-14,1411.6,0.83,1171.63,47.66,1105.88,18.09,16.29,0.86,-0.03
4718,3457,Potato,Red,Chapman PLC,Exporter,Lower Saxony,Direct,2025-04-29,967.4,0.29,280.55,23.68,225.89,30.98,20.87,0.3,-0.01
4719,13824,Potato,Russet,Hernandez-Johnson,Exporter,Saxony,Online,2025-05-05,1123.6,0.4,449.44,37.06,400.85,11.53,11.58,0.37,0.03
4720,1626,Barley,Hulled,Watson LLC,Retailer,Hesse,Cooperative,2025-04-15,913.7,0.61,557.36,4.38,537.58,15.4,21.75,0.6,0.01
4721,14513,Potato,Russet,"Burch, Maynard and Joseph",Exporter,Saxony,Online,2025-01-24,1514.5,1.28,1938.56,36.07,1891.41,11.08,21.59,1.25,0.03
4722,1553,Soybean,Yellow,"Harris, Price and Richardson",Wholesaler,Saxony,Direct,2025-05-05,368.3,0.92,338.84,12.02,267.7,59.12,13.56,0.9,0.02
4723,4186,Potato,Red,Caldwell-Gibson,Retailer,Bavaria,Direct,2025-05-05,385.4,1.09,420.09,11.65,373.33,35.11,16.25,1.0,0.09
4724,12422,Barley,Hulless,Lewis LLC,Exporter,Lower Saxony,Online,2024-09-19,1104.7,1.42,1568.67,25.05,1451.76,91.86,11.39,1.34,0.08
4725,6901,Wheat,Durum,Schneider Group,Exporter,Lower Saxony,Direct,2025-05-05,1905.2,0.47,895.44,39.56,812.91,42.97,8.6,0.47,0.0
4726,650,Potato,Russet,Best-Hammond,Exporter,Saxony,Cooperative,2025-04-11,1829.2,1.09,1993.83,27.75,1916.85,49.23,15.08,1.07,0.02
4727,1395,Barley,Hulled,Kent LLC,Wholesaler,Brandenburg,Direct,2025-04-21,1726.7,0.76,1312.29,18.03,1223.85,70.41,18.45,0.8,-0.04
4728,4680,Potato,Red,Lam PLC,Retailer,Lower Saxony,Online,2025-02-02,1353.1,1.04,1407.22,28.62,1293.74,84.86,20.43,0.95,0.09
4729,10070,Barley,Hulless,Grimes Group,Wholesaler,Lower Saxony,Direct,2024-05-21,875.8,0.42,367.84,44.41,305.06,18.37,21.9,0.43,-0.01
4730,10433,Corn,Dent,Carlson Inc,Exporter,Saxony,Direct,2025-05-05,856.3,1.11,950.49,3.01,866.54,80.94,17.65,1.12,-0.01
4731,13967,Barley,Hulled,"Clark, Greene and Jones",Wholesaler,Brandenburg,Online,2025-02-28,1646.1,1.14,1876.55,1.4,1829.3,45.85,19.52,1.12,0.02
4732,13779,Corn,Dent,Wilson Ltd,Exporter,Bavaria,Online,2024-12-30,739.2,0.47,347.42,47.87,268.39,31.16,23.83,0.44,0.03
4733,635,Soybean,Yellow,"Lamb, Medina and Marks",Exporter,Lower Saxony,Direct,2025-04-15,1218.5,1.11,1352.54,4.86,1264.92,82.76,9.85,1.06,0.05
4734,5652,Corn,Dent,"Murphy, Hodges and Smith",Retailer,Bavaria,Cooperative,2024-08-19,1264.6,1.08,1365.77,28.17,1324.45,13.15,9.45,1.06,0.02
4735,9460,Wheat,Durum,"Johnson, Phillips and Parker",Exporter,Hesse,Cooperative,2025-05-05,1076.6,1.19,1281.15,19.15,1170.23,91.77,22.75,1.29,-0.1
4736,11245,Wheat,Emmer,Marquez-Choi,Exporter,Hesse,Cooperative,2025-02-13,851.8,1.46,1243.63,1.14,1195.27,47.22,23.67,1.47,-0.01
4737,9696,Wheat,Durum,"Farmer, Conway and Woods",Retailer,Brandenburg,Online,2024-07-20,1332.3,1.23,1638.73,37.51,1537.65,63.57,5.27,1.18,0.05
4738,13483,Potato,Red,"Smith, Perez and Brown",Exporter,Saxony,Online,2024-12-01,385.4,1.06,408.52,39.31,272.69,96.52,8.46,1.07,-0.01
4739,3086,Potato,Russet,Warner-Valdez,Wholesaler,Saxony,Online,2025-05-02,841.4,0.51,429.11,45.57,365.39,18.15,6.79,0.47,0.04
4740,3710,Potato,Red,"Benton, Park and Howard",Exporter,Hesse,Cooperative,2024-08-28,1357.8,0.83,1126.97,23.98,1091.88,11.11,16.12,0.92,-0.09
4741,4907,Corn,Sweet,Mcmillan-Garcia,Retailer,Brandenburg,Direct,2025-03-23,1799.4,0.56,1007.66,17.72,926.75,63.19,12.19,0.57,-0.01
4742,3056,Wheat,Durum,Shaffer LLC,Wholesaler,Saxony,Direct,2025-03-08,1991.7,0.76,1513.69,43.79,1386.65,83.25,10.48,0.75,0.01
4743,5991,Barley,Hulless,Gillespie-Coleman,Retailer,Lower Saxony,Cooperative,2025-01-14,1910.1,0.99,1891.0,36.52,1760.72,93.76,16.21,0.95,0.04
4744,13356,Wheat,Durum,Simpson Inc,Wholesaler,Lower Saxony,Online,2025-05-04,926.3,0.93,861.46,7.14,816.75,37.57,24.13,1.01,-0.08
4745,1253,Soybean,Yellow,Davis-Marshall,Wholesaler,Lower Saxony,Direct,2024-07-22,200.6,0.91,182.55,18.44,135.79,28.32,7.01,0.83,0.08
4746,7929,Corn,Dent,Murphy Inc,Retailer,Bavaria,Online,2024-10-07,1868.0,0.99,1849.32,10.59,1791.64,47.09,10.19,0.98,0.01
4747,236,Corn,Dent,Richard-Beasley,Exporter,Lower Saxony,Cooperative,2024-04-30,1217.2,1.19,1448.47,38.1,1327.21,83.16,21.82,1.2,-0.01
4748,8277,Wheat,Emmer,Cruz Ltd,Wholesaler,Lower Saxony,Direct,2025-05-05,1740.6,0.94,1636.16,40.54,1553.69,41.93,24.44,1.03,-0.09
4749,10697,Potato,Red,Wu-Patel,Wholesaler,Bavaria,Online,2024-12-02,1383.7,1.07,1480.56,4.41,1386.66,89.49,18.9,1.16,-0.09
4750,14591,Corn,Sweet,Sims-Cabrera,Wholesaler,Saxony,Direct,2025-05-05,743.4,1.04,773.14,44.4,638.71,90.03,18.99,1.04,0.0
4751,14718,Soybean,Yellow,"Cobb, Salazar and Koch",Wholesaler,Bavaria,Online,2025-05-05,1338.8,1.26,1686.89,15.54,1600.36,70.99,11.23,1.17,0.09
4752,10370,Soybean,Yellow,"Davis, Mann and Jackson",Wholesaler,Brandenburg,Direct,2024-11-28,586.8,1.38,809.78,19.88,694.15,95.75,24.86,1.44,-0.06
4753,12659,Corn,Dent,Brown-Tran,Wholesaler,Lower Saxony,Online,2025-05-03,836.0,1.03,861.08,38.5,786.46,36.12,22.42,0.94,0.09
4754,7182,Wheat,Emmer,Reynolds-Mckay,Wholesaler,Brandenburg,Direct,2024-02-14,1259.9,0.64,806.34,47.81,668.81,89.72,12.06,0.61,0.03
4755,10759,Wheat,Emmer,"Harris, Clarke and Davis",Retailer,Lower Saxony,Direct,2025-04-02,1590.9,0.95,1511.36,22.11,1464.4,24.85,21.53,1.04,-0.09
4756,5207,Wheat,Durum,"Wolfe, Cooper and Robertson",Exporter,Brandenburg,Cooperative,2024-09-02,256.2,1.62,415.04,22.03,296.49,96.52,13.9,1.47,0.15
4757,4968,Soybean,Yellow,"Weaver, Lee and Garcia",Retailer,Hesse,Online,2025-03-18,890.1,0.72,640.87,21.17,597.17,22.53,10.88,0.73,-0.01
4758,5082,Potato,Red,"Hartman, Gibson and Woodward",Retailer,Bavaria,Online,2025-02-08,1435.3,0.41,588.47,11.03,499.57,77.87,20.4,0.41,0.0
4759,9546,Potato,Red,"Peterson, Fernandez and Miller",Exporter,Bavaria,Online,2025-03-24,1348.6,0.96,1294.66,39.38,1177.26,78.02,18.06,0.96,0.0
4760,1547,Wheat,Durum,Madden-Ponce,Retailer,Hesse,Cooperative,2025-04-24,1570.8,1.24,1947.79,36.52,1811.72,99.55,11.94,1.15,0.09
4761,9073,Wheat,Emmer,"Turner, Harrison and Reese",Retailer,Brandenburg,Online,2025-03-21,1846.1,0.96,1772.26,27.0,1645.65,99.61,18.35,0.93,0.03
4762,1526,Soybean,Yellow,Reynolds LLC,Wholesaler,Lower Saxony,Online,2025-03-01,479.0,1.23,589.17,1.57,569.16,18.44,9.73,1.35,-0.12
4763,11318,Wheat,Durum,Jones-Smith,Wholesaler,Bavaria,Cooperative,2025-05-05,1760.3,1.09,1918.73,0.48,1841.03,77.22,16.11,1.06,0.03
4764,13019,Corn,Sweet,Morales LLC,Exporter,Brandenburg,Online,2024-05-30,856.3,1.43,1224.51,30.81,1106.69,87.01,6.42,1.46,-0.03
4765,666,Barley,Hulled,"Rhodes, Hawkins and Dawson",Exporter,Brandenburg,Online,2025-03-19,282.6,1.16,327.82,41.39,256.53,29.9,15.22,1.16,0.0
4766,500,Soybean,Black,Higgins-Banks,Retailer,Saxony,Direct,2024-11-22,1108.1,0.37,410.0,48.55,326.5,34.95,22.56,0.34,0.03
4767,3792,Barley,Hulless,Nguyen-Allen,Wholesaler,Saxony,Direct,2023-11-02,1621.0,0.97,1572.37,4.32,1486.89,81.16,11.53,0.89,0.08
4768,5138,Barley,Hulled,"Velasquez, Rodriguez and Brock",Retailer,Brandenburg,Direct,2024-05-30,637.1,1.07,681.7,41.69,599.45,40.56,14.95,1.09,-0.02
4769,6128,Corn,Sweet,Michael-Austin,Wholesaler,Brandenburg,Direct,2023-12-14,1399.4,0.44,615.74,47.75,551.08,16.91,14.08,0.42,0.02
4770,5702,Barley,Hulled,Smith PLC,Exporter,Bavaria,Direct,2024-06-26,465.6,1.39,647.18,24.33,534.52,88.33,15.12,1.38,0.01
4771,6688,Barley,Hulless,"Erickson, Davis and Turner",Exporter,Bavaria,Cooperative,2025-05-05,935.9,0.69,645.77,22.16,567.86,55.75,21.49,0.74,-0.05
4772,336,Corn,Sweet,Parker-Harris,Exporter,Brandenburg,Direct,2025-05-05,938.6,0.59,553.77,12.59,488.42,52.76,21.48,0.59,0.0
4773,4154,Wheat,Emmer,Turner Group,Wholesaler,Brandenburg,Online,2024-09-04,402.8,1.44,580.03,40.18,444.37,95.48,21.28,1.44,0.0
4774,197,Corn,Sweet,Welch-Brown,Wholesaler,Lower Saxony,Cooperative,2024-12-20,279.8,1.28,358.14,1.13,295.12,61.89,23.12,1.22,0.06
4775,4675,Corn,Dent,Perez PLC,Retailer,Lower Saxony,Direct,2025-02-07,481.0,0.71,341.51,1.82,255.5,84.19,21.78,0.67,0.04
4776,10036,Barley,Hulled,Young-Perkins,Retailer,Bavaria,Direct,2025-04-15,1225.0,0.64,784.0,28.15,674.65,81.2,7.18,0.62,0.02
4777,5636,Corn,Dent,Allen PLC,Retailer,Hesse,Cooperative,2025-04-22,1745.3,0.62,1082.09,32.53,965.26,84.3,12.17,0.67,-0.05
4778,10938,Potato,Red,"Harrison, Maynard and Palmer",Exporter,Saxony,Cooperative,2025-05-05,1939.8,1.28,2482.94,46.75,2389.28,46.91,16.18,1.39,-0.11
4779,7050,Wheat,Durum,Richardson PLC,Exporter,Bavaria,Online,2025-01-18,1453.1,0.67,973.58,33.65,889.56,50.37,23.33,0.65,0.02
4780,12280,Potato,Russet,King PLC,Retailer,Brandenburg,Cooperative,2025-05-05,658.7,0.93,612.59,25.53,561.09,25.97,21.77,1.01,-0.08
4781,94,Wheat,Emmer,Green-Smith,Exporter,Lower Saxony,Online,2024-08-26,318.4,1.58,503.07,18.27,417.58,67.22,6.0,1.46,0.12
4782,6933,Corn,Sweet,Grant-Perez,Wholesaler,Brandenburg,Direct,2025-04-19,757.8,0.79,598.66,11.29,546.47,40.9,5.12,0.77,0.02
4783,4872,Barley,Hulled,Singh LLC,Exporter,Brandenburg,Cooperative,2025-05-05,1697.8,0.73,1239.39,26.79,1182.3,30.3,20.64,0.79,-0.06
4784,962,Soybean,Yellow,"Riley, Hernandez and Dixon",Retailer,Saxony,Online,2025-04-20,953.4,0.32,305.09,3.83,236.21,65.05,8.61,0.34,-0.02
4785,7626,Wheat,Emmer,Davis PLC,Retailer,Brandenburg,Online,2025-01-22,284.4,1.34,381.1,16.41,293.68,71.01,17.06,1.34,0.0
4786,11139,Soybean,Black,Swanson-Love,Retailer,Lower Saxony,Direct,2025-01-26,427.1,1.33,568.04,49.97,499.72,18.35,17.36,1.29,0.04
4787,3422,Potato,Red,Sanders and Sons,Retailer,Bavaria,Direct,2024-12-17,1368.1,1.08,1477.55,10.77,1366.91,99.87,7.21,1.03,0.05
4788,4471,Soybean,Yellow,Austin-James,Exporter,Saxony,Cooperative,2025-05-05,1872.8,0.36,674.21,30.4,589.32,54.49,18.76,0.33,0.03
4789,12127,Wheat,Durum,"Harrington, Johnson and Morgan",Retailer,Bavaria,Cooperative,2025-04-23,710.5,0.38,269.99,15.56,239.34,15.09,18.75,0.38,0.0
4790,8740,Wheat,Durum,Solis-Garcia,Wholesaler,Hesse,Direct,2025-05-05,926.0,0.63,583.38,25.42,464.07,93.89,19.63,0.59,0.04
4791,10659,Soybean,Yellow,"Barnes, Crawford and Carney",Retailer,Hesse,Cooperative,2025-03-31,1882.6,1.33,2503.86,44.62,2441.99,17.25,10.88,1.27,0.06
4792,4996,Soybean,Black,Ortiz-Medina,Wholesaler,Saxony,Online,2025-02-20,1480.0,0.5,740.0,16.53,685.42,38.05,5.03,0.48,0.02
4793,1041,Barley,Hulled,Jones-Mullins,Retailer,Lower Saxony,Cooperative,2025-05-05,1286.5,1.37,1762.5,48.81,1684.69,29.0,9.22,1.36,0.01
4794,13657,Soybean,Black,Carpenter Inc,Exporter,Bavaria,Direct,2025-04-12,1265.9,1.33,1683.65,1.95,1643.28,38.42,17.66,1.22,0.11
4795,13831,Corn,Dent,"Johnson, Moore and Johnson",Wholesaler,Bavaria,Online,2024-04-25,1249.5,0.52,649.74,34.24,602.39,13.11,9.16,0.5,0.02
4796,7768,Wheat,Emmer,Griffin-Mcguire,Retailer,Brandenburg,Cooperative,2025-05-01,212.5,0.78,165.75,1.9,91.59,72.26,5.72,0.76,0.02
4797,5124,Wheat,Emmer,Riddle-Case,Wholesaler,Bavaria,Online,2025-04-25,720.4,1.11,799.64,3.07,757.13,39.44,14.1,1.07,0.04
4798,7097,Potato,Red,Brown Ltd,Retailer,Saxony,Online,2025-05-05,687.2,1.28,879.62,45.41,766.75,67.46,22.19,1.27,0.01
4799,3339,Corn,Sweet,"Johnson, Galvan and Lambert",Retailer,Bavaria,Online,2025-04-07,316.0,1.21,382.36,14.17,287.49,80.7,6.2,1.32,-0.11
4800,1650,Corn,Sweet,Davies-Hensley,Wholesaler,Saxony,Cooperative,2025-05-05,203.3,0.94,191.1,8.83,110.2,72.07,15.21,1.04,-0.1
4801,4995,Wheat,Emmer,"King, Sosa and Simpson",Retailer,Lower Saxony,Direct,2025-05-05,844.8,0.83,701.18,19.63,654.83,26.72,9.91,0.81,0.02
4802,11268,Barley,Hulless,Hale Ltd,Exporter,Brandenburg,Online,2025-05-05,1466.6,0.63,923.96,42.68,783.24,98.04,17.38,0.66,-0.03
4803,14134,Soybean,Yellow,Velez-Buckley,Exporter,Bavaria,Direct,2025-04-09,1907.3,1.08,2059.88,39.7,1929.0,91.18,9.06,1.0,0.08
4804,5551,Soybean,Yellow,"Reid, Singh and Atkins",Wholesaler,Lower Saxony,Online,2025-01-30,1606.0,0.96,1541.76,46.78,1449.35,45.63,12.01,0.9,0.06
4805,11609,Wheat,Durum,"Jones, Wright and Arnold",Exporter,Lower Saxony,Direct,2025-03-16,703.2,0.56,393.79,20.43,309.09,64.27,22.31,0.54,0.02
4806,8400,Soybean,Black,Dixon PLC,Exporter,Brandenburg,Direct,2025-03-22,1757.4,1.37,2407.64,30.95,2333.27,43.42,18.7,1.45,-0.08
4807,2168,Soybean,Yellow,"Ramirez, Thomas and Steele",Exporter,Bavaria,Cooperative,2024-11-19,203.6,1.61,327.8,27.6,231.59,68.61,7.31,1.5,0.11
4808,1726,Corn,Sweet,Wilson Group,Wholesaler,Brandenburg,Online,2024-04-23,1451.8,0.44,638.79,2.19,553.78,82.82,15.44,0.41,0.03
4809,10250,Soybean,Black,"Thompson, Wilcox and Watts",Wholesaler,Hesse,Direct,2024-12-13,503.4,1.15,578.91,40.62,490.77,47.52,23.77,1.07,0.08
4810,3835,Soybean,Yellow,"Austin, Key and Gardner",Exporter,Bavaria,Cooperative,2025-02-25,869.7,1.08,939.28,19.61,868.09,51.58,11.52,1.08,0.0
4811,13343,Corn,Sweet,Mejia-Bennett,Wholesaler,Hesse,Direct,2024-11-16,241.0,0.72,173.52,22.59,118.9,32.03,22.4,0.71,0.01
4812,4906,Wheat,Emmer,Jarvis-Barker,Wholesaler,Bavaria,Direct,2025-05-05,424.3,0.86,364.9,4.72,322.02,38.16,11.11,0.88,-0.02
4813,14557,Wheat,Durum,Griffith-Smith,Retailer,Bavaria,Online,2025-03-30,1679.8,0.68,1142.26,49.57,1041.81,50.88,16.51,0.67,0.01
4814,11196,Soybean,Yellow,Allen and Sons,Wholesaler,Bavaria,Cooperative,2024-12-15,1510.6,1.33,2009.1,39.19,1956.53,13.38,24.77,1.38,-0.05
4815,2001,Wheat,Durum,Johnson-Mullen,Exporter,Lower Saxony,Online,2024-09-17,1860.8,0.43,800.14,22.48,732.33,45.33,9.03,0.43,0.0
4816,8775,Wheat,Emmer,"Jones, Wilson and Lewis",Wholesaler,Brandenburg,Direct,2025-04-27,764.0,1.55,1184.2,47.99,1050.48,85.73,16.34,1.43,0.12
4817,8914,Barley,Hulless,"Vance, Alvarez and Horn",Retailer,Hesse,Direct,2025-05-05,778.0,1.56,1213.68,21.6,1143.82,48.26,20.17,1.43,0.13
4818,9189,Soybean,Yellow,"Ferguson, Stewart and Russell",Wholesaler,Hesse,Cooperative,2025-05-02,349.5,1.16,405.42,19.06,340.8,45.56,18.57,1.28,-0.12
4819,914,Soybean,Yellow,Williams and Sons,Retailer,Hesse,Direct,2024-08-15,1019.5,1.01,1029.7,45.41,961.09,23.2,19.16,1.06,-0.05
4820,418,Soybean,Black,Cooper-Mckay,Wholesaler,Hesse,Direct,2025-05-05,671.4,0.87,584.12,5.03,528.4,50.69,8.02,0.87,0.0
4821,13515,Corn,Sweet,"Morgan, Torres and Johnson",Retailer,Saxony,Direct,2024-10-13,582.1,0.57,331.8,6.43,251.24,74.13,13.14,0.54,0.03
4822,11719,Potato,Red,Nguyen Inc,Wholesaler,Bavaria,Cooperative,2024-12-22,228.9,0.4,91.56,23.26,56.4,11.9,13.99,0.41,-0.01
4823,5089,Soybean,Yellow,Thomas-Hutchinson,Exporter,Lower Saxony,Cooperative,2024-06-25,1452.5,0.39,566.48,0.68,479.28,86.52,21.58,0.39,0.0
4824,6878,Barley,Hulled,"Wall, Pena and Colon",Wholesaler,Lower Saxony,Direct,2025-05-02,1375.9,0.41,564.12,26.27,509.89,27.96,10.05,0.38,0.03
4825,382,Soybean,Black,Martin Inc,Wholesaler,Bavaria,Online,2024-09-30,633.1,1.24,785.04,18.47,730.82,35.75,21.21,1.17,0.07
4826,2103,Corn,Sweet,Sanders LLC,Retailer,Bavaria,Online,2025-02-22,339.1,1.25,423.88,14.41,324.05,85.42,11.75,1.36,-0.11
4827,10409,Potato,Russet,Ayers-Smith,Retailer,Bavaria,Online,2025-03-01,1115.5,0.54,602.37,0.78,538.02,63.57,16.54,0.55,-0.01
4828,4975,Barley,Hulled,Ferrell Inc,Exporter,Saxony,Online,2024-12-11,201.5,0.9,181.35,24.38,92.9,64.07,14.81,0.96,-0.06
4829,14158,Wheat,Emmer,Price-Berry,Exporter,Lower Saxony,Online,2025-05-05,936.4,0.32,299.65,49.92,235.87,13.86,14.8,0.31,0.01
4830,7391,Soybean,Black,Lewis and Sons,Retailer,Hesse,Direct,2025-04-16,1992.4,0.67,1334.91,44.17,1235.28,55.46,14.43,0.74,-0.07
4831,13683,Barley,Hulled,Cochran PLC,Retailer,Brandenburg,Cooperative,2024-09-13,1954.0,1.29,2520.66,32.95,2459.72,27.99,17.1,1.41,-0.12
4832,13276,Soybean,Black,Cruz Ltd,Wholesaler,Saxony,Direct,2024-06-28,587.7,0.94,552.44,25.36,511.17,15.91,17.9,0.95,-0.01
4833,8361,Wheat,Emmer,Fox-Brown,Retailer,Hesse,Online,2024-10-28,1938.4,0.77,1492.57,12.2,1384.37,96.0,10.78,0.73,0.04
4834,11827,Corn,Dent,Riddle Group,Wholesaler,Lower Saxony,Online,2025-05-05,1071.6,0.5,535.8,29.17,493.41,13.22,8.16,0.51,-0.01
4835,10006,Soybean,Yellow,Rowland Group,Wholesaler,Bavaria,Cooperative,2025-03-05,423.1,1.35,571.19,4.19,537.57,29.43,17.01,1.43,-0.08
4836,1138,Barley,Hulled,Frost-Sutton,Exporter,Brandenburg,Online,2025-05-05,507.2,1.02,517.34,37.24,423.96,56.14,16.85,1.13,-0.11
4837,688,Potato,Russet,Gill-Castillo,Retailer,Lower Saxony,Cooperative,2025-03-17,349.9,0.64,223.94,45.26,97.84,80.84,6.37,0.64,0.0
4838,9665,Corn,Dent,Thomas-Carlson,Exporter,Lower Saxony,Online,2024-10-17,779.8,0.56,436.69,34.61,373.19,28.89,9.14,0.56,0.0
4839,2372,Wheat,Emmer,Clark-Smith,Exporter,Hesse,Cooperative,2025-03-14,424.9,0.83,352.67,30.25,277.64,44.78,6.76,0.86,-0.03
4840,2091,Corn,Sweet,Rodriguez-Coleman,Retailer,Brandenburg,Cooperative,2023-11-26,1981.6,1.03,2041.05,25.31,1922.34,93.4,20.89,1.13,-0.1
4841,11050,Wheat,Emmer,"Hancock, Reed and Warren",Wholesaler,Brandenburg,Cooperative,2025-03-10,452.7,1.13,511.55,4.06,426.68,80.81,9.53,1.08,0.05
4842,14813,Soybean,Yellow,"Pratt, Little and Porter",Wholesaler,Lower Saxony,Direct,2024-11-26,1728.2,1.53,2644.15,46.73,2545.92,51.5,17.85,1.48,0.05
4843,13955,Barley,Hulless,Stone Inc,Retailer,Hesse,Online,2024-10-31,560.7,0.75,420.52,48.67,320.63,51.22,13.52,0.72,0.03
4844,7669,Soybean,Yellow,Adams Group,Exporter,Saxony,Cooperative,2024-07-31,965.1,1.24,1196.72,43.82,1062.73,90.17,23.67,1.24,0.0
4845,3980,Potato,Red,Cohen and Sons,Wholesaler,Saxony,Online,2024-08-01,1259.2,1.54,1939.17,3.84,1896.7,38.63,23.38,1.4,0.14
4846,1238,Soybean,Yellow,Estes-Swanson,Wholesaler,Bavaria,Online,2025-04-03,846.0,1.12,947.52,11.35,877.46,58.71,12.54,1.24,-0.12
4847,1478,Wheat,Durum,Ellis-Jackson,Exporter,Saxony,Online,2025-04-18,368.1,1.13,415.95,48.01,283.19,84.75,12.13,1.14,-0.01
4848,4398,Wheat,Durum,Peters Ltd,Retailer,Bavaria,Cooperative,2025-02-13,1405.9,1.16,1630.84,32.99,1504.5,93.35,24.48,1.12,0.04
4849,1251,Soybean,Yellow,Swanson-Hall,Exporter,Brandenburg,Cooperative,2024-10-22,349.5,0.87,304.06,18.03,255.78,30.25,5.12,0.91,-0.04
4850,13619,Wheat,Durum,Wright PLC,Wholesaler,Bavaria,Cooperative,2025-04-13,1780.3,0.36,640.91,39.58,531.78,69.55,13.03,0.36,0.0
4851,5174,Barley,Hulled,Sweeney-Wright,Exporter,Bavaria,Direct,2025-03-28,393.3,1.29,507.36,34.35,435.08,37.93,10.09,1.41,-0.12
4852,1075,Potato,Red,Carroll Inc,Wholesaler,Saxony,Online,2024-07-03,1097.7,0.89,976.95,34.12,898.96,43.87,9.44,0.97,-0.08
4853,7752,Barley,Hulless,Roberts PLC,Retailer,Lower Saxony,Cooperative,2025-01-06,795.1,0.39,310.09,0.49,213.1,96.5,21.97,0.36,0.03
4854,2931,Wheat,Durum,Murphy Ltd,Exporter,Brandenburg,Cooperative,2025-01-09,669.2,0.81,542.05,35.13,496.84,10.08,6.51,0.75,0.06
4855,9869,Corn,Sweet,"Cruz, Mcclain and Branch",Exporter,Saxony,Online,2024-05-02,883.4,0.39,344.53,22.82,245.8,75.91,6.9,0.37,0.02
4856,10990,Soybean,Yellow,"Francis, Macias and Cunningham",Wholesaler,Hesse,Cooperative,2025-05-05,784.0,0.63,493.92,27.14,370.61,96.17,20.37,0.7,-0.07
4857,9270,Corn,Sweet,Glass Inc,Wholesaler,Brandenburg,Direct,2025-04-15,891.9,0.3,267.57,43.38,212.79,11.4,9.92,0.31,-0.01
4858,9513,Soybean,Yellow,"Hess, Ayala and Nelson",Exporter,Bavaria,Direct,2025-02-18,1584.0,0.33,522.72,35.71,410.63,76.38,6.98,0.31,0.02
4859,1053,Wheat,Durum,Campbell-Figueroa,Exporter,Bavaria,Online,2024-03-17,659.9,1.37,904.06,21.07,803.4,79.59,9.22,1.37,0.0
4860,1225,Corn,Dent,"Silva, Martin and Lin",Exporter,Hesse,Cooperative,2025-04-15,1072.1,0.43,461.0,16.63,360.16,84.21,17.38,0.41,0.02
4861,8832,Soybean,Yellow,Hernandez Group,Exporter,Bavaria,Direct,2024-06-03,1883.7,1.06,1996.72,15.33,1920.82,60.57,20.55,0.97,0.09
4862,7483,Wheat,Durum,Williams PLC,Retailer,Lower Saxony,Direct,2025-03-13,263.2,1.49,392.17,26.01,275.21,90.95,5.35,1.49,0.0
4863,8597,Wheat,Durum,Morales-Ray,Exporter,Bavaria,Cooperative,2024-05-27,453.1,0.56,253.74,19.85,178.18,55.71,13.54,0.57,-0.01
4864,2740,Potato,Red,Robinson-White,Wholesaler,Brandenburg,Cooperative,2025-05-05,405.2,1.08,437.62,25.73,359.67,52.22,8.76,0.99,0.09
4865,1540,Barley,Hulless,"Kramer, Francis and Mills",Retailer,Saxony,Online,2025-04-28,861.2,1.25,1076.5,33.48,1001.49,41.53,21.33,1.28,-0.03
4866,7050,Wheat,Durum,"Clarke, Gallegos and Anderson",Wholesaler,Hesse,Direct,2025-02-28,827.5,0.63,521.33,0.18,447.1,74.05,5.9,0.65,-0.02
4867,11473,Corn,Dent,Martinez PLC,Exporter,Brandenburg,Cooperative,2025-05-05,1836.1,1.3,2386.93,19.38,2323.06,44.49,7.32,1.44,-0.14
4868,2070,Soybean,Yellow,Aguirre-Garcia,Exporter,Hesse,Direct,2024-08-16,1713.4,1.33,2278.82,30.6,2198.24,49.98,23.12,1.41,-0.08
4869,2011,Barley,Hulless,Harris-Good,Retailer,Bavaria,Direct,2024-11-03,1245.5,1.1,1370.05,30.98,1265.83,73.24,24.55,1.05,0.05
4870,10692,Potato,Red,Kerr-Berry,Exporter,Brandenburg,Online,2025-03-22,1180.3,0.55,649.17,14.98,534.72,99.47,15.62,0.56,-0.01
4871,3335,Corn,Sweet,Rivera PLC,Wholesaler,Bavaria,Direct,2024-10-26,387.9,0.48,186.19,34.08,92.88,59.23,16.67,0.46,0.02
4872,13333,Potato,Russet,"Gonzalez, White and Robertson",Exporter,Lower Saxony,Cooperative,2025-04-30,1098.1,1.22,1339.68,2.81,1317.52,19.35,7.87,1.34,-0.12
4873,8571,Corn,Dent,Kidd Ltd,Retailer,Brandenburg,Cooperative,2025-05-04,832.0,0.98,815.36,4.2,742.3,68.86,7.3,1.05,-0.07
4874,11931,Soybean,Black,Hall-Smith,Retailer,Bavaria,Direct,2025-04-13,1447.1,1.24,1794.4,47.4,1722.05,24.95,21.14,1.26,-0.02
4875,2054,Wheat,Durum,"Gibbs, Green and Collins",Wholesaler,Hesse,Cooperative,2025-03-22,642.5,1.52,976.6,47.8,870.54,58.26,16.64,1.41,0.11
4876,4304,Potato,Red,Williams PLC,Wholesaler,Bavaria,Cooperative,2024-12-19,1524.4,1.4,2134.16,40.34,2016.08,77.74,15.59,1.43,-0.03
4877,12333,Potato,Red,Phillips-Tran,Wholesaler,Brandenburg,Cooperative,2024-12-15,526.5,1.5,789.75,3.33,765.25,21.17,22.62,1.38,0.12
4878,3299,Soybean,Yellow,Martin-Berg,Wholesaler,Lower Saxony,Online,2025-03-06,218.2,0.41,89.46,31.31,-27.47,85.62,14.13,0.42,-0.01
4879,3296,Corn,Sweet,Davis-Lopez,Retailer,Lower Saxony,Direct,2025-03-17,475.1,1.12,532.11,46.86,436.36,48.89,22.8,1.2,-0.08
4880,5839,Barley,Hulless,Lee Ltd,Wholesaler,Brandenburg,Cooperative,2024-12-25,1159.6,0.32,371.07,2.29,294.7,74.08,22.31,0.32,0.0
4881,10110,Soybean,Black,Burns-Perez,Retailer,Saxony,Cooperative,2024-05-15,1168.0,0.83,969.44,35.63,908.72,25.09,11.37,0.89,-0.06
4882,10389,Potato,Red,"White, Williams and Rodgers",Wholesaler,Lower Saxony,Direct,2024-08-18,1685.2,0.49,825.75,22.96,723.39,79.4,16.45,0.54,-0.05
4883,11443,Corn,Sweet,Douglas and Sons,Exporter,Brandenburg,Online,2024-11-29,1135.6,0.55,624.58,16.91,514.16,93.51,21.17,0.6,-0.05
4884,5422,Soybean,Yellow,Wyatt Ltd,Retailer,Saxony,Direct,2025-01-28,1440.5,0.5,720.25,36.78,603.33,80.14,21.32,0.53,-0.03
4885,11306,Potato,Red,"Smith, Davies and Hardy",Wholesaler,Lower Saxony,Cooperative,2024-09-12,280.3,0.84,235.45,27.3,152.09,56.06,5.67,0.86,-0.02
4886,5529,Wheat,Emmer,"Bennett, Mccullough and Larson",Exporter,Hesse,Cooperative,2025-03-15,578.5,1.4,809.9,28.02,741.42,40.46,18.45,1.34,0.06
4887,10741,Soybean,Yellow,Rodgers-Wagner,Exporter,Bavaria,Cooperative,2024-10-05,1311.0,1.38,1809.18,45.61,1693.4,70.17,11.0,1.46,-0.08
4888,6560,Wheat,Durum,Lopez-Carter,Retailer,Lower Saxony,Online,2024-11-24,1713.9,1.41,2416.6,33.89,2359.46,23.25,22.4,1.31,0.1
4889,12579,Corn,Dent,"Valentine, Dunn and Anderson",Wholesaler,Brandenburg,Direct,2024-10-17,1571.8,1.56,2452.01,10.58,2343.11,98.32,15.83,1.47,0.09
4890,9838,Wheat,Durum,"Green, Williams and Savage",Exporter,Bavaria,Online,2025-05-05,1964.9,1.39,2731.21,21.92,2631.42,77.87,8.45,1.45,-0.06
4891,1312,Barley,Hulled,"Hicks, Lewis and Johnson",Exporter,Hesse,Direct,2025-01-01,1645.7,0.93,1530.5,12.98,1465.91,51.61,19.13,0.85,0.08
4892,5728,Potato,Russet,Gibson LLC,Retailer,Brandenburg,Online,2025-03-05,582.7,1.11,646.8,5.45,548.1,93.25,13.84,1.19,-0.08
4893,11034,Soybean,Black,Rojas-Eaton,Retailer,Saxony,Direct,2025-03-09,950.3,0.35,332.6,16.41,262.83,53.36,8.64,0.36,-0.01
4894,7970,Soybean,Black,"Stewart, Taylor and Walker",Exporter,Saxony,Direct,2025-04-03,1914.8,1.29,2470.09,49.15,2333.08,87.86,13.75,1.42,-0.13
4895,14520,Soybean,Black,"Elliott, Rogers and Mcdonald",Wholesaler,Saxony,Online,2024-08-28,1092.7,1.11,1212.9,7.83,1162.78,42.29,11.64,1.15,-0.04
4896,851,Corn,Dent,Gamble and Sons,Exporter,Lower Saxony,Cooperative,2025-05-05,1850.8,1.44,2665.15,7.15,2621.87,36.13,17.75,1.5,-0.06
4897,10411,Potato,Russet,Callahan Ltd,Retailer,Bavaria,Cooperative,2025-05-05,819.1,0.93,761.76,35.44,635.94,90.38,16.15,0.92,0.01
4898,12955,Corn,Sweet,Bullock-Graham,Exporter,Saxony,Online,2025-05-05,829.8,1.37,1136.83,48.74,994.53,93.56,16.59,1.35,0.02
4899,11796,Potato,Russet,Murray-Wilson,Retailer,Lower Saxony,Direct,2024-11-10,479.0,1.1,526.9,47.11,404.78,75.01,24.61,1.1,0.0
4900,3126,Wheat,Durum,Christensen-Elliott,Retailer,Hesse,Online,2025-05-02,754.7,0.43,324.52,27.68,240.2,56.64,16.91,0.43,0.0
4901,8879,Potato,Russet,Phillips LLC,Exporter,Hesse,Online,2025-01-28,1246.1,0.92,1146.41,28.59,1042.88,74.94,15.99,0.91,0.01
4902,7164,Corn,Sweet,"Vance, Lamb and Lopez",Wholesaler,Brandenburg,Direct,2025-01-31,1420.6,0.55,781.33,48.9,684.43,48.0,14.86,0.58,-0.03
4903,8887,Corn,Sweet,Brown LLC,Wholesaler,Bavaria,Direct,2025-03-07,1207.2,0.59,712.25,11.61,639.9,60.74,19.7,0.58,0.01
4904,9680,Wheat,Durum,Roy Inc,Retailer,Hesse,Online,2024-08-24,549.2,1.0,549.2,48.49,476.02,24.69,19.56,1.05,-0.05
4905,4329,Potato,Russet,Maynard-Dodson,Exporter,Hesse,Online,2025-05-05,463.7,0.41,190.12,40.85,137.68,11.59,16.13,0.45,-0.04
4906,10423,Corn,Dent,Landry Group,Exporter,Hesse,Online,2025-04-26,915.3,0.87,796.31,33.96,688.79,73.56,21.84,0.85,0.02
4907,6345,Potato,Red,Robinson Group,Retailer,Saxony,Cooperative,2024-09-29,1916.3,0.65,1245.6,40.26,1111.31,94.03,11.48,0.69,-0.04
4908,9396,Corn,Sweet,"Martinez, Vance and Walls",Exporter,Lower Saxony,Direct,2024-10-26,424.0,1.34,568.16,42.45,442.24,83.47,17.03,1.28,0.06
4909,8040,Wheat,Durum,"Oneal, Guzman and Bailey",Retailer,Lower Saxony,Cooperative,2025-01-08,581.5,0.39,226.78,2.69,135.83,88.26,8.76,0.37,0.02
4910,12108,Soybean,Black,Gonzalez and Sons,Exporter,Saxony,Cooperative,2024-06-05,621.1,1.43,888.17,10.92,808.44,68.81,23.7,1.44,-0.01
4911,3348,Soybean,Black,White PLC,Exporter,Saxony,Direct,2024-08-27,1340.2,1.12,1501.02,8.37,1460.38,32.27,18.78,1.04,0.08
4912,13516,Potato,Russet,Lopez-Ingram,Wholesaler,Bavaria,Online,2025-04-16,785.4,0.68,534.07,31.49,485.93,16.65,5.1,0.62,0.06
4913,13202,Corn,Sweet,Dixon and Sons,Wholesaler,Lower Saxony,Direct,2024-06-26,546.8,0.72,393.7,22.29,349.27,22.14,24.31,0.74,-0.02
4914,11818,Potato,Red,Quinn-Brown,Wholesaler,Bavaria,Online,2025-05-03,425.3,1.43,608.18,17.23,493.32,97.63,24.08,1.47,-0.04
4915,2300,Potato,Red,"Chavez, Frazier and Prince",Exporter,Saxony,Cooperative,2025-04-12,1392.9,1.13,1573.98,38.73,1467.2,68.05,17.04,1.06,0.07
4916,7430,Wheat,Emmer,Morrison-Steele,Exporter,Brandenburg,Direct,2024-07-17,768.4,1.47,1129.55,36.12,1007.36,86.07,7.84,1.38,0.09
4917,5516,Potato,Red,"Reilly, Newman and Howell",Exporter,Saxony,Direct,2025-05-05,466.2,0.3,139.86,22.83,49.77,67.26,24.37,0.31,-0.01
4918,4374,Wheat,Durum,Hill-Mcknight,Wholesaler,Saxony,Online,2024-10-01,678.6,1.2,814.32,19.06,775.92,19.34,23.35,1.09,0.11
4919,4758,Wheat,Emmer,Taylor Inc,Exporter,Lower Saxony,Direct,2024-08-04,352.7,1.38,486.73,46.42,360.81,79.5,22.27,1.34,0.04
4920,14152,Barley,Hulled,"Wallace, Garcia and Lopez",Retailer,Hesse,Direct,2025-03-14,846.9,1.2,1016.28,49.44,920.91,45.93,19.94,1.23,-0.03
4921,1898,Soybean,Black,"Robbins, Cruz and Brown",Exporter,Hesse,Direct,2025-03-23,1542.1,1.12,1727.15,41.14,1612.86,73.15,23.28,1.13,-0.01
4922,9365,Barley,Hulled,"Allen, Orr and Johnson",Retailer,Hesse,Cooperative,2024-10-30,432.4,0.57,246.47,15.46,133.0,98.01,23.79,0.61,-0.04
4923,2653,Wheat,Durum,Holmes-Mcconnell,Wholesaler,Saxony,Online,2025-03-07,831.5,1.36,1130.84,40.47,1065.9,24.47,12.93,1.31,0.05
4924,11661,Potato,Russet,"Cochran, Daniels and Robbins",Wholesaler,Bavaria,Direct,2024-08-15,1833.8,1.05,1925.49,33.92,1870.7,20.87,13.07,1.03,0.02
4925,5248,Wheat,Emmer,Morris PLC,Retailer,Saxony,Cooperative,2024-01-12,757.7,0.9,681.93,38.48,607.9,35.55,10.15,0.96,-0.06
4926,8345,Potato,Russet,Ward-Martinez,Wholesaler,Hesse,Cooperative,2025-05-05,1274.4,0.38,484.27,44.65,402.0,37.62,19.18,0.38,0.0
4927,11176,Soybean,Yellow,Brown-Haas,Retailer,Hesse,Direct,2025-01-10,345.4,0.89,307.41,30.09,264.7,12.62,13.75,0.97,-0.08
4928,12701,Corn,Dent,Nelson-Larson,Retailer,Brandenburg,Direct,2025-05-05,905.3,1.24,1122.57,44.57,1038.44,39.56,17.67,1.29,-0.05
4929,5750,Barley,Hulled,Griffith Inc,Wholesaler,Saxony,Cooperative,2025-03-16,1034.8,1.31,1355.59,15.74,1289.54,50.31,15.0,1.23,0.08
4930,8752,Potato,Red,"Gardner, Jones and Howell",Retailer,Lower Saxony,Direct,2025-05-05,1421.6,0.4,568.64,28.77,452.91,86.96,18.22,0.41,-0.01
4931,5283,Wheat,Emmer,Bolton-Smith,Retailer,Hesse,Online,2025-01-14,1300.4,0.71,923.28,33.09,855.76,34.43,19.68,0.76,-0.05
4932,12955,Corn,Sweet,"Tucker, Mcfarland and Mcbride",Exporter,Brandenburg,Direct,2025-05-05,236.2,1.36,321.23,36.83,218.24,66.16,9.11,1.35,0.01
4933,8902,Potato,Red,"Vazquez, Hawkins and Mason",Exporter,Brandenburg,Online,2024-07-17,572.9,0.69,395.3,34.62,277.13,83.55,24.52,0.73,-0.04
4934,10513,Barley,Hulless,Cruz and Sons,Retailer,Hesse,Direct,2024-05-02,1153.7,0.76,876.81,46.84,770.77,59.2,11.0,0.78,-0.02
4935,10205,Potato,Red,"Wilson, Hernandez and Hunt",Wholesaler,Bavaria,Cooperative,2025-05-05,530.5,1.48,785.14,39.63,704.14,41.37,16.58,1.44,0.04
4936,435,Barley,Hulless,Garrett-Cooley,Wholesaler,Brandenburg,Cooperative,2025-05-01,607.6,0.95,577.22,6.7,501.88,68.64,18.42,0.94,0.01
4937,13821,Corn,Dent,Williamson LLC,Wholesaler,Saxony,Online,2024-03-27,795.9,0.48,382.03,34.93,264.07,83.03,17.67,0.48,0.0
4938,7540,Potato,Russet,"Newman, Hunter and Wagner",Retailer,Bavaria,Direct,2024-04-05,1801.3,1.62,2918.11,4.76,2901.36,11.99,17.52,1.49,0.13
4939,14338,Potato,Russet,"Patel, Mccarthy and Davis",Wholesaler,Saxony,Online,2024-01-12,1008.3,0.52,524.32,20.18,427.86,76.28,7.4,0.51,0.01
4940,4101,Corn,Sweet,Leonard and Sons,Retailer,Bavaria,Direct,2025-05-05,1727.7,0.6,1036.62,31.55,940.37,64.7,7.39,0.59,0.01
4941,12314,Soybean,Black,"Brown, Wright and Avery",Retailer,Saxony,Cooperative,2024-05-24,1984.6,0.49,972.45,47.42,877.25,47.78,16.48,0.48,0.01
4942,3337,Potato,Russet,Johnson-Anderson,Retailer,Bavaria,Direct,2025-03-25,324.5,1.2,389.4,23.55,335.66,30.19,23.5,1.19,0.01
4943,12824,Potato,Red,Schmidt-Hughes,Exporter,Lower Saxony,Direct,2025-02-21,1555.3,1.0,1555.3,21.54,1494.48,39.28,18.69,1.01,-0.01
4944,6732,Potato,Red,"Williams, Pearson and Martin",Exporter,Brandenburg,Cooperative,2025-04-16,909.3,0.33,300.07,21.4,180.48,98.19,8.4,0.31,0.02
4945,4197,Corn,Dent,Carter Ltd,Retailer,Bavaria,Cooperative,2024-12-26,1241.7,0.87,1080.28,26.7,1031.86,21.72,12.82,0.82,0.05
4946,7003,Potato,Russet,"Jenkins, Brown and Murphy",Exporter,Hesse,Cooperative,2024-02-15,917.0,1.45,1329.65,1.18,1301.38,27.09,21.4,1.33,0.12
4947,12731,Corn,Dent,Mclaughlin-Guerrero,Exporter,Brandenburg,Direct,2025-03-17,678.3,0.85,576.55,27.6,492.06,56.89,18.17,0.79,0.06
4948,13924,Barley,Hulled,Aguilar Group,Wholesaler,Brandenburg,Cooperative,2025-02-07,652.1,0.7,456.47,0.77,428.27,27.43,5.53,0.68,0.02
4949,13059,Corn,Sweet,Brock Ltd,Retailer,Brandenburg,Direct,2024-09-28,1365.2,0.45,614.34,37.74,531.32,45.28,10.62,0.41,0.04
4950,8774,Corn,Sweet,Morris-Williams,Retailer,Hesse,Cooperative,2024-12-04,883.8,0.54,477.25,11.65,414.42,51.18,22.91,0.58,-0.04
4951,13533,Barley,Hulless,Wood Group,Wholesaler,Hesse,Direct,2024-07-25,888.9,1.09,968.9,44.74,895.7,28.46,13.85,1.06,0.03
4952,7706,Barley,Hulled,Shepard-Steele,Exporter,Saxony,Online,2025-05-05,1512.7,1.45,2193.42,19.01,2090.12,84.29,24.33,1.47,-0.02
4953,1080,Potato,Red,Fowler-Perez,Retailer,Brandenburg,Online,2024-11-20,1068.3,0.33,352.54,8.75,319.63,24.16,23.56,0.32,0.01
4954,7281,Barley,Hulled,Harris-Roberts,Wholesaler,Bavaria,Direct,2025-04-08,1431.9,1.02,1460.54,43.62,1333.31,83.61,12.79,1.11,-0.09
4955,5730,Wheat,Emmer,Cox Ltd,Wholesaler,Lower Saxony,Online,2024-11-28,1303.1,0.41,534.27,12.08,487.63,34.56,16.91,0.42,-0.01
4956,1210,Barley,Hulled,Dean-Harrington,Retailer,Saxony,Online,2024-10-15,389.7,0.37,144.19,17.1,68.23,58.86,19.77,0.36,0.01
4957,2020,Barley,Hulled,"Murray, Davies and Thomas",Retailer,Lower Saxony,Cooperative,2024-08-21,1401.5,0.35,490.52,31.25,359.37,99.9,15.03,0.33,0.02
4958,12027,Wheat,Durum,Smith-Parks,Wholesaler,Hesse,Direct,2025-01-14,1629.9,1.1,1792.89,40.2,1701.63,51.06,18.65,1.06,0.04
4959,8850,Corn,Dent,Allen and Sons,Wholesaler,Saxony,Cooperative,2024-07-31,680.0,0.96,652.8,13.51,563.27,76.02,15.75,0.93,0.03
4960,7293,Potato,Russet,"Lopez, Fisher and Williams",Retailer,Bavaria,Direct,2025-03-30,360.5,1.53,551.57,38.4,423.19,89.98,5.59,1.44,0.09
4961,8347,Soybean,Yellow,Ellis Inc,Wholesaler,Bavaria,Online,2025-03-31,771.2,1.11,856.03,15.35,825.55,15.13,8.79,1.2,-0.09
4962,10401,Potato,Russet,"Ortiz, Hernandez and Parker",Exporter,Brandenburg,Cooperative,2025-04-07,266.7,0.34,90.68,6.87,71.94,11.87,21.23,0.38,-0.04
4963,104,Wheat,Emmer,Nguyen LLC,Wholesaler,Saxony,Online,2024-08-08,1752.1,1.2,2102.52,26.92,1986.0,89.6,18.84,1.31,-0.11
4964,5168,Wheat,Emmer,Rowe Inc,Wholesaler,Hesse,Online,2024-09-08,1612.9,0.95,1532.26,45.59,1421.44,65.23,23.72,0.93,0.02
4965,14777,Corn,Sweet,"Ramos, Hill and Sanchez",Exporter,Brandenburg,Online,2025-05-05,631.4,1.63,1029.18,31.86,899.05,98.27,10.88,1.49,0.14
4966,1199,Barley,Hulless,Smith Ltd,Exporter,Hesse,Online,2025-04-19,1353.5,0.61,825.64,14.86,751.52,59.26,22.79,0.67,-0.06
4967,10507,Wheat,Durum,"Carey, Thompson and Cooper",Wholesaler,Hesse,Online,2024-11-07,599.9,1.0,599.9,30.48,476.63,92.79,5.45,0.97,0.03
4968,4849,Soybean,Black,Davis Inc,Wholesaler,Lower Saxony,Direct,2025-05-05,970.4,0.76,737.5,36.36,680.03,21.11,24.15,0.69,0.07
4969,8778,Soybean,Yellow,"Woods, Parker and Mason",Exporter,Hesse,Direct,2025-04-20,990.3,1.03,1020.01,36.16,954.11,29.74,12.45,1.01,0.02
4970,13379,Wheat,Emmer,"Taylor, Cook and Stein",Exporter,Bavaria,Direct,2025-01-11,1514.1,0.89,1347.55,8.68,1298.16,40.71,17.0,0.89,0.0
4971,1197,Soybean,Yellow,Swanson-Nguyen,Wholesaler,Brandenburg,Cooperative,2024-11-25,1445.8,0.96,1387.97,17.87,1315.09,55.01,6.22,0.98,-0.02
4972,1420,Corn,Sweet,Davis Ltd,Exporter,Hesse,Direct,2025-03-28,1282.8,0.7,897.96,28.17,803.37,66.42,10.59,0.76,-0.06
4973,4876,Potato,Red,Morris and Sons,Exporter,Hesse,Online,2024-08-10,1022.8,0.42,429.58,17.6,376.05,35.93,8.09,0.47,-0.05
4974,13292,Barley,Hulled,Johnson-Oneill,Exporter,Lower Saxony,Cooperative,2024-11-28,560.5,0.43,241.02,42.66,117.51,80.85,10.3,0.39,0.04
4975,3759,Potato,Red,"Church, Hawkins and Lee",Wholesaler,Bavaria,Online,2024-10-15,975.4,1.22,1189.99,37.4,1059.26,93.33,24.92,1.32,-0.1
4976,6924,Potato,Red,Roman-Underwood,Retailer,Saxony,Direct,2024-12-08,1711.5,1.04,1779.96,35.23,1659.01,85.72,22.83,1.0,0.04
4977,8913,Barley,Hulless,Morris Group,Wholesaler,Bavaria,Cooperative,2024-09-27,1633.6,0.37,604.43,37.55,486.42,80.46,23.46,0.4,-0.03
4978,5615,Soybean,Black,May-Perry,Retailer,Lower Saxony,Cooperative,2024-12-20,1674.7,0.41,686.63,7.44,633.43,45.76,15.74,0.41,0.0
4979,11347,Barley,Hulled,Phillips LLC,Wholesaler,Bavaria,Online,2025-05-05,503.0,0.8,402.4,37.71,272.81,91.88,14.84,0.77,0.03
4980,12648,Potato,Russet,Wolf PLC,Exporter,Lower Saxony,Cooperative,2024-11-14,334.7,0.65,217.56,45.59,74.85,97.12,22.56,0.61,0.04
4981,8203,Corn,Dent,Torres-Woods,Retailer,Bavaria,Cooperative,2025-01-13,742.4,0.61,452.86,42.82,341.64,68.4,24.27,0.57,0.04
4982,13390,Wheat,Durum,Powers-James,Exporter,Lower Saxony,Cooperative,2025-01-03,949.0,0.84,797.16,49.37,697.29,50.5,19.12,0.84,0.0
4983,12990,Potato,Russet,"Howard, Sanders and Grant",Exporter,Brandenburg,Online,2025-03-04,1031.3,0.7,721.91,16.82,646.55,58.54,11.74,0.72,-0.02
4984,13937,Potato,Red,Tyler-Miller,Retailer,Hesse,Cooperative,2025-05-05,806.4,1.13,911.23,45.53,774.0,91.7,7.49,1.03,0.1
4985,8613,Wheat,Emmer,Davis-Patel,Retailer,Hesse,Online,2025-02-02,1840.8,0.69,1270.15,1.89,1216.18,52.08,17.33,0.64,0.05
4986,429,Barley,Hulled,Jacobs-Flores,Retailer,Lower Saxony,Direct,2025-05-05,1603.7,0.93,1491.44,16.98,1447.08,27.38,6.08,0.91,0.02
4987,2482,Corn,Dent,"Turner, May and Roth",Exporter,Saxony,Online,2024-06-17,865.3,0.88,761.46,10.49,715.01,35.96,20.49,0.82,0.06
4988,14572,Wheat,Durum,Torres and Sons,Wholesaler,Bavaria,Cooperative,2024-11-20,386.9,0.57,220.53,16.46,115.8,88.27,20.58,0.54,0.03
4989,7891,Potato,Red,Lee-Ruiz,Wholesaler,Brandenburg,Online,2024-08-06,1467.6,0.33,484.31,1.8,449.43,33.08,22.69,0.36,-0.03
4990,4807,Barley,Hulled,Marshall Inc,Exporter,Hesse,Direct,2024-02-13,459.6,0.67,307.93,40.49,233.17,34.27,23.21,0.65,0.02
4991,11375,Corn,Dent,"Orr, Roberts and Murray",Wholesaler,Brandenburg,Direct,2024-12-19,1681.6,1.24,2085.18,2.96,2002.14,80.08,10.29,1.36,-0.12
4992,11118,Potato,Russet,Valenzuela-Pearson,Wholesaler,Brandenburg,Cooperative,2025-05-05,733.7,0.63,462.23,19.19,397.98,45.06,18.73,0.68,-0.05
4993,6788,Wheat,Durum,Torres-Ballard,Retailer,Lower Saxony,Direct,2024-11-15,1191.2,0.47,559.86,49.89,489.33,20.64,12.93,0.49,-0.02
4994,1694,Wheat,Durum,"Davis, Pierce and Taylor",Retailer,Lower Saxony,Direct,2025-03-01,626.2,1.54,964.35,14.65,851.06,98.64,24.82,1.44,0.1
4995,7936,Barley,Hulled,Joseph-Murray,Exporter,Bavaria,Direct,2025-04-13,1286.2,0.68,874.62,19.02,776.19,79.41,7.81,0.65,0.03
4996,14697,Corn,Dent,Wilkins Ltd,Retailer,Saxony,Direct,2024-11-14,1498.4,1.42,2127.73,34.02,2027.24,66.47,20.24,1.44,-0.02
4997,1205,Corn,Sweet,"Campos, Bean and Carr",Exporter,Saxony,Direct,2025-01-17,316.1,0.51,161.21,3.87,81.81,75.53,12.97,0.52,-0.01
4998,6173,Corn,Dent,Lopez-Cowan,Wholesaler,Saxony,Cooperative,2024-11-30,1793.4,0.57,1022.24,3.33,1005.64,13.27,16.08,0.58,-0.01
4999,6788,Wheat,Durum,Smith-Kelley,Retailer,Lower Saxony,Cooperative,2024-09-25,826.8,0.53,438.2,1.11,351.77,85.32,22.79,0.49,0.04
5000,14438,Potato,Red,Johnson LLC,Retailer,Bavaria,Online,2024-08-26,1552.9,0.59,916.21,46.49,853.03,16.69,14.59,0.58,0.01
5001,9490,Corn,Sweet,Carter-Ross,Exporter,Lower Saxony,Direct,2024-07-23,436.0,1.58,688.88,3.3,643.35,42.23,22.9,1.45,0.13
5002,13433,Potato,Red,Wright Ltd,Wholesaler,Lower Saxony,Cooperative,2024-04-19,896.5,0.58,519.97,27.81,418.96,73.2,11.3,0.56,0.02
5003,10075,Soybean,Black,Miller Group,Exporter,Bavaria,Direct,2025-05-05,416.3,0.47,195.66,42.41,84.4,68.85,13.1,0.44,0.03
5004,11297,Wheat,Durum,Brown-Fitzgerald,Wholesaler,Bavaria,Online,2024-08-03,898.2,0.81,727.54,13.35,656.18,58.01,17.59,0.81,0.0
5005,2012,Soybean,Yellow,Dennis and Sons,Wholesaler,Hesse,Online,2024-12-15,1118.7,0.61,682.41,6.37,618.42,57.62,14.69,0.6,0.01
5006,8545,Barley,Hulled,"Carson, Wong and Mathews",Exporter,Saxony,Direct,2024-08-26,376.2,0.82,308.48,48.29,246.65,13.54,10.93,0.83,-0.01
5007,2721,Soybean,Yellow,Zhang Ltd,Exporter,Brandenburg,Direct,2024-05-07,1223.2,1.4,1712.48,15.37,1682.95,14.16,19.4,1.39,0.01
5008,12133,Soybean,Black,Fitzgerald Ltd,Wholesaler,Bavaria,Cooperative,2024-09-04,1845.9,1.16,2141.24,42.51,2021.58,77.15,16.37,1.16,0.0
5009,10693,Soybean,Yellow,"Hanson, Thomas and Cervantes",Exporter,Brandenburg,Online,2024-06-25,1425.2,0.52,741.1,44.35,665.52,31.23,19.36,0.54,-0.02
5010,4459,Barley,Hulless,"Clark, Scott and Ryan",Exporter,Saxony,Online,2024-08-22,1271.6,1.0,1271.6,13.28,1165.86,92.46,9.87,1.09,-0.09
5011,3532,Barley,Hulless,Espinoza-Hernandez,Retailer,Brandenburg,Cooperative,2024-01-01,965.7,1.58,1525.81,23.56,1488.13,14.12,11.75,1.48,0.1
5012,14061,Barley,Hulled,"Cox, Nguyen and Carroll",Exporter,Bavaria,Cooperative,2025-05-05,776.0,0.45,349.2,43.74,252.65,52.81,13.37,0.44,0.01
5013,14637,Corn,Dent,Valencia-Nguyen,Exporter,Saxony,Online,2024-11-03,714.1,1.2,856.92,47.7,788.21,21.01,22.81,1.2,0.0
5014,2367,Corn,Dent,Duran-Hall,Retailer,Hesse,Online,2025-04-28,1106.6,1.07,1184.06,40.17,1077.15,66.74,13.41,1.12,-0.05
5015,4626,Potato,Russet,"Knight, Mcconnell and Franklin",Wholesaler,Bavaria,Cooperative,2025-03-23,611.4,1.25,764.25,37.33,671.75,55.17,16.9,1.33,-0.08
5016,3564,Potato,Red,Bates and Sons,Wholesaler,Hesse,Online,2025-04-28,639.3,0.91,581.76,26.68,486.15,68.93,9.45,0.86,0.05
5017,5509,Wheat,Emmer,"Mcdaniel, Buchanan and Flores",Retailer,Lower Saxony,Direct,2024-10-20,1691.6,1.0,1691.6,20.16,1601.27,70.17,21.38,1.11,-0.11
5018,14882,Soybean,Black,Collins-Porter,Retailer,Hesse,Direct,2025-04-17,274.0,0.29,79.46,27.07,-23.28,75.67,6.68,0.31,-0.02
5019,9039,Corn,Sweet,"Bolton, Baker and Stevens",Wholesaler,Saxony,Online,2025-05-05,673.1,1.32,888.49,0.06,813.04,75.39,5.97,1.31,0.01
5020,962,Soybean,Yellow,Patterson Ltd,Wholesaler,Saxony,Online,2025-01-24,417.9,0.32,133.73,2.22,76.6,54.91,20.39,0.34,-0.02
5021,3601,Potato,Russet,Huff LLC,Exporter,Hesse,Cooperative,2024-10-23,431.8,1.37,591.57,7.69,570.6,13.28,23.04,1.46,-0.09
5022,260,Soybean,Black,Bennett Inc,Wholesaler,Lower Saxony,Online,2025-04-25,334.2,1.23,411.07,12.83,380.91,17.33,15.62,1.24,-0.01
5023,1336,Barley,Hulless,"Mcconnell, Monroe and Gutierrez",Wholesaler,Hesse,Online,2025-03-15,1713.9,0.73,1251.15,44.32,1177.54,29.29,7.59,0.77,-0.04
5024,7906,Wheat,Emmer,"Rodriguez, Hunter and Garcia",Wholesaler,Brandenburg,Cooperative,2025-04-12,210.1,0.73,153.37,42.46,44.66,66.25,20.75,0.69,0.04
5025,1769,Corn,Sweet,Wright and Sons,Exporter,Saxony,Cooperative,2025-03-06,470.5,0.76,357.58,39.12,306.43,12.03,23.55,0.84,-0.08
5026,2209,Corn,Dent,Robertson LLC,Retailer,Brandenburg,Cooperative,2024-08-14,591.5,0.63,372.64,22.59,317.44,32.61,7.99,0.7,-0.07
5027,7240,Barley,Hulless,Reed-Adkins,Wholesaler,Bavaria,Online,2025-04-24,752.2,1.36,1022.99,9.73,948.48,64.78,17.68,1.4,-0.04
5028,14117,Soybean,Black,Wilson-Stephens,Retailer,Hesse,Cooperative,2025-05-05,636.2,0.6,381.72,15.97,337.62,28.13,12.82,0.59,0.01
5029,891,Soybean,Black,"Jefferson, Parker and Mitchell",Wholesaler,Brandenburg,Direct,2024-05-03,631.5,0.95,599.92,17.44,556.37,26.11,13.36,0.88,0.07
5030,9318,Soybean,Black,Waller-Rodriguez,Retailer,Saxony,Direct,2024-08-21,1786.9,0.53,947.06,28.01,882.64,36.41,15.19,0.58,-0.05
5031,9611,Wheat,Emmer,"Nguyen, Reyes and Miller",Wholesaler,Hesse,Online,2025-05-05,1173.0,1.02,1196.46,8.73,1090.86,96.87,12.05,1.07,-0.05
5032,9071,Wheat,Durum,Ruiz-Heath,Retailer,Lower Saxony,Online,2025-05-05,1388.6,0.35,486.01,23.94,393.19,68.88,13.61,0.39,-0.04
5033,14693,Barley,Hulled,Tate Inc,Wholesaler,Lower Saxony,Direct,2025-05-05,1183.0,1.07,1265.81,29.72,1180.55,55.54,6.17,1.17,-0.1
5034,10505,Soybean,Yellow,Flowers-Kim,Exporter,Lower Saxony,Cooperative,2024-11-08,634.1,1.16,735.56,9.01,715.74,10.81,14.56,1.22,-0.06
5035,3497,Potato,Red,"Price, Turner and Maldonado",Exporter,Lower Saxony,Online,2025-01-30,1264.7,0.91,1150.88,24.14,1033.91,92.83,24.1,0.93,-0.02
5036,8769,Corn,Dent,"Nguyen, Phillips and Williams",Wholesaler,Lower Saxony,Cooperative,2024-11-24,1339.0,1.43,1914.77,26.01,1832.08,56.68,18.51,1.38,0.05
5037,12809,Barley,Hulless,Stevens-Donaldson,Exporter,Lower Saxony,Cooperative,2025-03-18,1753.7,0.94,1648.48,13.0,1620.21,15.27,10.18,0.98,-0.04
5038,9603,Wheat,Emmer,"Jensen, Flores and Mckee",Exporter,Brandenburg,Cooperative,2025-01-20,492.2,1.28,630.02,10.81,589.2,30.01,21.92,1.37,-0.09
5039,7842,Corn,Sweet,"Clark, Mora and Bell",Retailer,Brandenburg,Cooperative,2024-06-23,490.3,1.29,632.49,6.9,594.86,30.73,20.37,1.28,0.01
5040,4057,Potato,Red,Bell and Sons,Exporter,Lower Saxony,Online,2025-05-05,875.9,1.17,1024.8,14.36,987.41,23.03,21.79,1.2,-0.03
5041,11336,Barley,Hulless,Chang Group,Retailer,Bavaria,Online,2025-04-17,1267.7,0.83,1052.19,28.72,983.37,40.1,21.03,0.78,0.05
5042,1104,Soybean,Black,Perez and Sons,Wholesaler,Hesse,Online,2025-04-23,1162.2,0.97,1127.33,16.39,1071.99,38.95,13.59,1.0,-0.03
5043,8733,Soybean,Black,"Davis, Miller and Dean",Retailer,Saxony,Cooperative,2025-01-15,989.8,0.7,692.86,34.21,638.74,19.91,17.26,0.75,-0.05
5044,6663,Corn,Sweet,"Cooper, Ryan and Chavez",Wholesaler,Bavaria,Cooperative,2024-07-23,529.6,0.76,402.5,29.21,361.92,11.37,18.92,0.7,0.06
5045,1268,Potato,Russet,Watson-Smith,Wholesaler,Bavaria,Cooperative,2025-05-05,1690.5,0.67,1132.64,35.82,1086.01,10.81,21.65,0.66,0.01
5046,9182,Wheat,Durum,"Briggs, Anderson and Jones",Wholesaler,Hesse,Cooperative,2024-09-26,1132.5,1.11,1257.08,1.84,1170.46,84.78,14.4,1.02,0.09
5047,48,Soybean,Black,Burns-Clark,Retailer,Lower Saxony,Direct,2024-10-28,1998.8,0.44,879.47,19.86,816.65,42.96,24.85,0.47,-0.03
5048,10928,Wheat,Emmer,Baker-Peterson,Wholesaler,Saxony,Cooperative,2025-01-13,528.9,0.7,370.23,25.38,295.21,49.64,21.15,0.7,0.0
5049,653,Barley,Hulless,Rivera-Barnes,Wholesaler,Saxony,Cooperative,2024-06-10,1238.5,0.95,1176.58,45.95,1042.68,87.95,20.0,0.96,-0.01
5050,574,Corn,Dent,Baldwin-Ford,Retailer,Hesse,Direct,2024-06-13,1713.0,0.91,1558.83,43.03,1491.66,24.14,5.48,0.92,-0.01
5051,3163,Soybean,Yellow,Simmons Inc,Exporter,Brandenburg,Cooperative,2024-03-21,679.0,0.7,475.3,17.87,400.47,56.96,20.47,0.66,0.04
5052,7745,Corn,Sweet,Young-May,Exporter,Saxony,Direct,2024-05-05,1691.5,0.61,1031.82,21.01,976.44,34.37,17.09,0.62,-0.01
5053,13084,Barley,Hulless,"Ramos, Steele and Wallace",Exporter,Hesse,Direct,2024-07-11,1939.9,0.67,1299.73,23.01,1242.97,33.75,6.85,0.73,-0.06
5054,12259,Corn,Dent,Santos-Miller,Retailer,Bavaria,Direct,2024-09-10,850.4,0.45,382.68,10.97,356.64,15.07,22.75,0.41,0.04
5055,6300,Soybean,Black,Moore-Williams,Exporter,Bavaria,Direct,2024-08-13,620.6,1.37,850.22,15.55,774.69,59.98,7.6,1.49,-0.12
5056,6945,Barley,Hulled,"Lowe, Harrington and Melendez",Wholesaler,Brandenburg,Online,2024-09-17,992.5,0.49,486.32,15.52,455.34,15.46,6.67,0.45,0.04
5057,12972,Barley,Hulled,Murray-Hardin,Exporter,Hesse,Direct,2025-02-06,606.6,1.27,770.38,14.53,694.92,60.93,16.41,1.35,-0.08
5058,5287,Wheat,Emmer,Dalton-Carson,Wholesaler,Saxony,Cooperative,2024-03-04,364.3,1.09,397.09,49.28,251.64,96.17,8.67,1.15,-0.06
5059,2010,Barley,Hulled,"Turner, Lee and Campos",Retailer,Brandenburg,Direct,2025-02-23,1075.5,0.52,559.26,27.64,488.96,42.66,20.18,0.57,-0.05
5060,2005,Wheat,Durum,Carpenter-Graham,Retailer,Hesse,Online,2024-06-16,945.3,0.47,444.29,1.68,428.79,13.82,9.51,0.48,-0.01
5061,11657,Wheat,Durum,Kirk-Murphy,Retailer,Lower Saxony,Direct,2024-08-02,1437.2,0.76,1092.27,4.22,1046.71,41.34,15.83,0.81,-0.05
5062,7232,Soybean,Yellow,Harris LLC,Retailer,Hesse,Direct,2024-06-18,1894.4,0.52,985.09,4.59,931.41,49.09,12.99,0.54,-0.02
5063,1589,Barley,Hulless,Torres Inc,Wholesaler,Bavaria,Online,2025-02-04,970.2,1.2,1164.24,21.84,1130.26,12.14,9.48,1.17,0.03
5064,1042,Corn,Sweet,"Flores, Coleman and Hodges",Wholesaler,Brandenburg,Online,2025-03-04,752.1,0.94,706.97,36.67,638.11,32.19,7.31,1.04,-0.1
5065,2332,Barley,Hulless,Mcdowell-Beard,Retailer,Hesse,Direct,2025-05-05,1091.1,0.41,447.35,9.01,425.99,12.35,10.64,0.37,0.04
5066,4870,Soybean,Yellow,"Beasley, Davenport and Cruz",Retailer,Bavaria,Direct,2025-01-25,743.8,1.59,1182.64,3.29,1082.05,97.3,9.06,1.48,0.11
5067,1365,Wheat,Emmer,Thompson-Taylor,Exporter,Brandenburg,Cooperative,2025-05-05,1722.9,0.59,1016.51,44.87,949.44,22.2,24.1,0.62,-0.03
5068,5888,Soybean,Yellow,"James, Williams and Murphy",Wholesaler,Saxony,Online,2025-01-17,548.8,0.44,241.47,46.8,172.83,21.84,6.0,0.46,-0.02
5069,3199,Barley,Hulled,"Briggs, Hernandez and Yu",Retailer,Lower Saxony,Cooperative,2025-05-05,790.4,0.68,537.47,9.92,430.3,97.25,22.13,0.64,0.04
5070,10337,Barley,Hulled,"Ellis, Miller and Russell",Exporter,Lower Saxony,Cooperative,2024-07-18,1579.6,0.6,947.76,5.38,918.56,23.82,18.8,0.62,-0.02
5071,7657,Wheat,Durum,Simmons Ltd,Wholesaler,Hesse,Online,2024-04-10,1292.3,0.37,478.15,15.47,379.82,82.86,16.01,0.39,-0.02
5072,7224,Wheat,Durum,Edwards LLC,Retailer,Hesse,Direct,2025-01-21,1780.2,0.49,872.3,47.77,766.95,57.58,13.99,0.52,-0.03
5073,4969,Corn,Sweet,Baker-Greene,Exporter,Hesse,Online,2025-01-29,1034.8,1.42,1469.42,38.01,1392.64,38.77,11.32,1.49,-0.07
5074,12127,Wheat,Durum,Cox LLC,Retailer,Saxony,Online,2024-12-16,965.0,0.38,366.7,27.92,285.56,53.22,22.08,0.38,0.0
5075,9889,Soybean,Yellow,Collins-Mckee,Wholesaler,Brandenburg,Cooperative,2025-02-14,548.0,1.1,602.8,39.88,510.64,52.28,11.45,1.0,0.1
5076,2642,Potato,Red,Johnson-Dominguez,Retailer,Brandenburg,Cooperative,2025-04-20,417.9,0.64,267.46,41.06,172.88,53.52,10.05,0.59,0.05
5077,10880,Barley,Hulled,Cox-Hernandez,Exporter,Hesse,Online,2024-04-14,1450.5,1.41,2045.2,8.12,2006.38,30.7,22.4,1.4,0.01
5078,10035,Wheat,Durum,"Sherman, Farmer and Gonzalez",Exporter,Saxony,Direct,2024-06-22,1230.8,0.96,1181.57,37.72,1126.18,17.67,8.31,0.9,0.06
5079,9871,Barley,Hulled,"Buck, Moon and Lynch",Wholesaler,Brandenburg,Direct,2024-12-29,1195.3,0.85,1016.0,12.67,921.44,81.89,16.72,0.87,-0.02
5080,610,Barley,Hulless,Davis-Scott,Exporter,Brandenburg,Cooperative,2024-12-04,1010.7,0.89,899.52,45.33,773.73,80.46,20.81,0.89,0.0
5081,13457,Barley,Hulless,Edwards-Wheeler,Exporter,Brandenburg,Direct,2025-04-24,404.2,0.75,303.15,40.58,216.28,46.29,17.52,0.78,-0.03
5082,7325,Potato,Russet,"Green, Kane and Gallagher",Retailer,Saxony,Online,2025-02-23,252.4,1.08,272.59,6.99,203.66,61.94,20.08,1.09,-0.01
5083,11543,Barley,Hulled,"Rodriguez, Smith and Perry",Retailer,Hesse,Direct,2025-04-04,443.7,0.93,412.64,23.44,298.61,90.59,9.86,0.87,0.06
5084,12740,Wheat,Emmer,"Mckee, Gallagher and Parker",Retailer,Bavaria,Direct,2025-02-09,1833.1,0.73,1338.16,33.98,1271.78,32.4,11.8,0.67,0.06
5085,13779,Corn,Dent,Reese Ltd,Wholesaler,Lower Saxony,Cooperative,2025-02-08,1625.6,0.46,747.78,12.8,653.49,81.49,22.01,0.44,0.02
5086,14197,Soybean,Black,"Allen, Jackson and Newton",Exporter,Saxony,Direct,2025-05-05,938.9,0.75,704.18,39.74,633.94,30.5,7.76,0.72,0.03
5087,14576,Corn,Dent,Shields-Gutierrez,Wholesaler,Lower Saxony,Cooperative,2023-12-09,291.8,0.95,277.21,35.9,203.38,37.93,20.87,0.92,0.03
5088,7795,Soybean,Yellow,Davis Inc,Wholesaler,Lower Saxony,Cooperative,2025-03-18,801.0,1.57,1257.57,30.08,1172.34,55.15,16.98,1.44,0.13
5089,1937,Barley,Hulled,Williamson Group,Wholesaler,Saxony,Online,2025-04-15,1847.0,0.82,1514.54,1.71,1468.69,44.14,6.05,0.87,-0.05
5090,7890,Barley,Hulless,Ray-Bridges,Wholesaler,Bavaria,Direct,2025-04-26,1549.0,0.58,898.42,15.71,823.15,59.56,21.69,0.56,0.02
5091,14904,Potato,Red,Miller Ltd,Exporter,Bavaria,Direct,2025-04-26,1634.5,1.2,1961.4,4.68,1857.65,99.07,15.11,1.3,-0.1
5092,72,Soybean,Black,Freeman-Mendez,Wholesaler,Saxony,Direct,2025-05-05,599.2,1.28,766.98,2.67,665.13,99.18,13.22,1.23,0.05
5093,13415,Wheat,Emmer,"Guerrero, Romero and Carter",Wholesaler,Saxony,Cooperative,2025-04-09,1883.5,0.6,1130.1,44.79,1026.67,58.64,17.36,0.55,0.05
5094,550,Potato,Russet,"Gibson, Klein and Johnson",Wholesaler,Bavaria,Direct,2025-03-22,1862.8,1.13,2104.96,12.51,2068.17,24.28,7.03,1.05,0.08
5095,10008,Barley,Hulled,Riley-Rodriguez,Wholesaler,Lower Saxony,Direct,2025-05-05,1410.9,1.21,1707.19,41.02,1643.02,23.15,21.26,1.28,-0.07
5096,3980,Potato,Red,"Mcdaniel, Mclaughlin and Hall",Wholesaler,Saxony,Direct,2024-10-06,1081.9,1.37,1482.2,37.09,1413.07,32.04,8.23,1.4,-0.03
5097,7472,Potato,Red,"Fleming, Todd and Blake",Retailer,Hesse,Direct,2025-01-09,1117.6,0.6,670.56,12.5,610.04,48.02,8.48,0.64,-0.04
5098,4207,Barley,Hulless,"Gonzales, Shaw and Calderon",Wholesaler,Hesse,Online,2025-04-11,584.3,1.46,853.08,36.73,719.73,96.62,18.38,1.46,0.0
5099,7240,Barley,Hulless,Washington Group,Wholesaler,Bavaria,Direct,2024-08-30,1480.6,1.46,2161.68,1.32,2076.62,83.74,23.51,1.4,0.06
5100,8599,Wheat,Emmer,Carter Ltd,Exporter,Hesse,Online,2025-02-19,1331.1,1.31,1743.74,14.3,1689.83,39.61,14.25,1.37,-0.06
5101,5095,Wheat,Durum,Lambert Ltd,Retailer,Bavaria,Online,2024-06-02,1856.3,1.32,2450.32,9.63,2400.0,40.69,24.61,1.35,-0.03
5102,5064,Soybean,Black,"Porter, Zavala and Rodriguez",Retailer,Brandenburg,Direct,2024-09-11,620.7,1.32,819.32,36.95,693.98,88.39,8.32,1.28,0.04
5103,3179,Wheat,Emmer,West Inc,Exporter,Brandenburg,Online,2025-05-05,680.5,0.39,265.4,3.21,179.09,83.1,15.15,0.43,-0.04
5104,7034,Wheat,Durum,"Phillips, Gomez and Clay",Retailer,Saxony,Cooperative,2025-01-21,1707.2,0.33,563.38,35.75,510.15,17.48,22.44,0.35,-0.02
5105,13073,Soybean,Black,"Perkins, Dougherty and Chambers",Retailer,Lower Saxony,Online,2024-09-13,1233.0,1.42,1750.86,8.62,1656.84,85.4,18.78,1.46,-0.04
5106,8461,Soybean,Black,"Clarke, Carlson and Brown",Wholesaler,Saxony,Direct,2025-03-17,1873.6,1.36,2548.1,44.82,2465.33,37.95,5.17,1.38,-0.02
5107,7508,Wheat,Durum,Carter-Fernandez,Wholesaler,Bavaria,Cooperative,2025-04-06,1848.7,0.77,1423.5,29.72,1297.55,96.23,14.5,0.71,0.06
5108,9010,Barley,Hulless,Johnson Inc,Wholesaler,Saxony,Direct,2025-04-21,724.1,1.19,861.68,20.03,807.51,34.14,22.82,1.14,0.05
5109,1940,Wheat,Emmer,Hopkins Ltd,Exporter,Bavaria,Cooperative,2025-01-24,896.0,1.23,1102.08,11.86,1077.83,12.39,14.36,1.33,-0.1
5110,8130,Wheat,Emmer,"Stewart, Duncan and Baird",Exporter,Lower Saxony,Direct,2025-04-21,1532.9,1.35,2069.42,28.06,1991.2,50.16,7.26,1.45,-0.1
5111,1697,Soybean,Yellow,"Hunt, Mitchell and Fitzpatrick",Wholesaler,Brandenburg,Online,2025-03-09,1220.3,0.49,597.95,40.12,514.97,42.86,13.51,0.53,-0.04
5112,12296,Barley,Hulless,Lane-Watts,Wholesaler,Brandenburg,Cooperative,2024-08-28,1501.9,0.92,1381.75,41.22,1303.01,37.52,23.76,0.99,-0.07
5113,496,Soybean,Yellow,Lloyd-Hernandez,Exporter,Brandenburg,Direct,2025-03-11,1653.5,0.54,892.89,2.71,811.26,78.92,21.19,0.59,-0.05
5114,7610,Wheat,Durum,"Beltran, Taylor and Thomas",Exporter,Bavaria,Cooperative,2025-03-10,886.7,0.34,301.48,3.1,248.8,49.58,13.98,0.35,-0.01
5115,6700,Wheat,Emmer,"Martinez, Banks and Andrews",Wholesaler,Saxony,Online,2025-04-16,352.7,1.12,395.02,36.24,277.36,81.42,24.58,1.05,0.07
5116,9782,Corn,Sweet,"Riddle, Sandoval and Burke",Wholesaler,Bavaria,Cooperative,2025-02-02,1186.1,0.55,652.36,19.88,567.22,65.26,6.69,0.51,0.04
5117,5453,Corn,Dent,"Bryan, Long and Jacobs",Exporter,Hesse,Direct,2025-05-05,281.3,0.62,174.41,7.94,147.68,18.79,19.31,0.59,0.03
5118,8468,Wheat,Emmer,Brown Inc,Retailer,Hesse,Online,2024-11-23,465.3,1.52,707.26,18.52,650.68,38.06,12.06,1.41,0.11
5119,8418,Wheat,Durum,Cook Inc,Exporter,Brandenburg,Cooperative,2025-04-16,218.9,0.47,102.88,13.23,40.55,49.1,10.64,0.49,-0.02
5120,1075,Potato,Red,"Stewart, Nguyen and Ryan",Retailer,Brandenburg,Online,2024-09-17,1459.1,0.92,1342.37,3.29,1278.22,60.86,18.47,0.97,-0.05
5121,10351,Barley,Hulless,Cuevas-Cooper,Retailer,Brandenburg,Direct,2024-05-06,1834.1,1.46,2677.79,34.07,2551.7,92.02,5.75,1.45,0.01
5122,10236,Corn,Sweet,Bailey-Rocha,Wholesaler,Lower Saxony,Online,2024-10-22,1156.8,1.17,1353.46,34.12,1304.67,14.67,6.17,1.15,0.02
5123,14933,Soybean,Yellow,Lane-Martinez,Wholesaler,Saxony,Direct,2025-05-05,796.3,1.38,1098.89,37.07,1028.31,33.51,17.43,1.4,-0.02
5124,3275,Corn,Sweet,"Carter, Compton and Crane",Wholesaler,Saxony,Cooperative,2024-09-25,1385.7,1.33,1842.98,44.35,1740.64,57.99,13.29,1.4,-0.07
5125,1265,Wheat,Emmer,"Mays, Hamilton and Kent",Exporter,Brandenburg,Direct,2025-04-09,1444.9,0.55,794.7,39.46,689.43,65.81,17.77,0.52,0.03
5126,14825,Barley,Hulled,Peterson Inc,Wholesaler,Bavaria,Online,2025-02-22,200.0,1.05,210.0,29.32,101.78,78.9,8.12,1.11,-0.06
5127,4556,Corn,Dent,Nguyen Group,Retailer,Lower Saxony,Cooperative,2025-05-05,1080.8,0.43,464.74,13.6,391.01,60.13,18.99,0.46,-0.03
5128,12801,Potato,Russet,Smith LLC,Exporter,Hesse,Cooperative,2025-05-05,1453.8,1.11,1613.72,42.14,1532.33,39.25,18.58,1.06,0.05
5129,6035,Potato,Russet,Bowen-Martin,Wholesaler,Lower Saxony,Direct,2025-02-07,1846.3,0.98,1809.37,23.21,1730.05,56.11,12.35,0.95,0.03
5130,13944,Potato,Russet,Chavez-Knight,Exporter,Hesse,Direct,2025-02-04,447.1,0.76,339.8,0.64,239.88,99.28,13.67,0.78,-0.02
5131,8035,Soybean,Yellow,Williams Group,Wholesaler,Brandenburg,Online,2025-05-05,1084.0,1.25,1355.0,21.26,1285.03,48.71,15.29,1.14,0.11
5132,8560,Potato,Red,Lynch Ltd,Exporter,Hesse,Direct,2024-12-30,1461.9,1.25,1827.38,36.87,1711.2,79.31,6.05,1.33,-0.08
5133,8418,Wheat,Durum,Harrington PLC,Retailer,Lower Saxony,Direct,2025-02-14,1784.1,0.52,927.73,13.85,862.84,51.04,8.58,0.49,0.03
5134,3071,Barley,Hulled,Smith-Smith,Wholesaler,Brandenburg,Cooperative,2024-10-18,230.9,0.77,177.79,47.88,92.38,37.53,18.66,0.85,-0.08
5135,6182,Potato,Russet,Davis Group,Exporter,Bavaria,Direct,2024-12-18,1196.4,0.68,813.55,20.4,698.22,94.93,5.82,0.75,-0.07
5136,4884,Potato,Red,"Burton, Leonard and Patton",Exporter,Bavaria,Cooperative,2025-03-22,1174.7,0.93,1092.47,0.12,1040.75,51.6,18.47,0.97,-0.04
5137,11117,Barley,Hulled,"Smith, Morse and Flores",Exporter,Hesse,Online,2024-04-07,341.8,0.55,187.99,27.02,65.93,95.04,5.14,0.51,0.04
5138,7883,Barley,Hulless,Pugh PLC,Exporter,Brandenburg,Online,2025-05-05,1508.7,0.32,482.78,16.84,419.93,46.01,15.39,0.34,-0.02
5139,12514,Potato,Russet,Santos and Sons,Wholesaler,Saxony,Direct,2024-08-19,1735.1,0.49,850.2,18.3,773.4,58.5,23.85,0.5,-0.01
5140,10597,Soybean,Yellow,Valdez Group,Wholesaler,Brandenburg,Direct,2025-04-23,341.2,1.37,467.44,47.07,373.31,47.06,24.23,1.34,0.03
5141,14608,Soybean,Black,"Grant, Carson and Kirby",Retailer,Lower Saxony,Online,2025-04-09,1689.8,1.14,1926.37,33.87,1852.25,40.25,15.71,1.25,-0.11
5142,14581,Soybean,Yellow,"Watson, Roach and Howard",Exporter,Brandenburg,Online,2025-05-05,755.8,0.87,657.55,38.76,555.18,63.61,17.16,0.86,0.01
5143,10384,Soybean,Black,Russell-Stevenson,Exporter,Saxony,Online,2025-02-14,1860.9,0.95,1767.86,9.81,1665.63,92.42,8.37,1.02,-0.07
5144,9028,Corn,Dent,Johnson Group,Wholesaler,Brandenburg,Direct,2024-09-29,339.9,0.99,336.5,40.22,278.19,18.09,21.98,1.02,-0.03
5145,11542,Wheat,Emmer,Fields-Scott,Retailer,Bavaria,Cooperative,2025-01-27,224.2,0.93,208.51,34.41,119.99,54.11,9.8,1.03,-0.1
5146,5106,Wheat,Durum,"Scott, Mcbride and Adams",Exporter,Hesse,Cooperative,2024-11-01,472.3,0.43,203.09,24.28,85.62,93.19,19.89,0.4,0.03
5147,12955,Corn,Sweet,Davis-Werner,Retailer,Brandenburg,Cooperative,2025-05-05,532.9,1.24,660.8,41.25,582.89,36.66,22.74,1.35,-0.11
5148,10468,Wheat,Emmer,Higgins-Bradford,Retailer,Bavaria,Cooperative,2024-10-24,871.8,1.33,1159.49,31.61,1040.13,87.75,6.92,1.4,-0.07
5149,1138,Barley,Hulled,Fitzpatrick Group,Retailer,Hesse,Cooperative,2025-05-05,633.4,1.13,715.74,31.37,601.34,83.03,13.93,1.13,0.0
5150,8145,Soybean,Yellow,Garcia-Rivers,Wholesaler,Saxony,Online,2025-04-02,982.2,1.06,1041.13,46.81,908.35,85.97,24.71,1.0,0.06
5151,2779,Barley,Hulled,Marquez and Sons,Retailer,Lower Saxony,Online,2025-05-05,1960.4,0.88,1725.15,26.77,1653.81,44.57,14.01,0.96,-0.08
5152,13801,Wheat,Emmer,Peterson Inc,Wholesaler,Lower Saxony,Cooperative,2024-10-15,527.2,1.03,543.02,22.27,477.06,43.69,19.6,1.06,-0.03
5153,664,Potato,Russet,Schneider-Price,Retailer,Saxony,Cooperative,2024-11-27,1353.1,0.58,784.8,49.82,709.31,25.67,21.55,0.55,0.03
5154,334,Wheat,Durum,Holt Group,Exporter,Saxony,Cooperative,2025-05-05,414.4,0.88,364.67,40.02,292.27,32.38,13.33,0.87,0.01
5155,10646,Potato,Russet,"Owens, Mcmillan and Blackburn",Wholesaler,Hesse,Online,2024-12-08,1461.1,0.66,964.33,42.26,903.53,18.54,12.99,0.65,0.01
5156,1916,Barley,Hulless,Jones-Beck,Wholesaler,Lower Saxony,Direct,2024-11-24,1181.8,0.89,1051.8,9.36,1031.7,10.74,20.38,0.91,-0.02
5157,13325,Barley,Hulled,Rhodes Ltd,Wholesaler,Saxony,Online,2025-04-10,1743.6,0.51,889.24,29.25,796.59,63.4,14.31,0.55,-0.04
5158,6193,Potato,Red,"Everett, Carlson and Smith",Exporter,Bavaria,Direct,2025-05-03,260.2,0.44,114.49,19.98,51.47,43.04,23.47,0.42,0.02
5159,5707,Wheat,Emmer,Wright-Brown,Retailer,Hesse,Online,2025-05-05,921.7,0.49,451.63,21.54,403.56,26.53,24.6,0.53,-0.04
5160,2940,Barley,Hulless,Hoffman Group,Exporter,Saxony,Online,2025-05-05,215.7,1.01,217.86,10.88,190.57,16.41,12.96,1.06,-0.05
5161,9534,Potato,Russet,Mayo-Harrison,Exporter,Lower Saxony,Cooperative,2024-08-09,1048.1,0.38,398.28,12.34,316.52,69.42,14.65,0.42,-0.04
5162,11916,Soybean,Black,"Mccarthy, Hamilton and Becker",Wholesaler,Lower Saxony,Online,2025-03-15,1046.5,1.07,1119.76,45.69,1048.95,25.12,5.99,1.1,-0.03
5163,3033,Wheat,Durum,Holmes Inc,Wholesaler,Saxony,Cooperative,2025-03-23,1120.5,1.3,1456.65,34.25,1338.47,83.93,10.18,1.4,-0.1
5164,8572,Potato,Russet,"Garcia, Andersen and Hughes",Exporter,Bavaria,Online,2025-02-06,1474.6,1.04,1533.58,4.91,1486.77,41.9,23.64,1.07,-0.03
5165,6891,Soybean,Yellow,"Lynch, Miller and Carter",Retailer,Lower Saxony,Online,2024-02-22,605.6,0.65,393.64,7.17,321.94,64.53,19.23,0.64,0.01
5166,37,Soybean,Black,Gordon Ltd,Retailer,Lower Saxony,Cooperative,2025-05-05,1131.3,0.89,1006.86,38.77,922.69,45.4,17.58,0.82,0.07
5167,6942,Barley,Hulled,"Higgins, Montoya and Blanchard",Exporter,Bavaria,Cooperative,2025-02-03,239.8,1.1,263.78,3.33,213.11,47.34,5.09,1.03,0.07
5168,11338,Soybean,Yellow,"Moore, Lopez and Jordan",Retailer,Brandenburg,Cooperative,2025-05-05,1461.4,1.33,1943.66,43.0,1882.07,18.59,17.03,1.3,0.03
5169,8981,Soybean,Yellow,Kane Group,Exporter,Saxony,Cooperative,2025-05-01,1147.9,0.34,390.29,22.81,334.56,32.92,16.69,0.35,-0.01
5170,826,Potato,Red,Taylor-Smith,Wholesaler,Brandenburg,Online,2024-04-22,528.1,0.63,332.7,36.48,279.57,16.65,17.87,0.6,0.03
5171,7500,Barley,Hulled,"Smith, Howell and Martinez",Retailer,Lower Saxony,Direct,2025-02-08,1048.0,1.06,1110.88,21.07,1045.09,44.72,15.67,1.18,-0.12
5172,14313,Corn,Dent,"Love, Pollard and Holland",Retailer,Saxony,Online,2025-02-01,435.5,1.02,444.21,30.75,331.2,82.26,22.5,1.01,0.01
5173,11105,Barley,Hulless,"Lee, Rojas and Thompson",Wholesaler,Bavaria,Online,2025-04-17,1425.4,0.84,1197.34,36.06,1144.7,16.58,13.13,0.81,0.03
5174,11721,Soybean,Yellow,Ellison-Gamble,Exporter,Saxony,Online,2025-05-05,1416.7,1.22,1728.37,44.49,1672.69,11.19,22.87,1.29,-0.07
5175,5468,Soybean,Black,Sosa-Stevenson,Retailer,Brandenburg,Direct,2024-02-12,1027.5,1.54,1582.35,0.81,1509.71,71.83,9.04,1.41,0.13
5176,331,Barley,Hulless,Gray-Zimmerman,Retailer,Hesse,Online,2025-03-14,566.4,1.29,730.66,30.62,637.34,62.7,24.69,1.2,0.09
5177,11619,Corn,Dent,Kelly-Jimenez,Exporter,Brandenburg,Cooperative,2025-02-03,1294.9,0.43,556.81,2.15,510.68,43.98,9.86,0.47,-0.04
5178,9753,Soybean,Black,"Lopez, Taylor and Velez",Wholesaler,Lower Saxony,Cooperative,2025-01-28,1430.3,1.13,1616.24,28.36,1514.86,73.02,7.6,1.11,0.02
5179,6274,Wheat,Emmer,"Carter, Neal and Welch",Retailer,Brandenburg,Online,2025-05-05,1563.5,1.27,1985.64,11.01,1948.51,26.12,9.86,1.18,0.09
5180,3351,Wheat,Durum,Stevens-Ruiz,Exporter,Bavaria,Direct,2024-06-30,1832.2,0.88,1612.34,44.17,1542.2,25.97,9.34,0.87,0.01
5181,9685,Barley,Hulless,"Fleming, Barnes and Garcia",Wholesaler,Lower Saxony,Cooperative,2025-03-14,1450.6,1.31,1900.29,26.19,1788.61,85.49,18.3,1.41,-0.1
5182,12189,Corn,Dent,Daniels PLC,Retailer,Lower Saxony,Direct,2025-04-02,1869.7,0.52,972.24,3.93,956.25,12.06,21.86,0.57,-0.05
5183,11744,Corn,Dent,"Williams, Rivera and Campbell",Exporter,Lower Saxony,Direct,2024-09-18,706.9,1.44,1017.94,10.61,960.29,47.04,5.32,1.32,0.12
5184,9711,Corn,Dent,"Perry, Moreno and Olsen",Exporter,Lower Saxony,Direct,2025-03-04,815.0,1.25,1018.75,11.87,969.69,37.19,5.39,1.15,0.1
5185,2827,Wheat,Durum,Smith-Carey,Wholesaler,Lower Saxony,Direct,2025-02-23,1557.1,1.17,1821.81,43.88,1723.83,54.1,6.91,1.2,-0.03
5186,14029,Potato,Red,Scott Inc,Wholesaler,Bavaria,Direct,2025-04-20,1255.4,1.43,1795.22,38.56,1666.68,89.98,5.73,1.31,0.12
5187,620,Barley,Hulled,Barnes-Novak,Wholesaler,Saxony,Cooperative,2024-09-16,1642.5,1.02,1675.35,1.27,1629.79,44.29,18.67,1.06,-0.04
5188,3749,Corn,Sweet,"Kane, Hull and Rivera",Exporter,Lower Saxony,Direct,2025-05-05,1664.5,0.76,1265.02,44.34,1176.17,44.51,5.58,0.71,0.05
5189,13404,Barley,Hulled,"Fox, Nixon and Lawson",Retailer,Bavaria,Direct,2025-04-18,1728.4,0.52,898.77,21.05,824.49,53.23,7.69,0.51,0.01
5190,5751,Soybean,Black,Weber-Giles,Wholesaler,Saxony,Cooperative,2025-01-27,729.9,0.93,678.81,32.61,578.59,67.61,9.83,0.95,-0.02
5191,6119,Wheat,Emmer,"Hood, Bender and Anderson",Exporter,Saxony,Cooperative,2025-01-02,1785.4,1.2,2142.48,3.87,2044.44,94.17,20.2,1.29,-0.09
5192,2999,Corn,Dent,Orr-Bush,Retailer,Saxony,Online,2025-01-29,1176.4,0.55,647.02,39.19,570.34,37.49,9.9,0.57,-0.02
5193,14912,Potato,Russet,Huff Ltd,Retailer,Bavaria,Online,2024-11-05,1282.6,0.55,705.43,37.9,611.88,55.65,5.53,0.56,-0.01
5194,10328,Corn,Dent,Smith-Pitts,Wholesaler,Saxony,Direct,2025-04-14,1705.8,1.41,2405.18,17.76,2288.39,99.03,24.52,1.44,-0.03
5195,589,Potato,Red,Meyers and Sons,Exporter,Bavaria,Online,2024-09-14,1868.9,0.58,1083.96,28.81,964.13,91.02,19.21,0.58,0.0
5196,8369,Corn,Sweet,White PLC,Retailer,Lower Saxony,Cooperative,2025-04-13,1539.9,0.9,1385.91,15.86,1297.56,72.49,17.13,0.83,0.07
5197,12277,Barley,Hulless,Campbell Inc,Wholesaler,Hesse,Cooperative,2024-03-23,958.7,0.98,939.53,20.7,843.75,75.08,18.86,1.01,-0.03
5198,3712,Soybean,Yellow,"Barry, Berg and Rodriguez",Exporter,Saxony,Online,2025-01-05,1696.7,1.21,2053.01,32.85,1924.09,96.07,18.15,1.12,0.09
5199,7922,Barley,Hulless,"Williams, Fisher and Huynh",Retailer,Saxony,Direct,2024-05-04,1003.5,1.35,1354.72,27.39,1251.3,76.03,24.86,1.33,0.02
5200,7244,Wheat,Durum,"Miller, Campbell and Wood",Retailer,Bavaria,Direct,2025-01-02,1886.9,0.52,981.19,25.09,865.2,90.9,20.34,0.54,-0.02
5201,8810,Barley,Hulled,"Sanchez, Rodriguez and White",Exporter,Hesse,Direct,2024-09-11,951.4,1.1,1046.54,10.13,942.54,93.87,19.16,1.21,-0.11
5202,14214,Potato,Russet,"Singh, Robinson and Simpson",Retailer,Brandenburg,Cooperative,2025-05-05,1170.1,0.9,1053.09,42.28,1000.6,10.21,15.07,0.98,-0.08
5203,14610,Wheat,Durum,Chen-Turner,Exporter,Brandenburg,Cooperative,2024-08-08,1087.3,1.0,1087.3,34.47,964.76,88.07,10.64,1.0,0.0
5204,2140,Wheat,Emmer,Becker Ltd,Retailer,Bavaria,Cooperative,2025-04-02,1182.9,1.3,1537.77,34.08,1428.37,75.32,10.54,1.36,-0.06
5205,5280,Corn,Sweet,"Booker, Shannon and Reed",Retailer,Hesse,Direct,2025-04-03,1516.8,1.14,1729.15,25.51,1681.49,22.15,8.31,1.14,0.0
5206,9340,Wheat,Emmer,Hill Ltd,Wholesaler,Brandenburg,Cooperative,2024-06-24,463.6,1.35,625.86,18.99,513.66,93.21,14.61,1.32,0.03
5207,11637,Corn,Sweet,Bishop-Burton,Retailer,Bavaria,Cooperative,2024-11-30,1658.0,0.71,1177.18,16.3,1142.28,18.6,22.73,0.75,-0.04
5208,1685,Corn,Dent,"Berger, Barry and Scott",Retailer,Saxony,Online,2025-03-11,1014.1,1.21,1227.06,29.9,1133.07,64.09,8.02,1.16,0.05
5209,1478,Wheat,Durum,Frederick Inc,Exporter,Lower Saxony,Cooperative,2025-04-15,1733.9,1.15,1993.98,36.5,1868.46,89.02,7.3,1.14,0.01
5210,13159,Corn,Dent,"Neal, Young and Lee",Wholesaler,Brandenburg,Online,2025-05-05,447.8,1.56,698.57,26.04,655.82,16.71,9.59,1.48,0.08
5211,10761,Corn,Dent,Jenkins-Williams,Exporter,Saxony,Direct,2025-04-03,1649.6,0.45,742.32,9.38,684.94,48.0,13.86,0.42,0.03
5212,6598,Soybean,Black,Montgomery-Houston,Exporter,Bavaria,Direct,2025-03-21,838.7,0.37,310.32,12.18,248.65,49.49,6.77,0.34,0.03
5213,6252,Barley,Hulless,Hansen-Anderson,Wholesaler,Bavaria,Online,2024-09-05,1266.3,1.52,1924.78,9.9,1873.84,41.04,23.31,1.4,0.12
5214,10903,Barley,Hulled,"Norris, Sharp and Curtis",Exporter,Hesse,Direct,2025-03-04,1773.1,1.52,2695.11,10.36,2624.88,59.87,10.35,1.5,0.02
5215,5790,Wheat,Emmer,Joseph PLC,Exporter,Bavaria,Cooperative,2024-10-06,359.9,0.53,190.75,13.95,80.14,96.66,15.16,0.49,0.04
5216,3582,Potato,Red,"Wong, Long and Scott",Wholesaler,Saxony,Cooperative,2025-02-06,1136.0,0.44,499.84,25.01,408.19,66.64,8.12,0.45,-0.01
5217,3089,Wheat,Durum,Caldwell-Mcguire,Retailer,Hesse,Online,2024-11-22,616.2,1.31,807.22,37.4,673.75,96.07,20.32,1.26,0.05
5218,1269,Potato,Red,Sweeney-Jones,Retailer,Hesse,Cooperative,2025-05-05,506.9,0.54,273.73,19.27,241.59,12.87,21.94,0.54,0.0
5219,13351,Wheat,Durum,Alvarez-Yoder,Exporter,Bavaria,Direct,2024-03-20,1759.6,0.7,1231.72,5.59,1146.52,79.61,21.54,0.66,0.04
5220,393,Wheat,Durum,Odom-Green,Exporter,Saxony,Online,2025-05-05,1751.3,0.52,910.68,21.76,823.84,65.08,10.24,0.52,0.0
5221,6210,Potato,Russet,"Schwartz, Marshall and Fernandez",Retailer,Lower Saxony,Direct,2025-04-15,1339.3,0.52,696.44,23.64,573.19,99.61,7.0,0.55,-0.03
5222,6554,Potato,Russet,"Davies, Lewis and Fields",Retailer,Hesse,Online,2025-03-26,1435.7,0.37,531.21,3.74,488.18,39.29,23.49,0.38,-0.01
5223,12649,Barley,Hulless,"Haynes, Barnes and Holmes",Retailer,Saxony,Online,2024-07-12,1488.4,0.97,1443.75,38.38,1384.0,21.37,10.52,1.02,-0.05
5224,13279,Barley,Hulled,"Yates, Taylor and Miller",Retailer,Saxony,Cooperative,2025-04-20,224.7,1.45,325.82,9.37,302.2,14.25,15.2,1.38,0.07
5225,12605,Wheat,Emmer,Lester-Palmer,Retailer,Hesse,Online,2025-04-09,782.3,1.19,930.94,44.85,849.2,36.89,9.07,1.09,0.1
5226,1043,Corn,Sweet,Gould and Sons,Retailer,Brandenburg,Online,2025-04-13,388.3,0.63,244.63,20.35,129.75,94.53,13.72,0.64,-0.01
5227,12072,Potato,Russet,"Ramsey, Rosales and Hall",Exporter,Hesse,Direct,2024-10-16,642.1,0.41,263.26,35.93,173.68,53.65,13.88,0.42,-0.01
5228,10165,Soybean,Yellow,"Shields, Carson and Riddle",Exporter,Bavaria,Cooperative,2025-04-13,1244.7,0.46,572.56,38.47,451.87,82.22,22.84,0.49,-0.03
5229,874,Potato,Red,Lee PLC,Wholesaler,Brandenburg,Cooperative,2025-04-02,1820.3,1.32,2402.8,11.41,2317.07,74.32,21.07,1.27,0.05
5230,8507,Wheat,Durum,Orr-Castaneda,Retailer,Bavaria,Direct,2025-03-28,1402.2,0.57,799.25,17.31,764.56,17.38,10.11,0.59,-0.02
5231,12712,Corn,Dent,Lopez Inc,Wholesaler,Brandenburg,Direct,2025-04-24,1074.6,0.31,333.13,8.15,229.22,95.76,7.98,0.34,-0.03
5232,10307,Wheat,Durum,Scott-Acosta,Retailer,Saxony,Direct,2025-04-19,1292.5,0.64,827.2,30.01,779.66,17.53,22.57,0.62,0.02
5233,12209,Corn,Sweet,Lopez-Mitchell,Retailer,Lower Saxony,Cooperative,2025-04-24,485.0,0.92,446.2,16.26,374.53,55.41,10.65,0.84,0.08
5234,12819,Barley,Hulless,Ballard and Sons,Wholesaler,Saxony,Direct,2024-09-09,1688.3,0.57,962.33,32.89,913.83,15.61,18.47,0.58,-0.01
5235,13655,Soybean,Yellow,Marshall-Allen,Exporter,Brandenburg,Online,2024-05-08,846.5,0.57,482.5,26.34,391.47,64.69,11.93,0.6,-0.03
5236,7258,Barley,Hulled,Morales PLC,Exporter,Saxony,Online,2024-03-29,1288.4,1.04,1339.94,12.58,1243.13,84.23,18.48,1.05,-0.01
5237,2999,Corn,Dent,"Hickman, Walker and Bradley",Retailer,Saxony,Online,2024-01-20,1667.8,0.53,883.93,42.42,757.58,83.93,8.38,0.57,-0.04
5238,4410,Potato,Russet,"Ortega, Erickson and Dickson",Retailer,Bavaria,Online,2025-05-03,1633.4,1.35,2205.09,8.68,2167.04,29.37,22.79,1.25,0.1
5239,9652,Wheat,Durum,Whitney-Jones,Wholesaler,Hesse,Online,2025-05-05,487.7,1.01,492.58,17.35,377.89,97.34,23.59,0.98,0.03
5240,4090,Barley,Hulled,"Mayer, Anderson and Wilson",Exporter,Bavaria,Direct,2024-01-17,1751.8,1.28,2242.3,11.36,2173.07,57.87,18.32,1.41,-0.13
5241,2080,Potato,Russet,Gonzalez Group,Wholesaler,Lower Saxony,Online,2025-01-01,451.6,1.34,605.14,2.13,558.24,44.77,12.67,1.27,0.07
5242,7573,Corn,Sweet,"Thompson, Weaver and Woods",Exporter,Brandenburg,Cooperative,2025-05-05,1149.7,0.77,885.27,18.66,800.58,66.03,10.89,0.71,0.06
5243,488,Potato,Russet,"Bernard, Hernandez and Clark",Retailer,Bavaria,Online,2025-02-04,447.6,0.69,308.84,48.77,235.4,24.67,16.65,0.66,0.03
5244,12711,Barley,Hulless,Crawford-Henderson,Wholesaler,Saxony,Online,2024-12-16,201.2,1.02,205.22,37.16,104.17,63.89,18.07,0.96,0.06
5245,5520,Corn,Dent,"Foley, Leach and Park",Retailer,Brandenburg,Online,2024-04-29,338.4,0.47,159.05,42.18,95.48,21.39,20.5,0.43,0.04
5246,9023,Soybean,Black,Payne PLC,Retailer,Bavaria,Online,2025-02-23,251.8,1.35,339.93,38.71,270.06,31.16,13.42,1.38,-0.03
5247,7668,Barley,Hulled,Santana-Olson,Retailer,Brandenburg,Direct,2025-05-04,1738.4,0.72,1251.65,7.75,1221.83,22.07,15.29,0.78,-0.06
5248,10155,Soybean,Yellow,Guerrero Inc,Exporter,Lower Saxony,Online,2025-04-29,1022.9,1.37,1401.37,3.67,1353.08,44.62,15.32,1.36,0.01
5249,3437,Potato,Red,Ball-Anderson,Wholesaler,Saxony,Cooperative,2024-09-02,677.8,0.79,535.46,37.89,404.63,92.94,19.12,0.77,0.02
5250,8188,Soybean,Black,"Harris, Golden and Adams",Exporter,Saxony,Online,2025-01-02,990.9,1.17,1159.35,4.64,1141.92,12.79,12.4,1.07,0.1
5251,6942,Barley,Hulled,"Patel, Brown and Rios",Exporter,Brandenburg,Online,2024-12-12,445.5,1.03,458.86,21.02,403.99,33.85,6.36,1.03,0.0
5252,12903,Potato,Red,"Kelly, Palmer and Montgomery",Exporter,Hesse,Online,2024-10-04,876.2,1.56,1366.87,35.58,1295.98,35.31,13.19,1.43,0.13
5253,9596,Soybean,Black,Ferguson Ltd,Wholesaler,Hesse,Cooperative,2025-03-06,1132.7,0.94,1064.74,23.98,1017.38,23.38,6.69,1.01,-0.07
5254,4474,Corn,Sweet,Spears Ltd,Wholesaler,Brandenburg,Cooperative,2025-04-04,1546.3,1.36,2102.97,36.96,2012.51,53.5,11.15,1.48,-0.12
5255,13776,Potato,Red,"Rodriguez, Myers and Potter",Retailer,Saxony,Online,2024-12-18,1397.0,0.8,1117.6,49.6,968.8,99.2,10.08,0.85,-0.05
5256,11111,Corn,Dent,Ingram-Martin,Wholesaler,Saxony,Cooperative,2025-04-15,1480.9,0.54,799.69,49.44,713.46,36.79,9.61,0.58,-0.04
5257,11449,Corn,Sweet,Holmes-Hunt,Exporter,Lower Saxony,Direct,2025-05-05,284.3,0.6,170.58,25.97,47.16,97.45,16.0,0.57,0.03
5258,10259,Wheat,Emmer,Murray-Hess,Wholesaler,Hesse,Online,2025-05-05,599.1,1.18,706.94,35.84,611.46,59.64,13.55,1.29,-0.11
5259,2411,Potato,Russet,"Chase, Marshall and Evans",Exporter,Lower Saxony,Direct,2025-04-13,480.1,0.58,278.46,30.03,198.31,50.12,12.82,0.57,0.01
5260,9709,Barley,Hulled,Fernandez-Hunt,Wholesaler,Brandenburg,Cooperative,2025-05-05,590.4,1.45,856.08,2.48,813.54,40.06,18.36,1.43,0.02
5261,13681,Potato,Russet,Johnson-Bond,Wholesaler,Lower Saxony,Cooperative,2025-04-07,1697.7,1.27,2156.08,19.87,2112.37,23.84,7.42,1.24,0.03
5262,12139,Barley,Hulless,"Matthews, Garcia and Davis",Retailer,Brandenburg,Online,2025-05-05,1254.2,0.52,652.18,47.65,553.77,50.76,14.5,0.55,-0.03
5263,7592,Potato,Russet,"Lynch, Wood and Ball",Exporter,Brandenburg,Online,2025-05-05,850.0,1.17,994.5,45.03,885.37,64.1,20.84,1.29,-0.12
5264,2705,Corn,Sweet,Morse-Monroe,Exporter,Hesse,Direct,2025-02-12,1377.8,1.05,1446.69,25.27,1401.68,19.74,24.42,0.99,0.06
5265,5149,Potato,Red,Hancock Group,Exporter,Hesse,Cooperative,2024-08-27,860.8,1.19,1024.35,16.24,933.27,74.84,9.02,1.19,0.0
5266,14079,Barley,Hulled,Morris LLC,Wholesaler,Brandenburg,Online,2025-05-05,1113.2,0.84,935.09,19.81,874.09,41.19,11.11,0.78,0.06
5267,53,Barley,Hulless,"Martin, Mathis and Gregory",Wholesaler,Hesse,Online,2025-05-04,1390.1,1.08,1501.31,8.55,1419.6,73.16,6.68,1.01,0.07
5268,1706,Corn,Sweet,Espinoza-Garrett,Retailer,Brandenburg,Cooperative,2025-03-25,1432.4,1.03,1475.37,13.31,1441.32,20.74,13.15,0.97,0.06
5269,4050,Corn,Sweet,Diaz Group,Retailer,Lower Saxony,Cooperative,2025-05-05,1223.1,0.94,1149.71,30.07,1036.4,83.24,14.08,0.88,0.06
5270,5246,Wheat,Durum,Pearson Inc,Retailer,Bavaria,Cooperative,2025-01-18,900.9,1.26,1135.13,39.64,1015.72,79.77,10.72,1.17,0.09
5271,8875,Corn,Dent,"Miller, Green and Schmidt",Exporter,Lower Saxony,Cooperative,2025-05-05,1045.5,1.21,1265.06,30.7,1185.99,48.37,20.73,1.13,0.08
5272,12259,Corn,Dent,"Bryan, Parker and Vasquez",Retailer,Lower Saxony,Direct,2023-12-09,960.7,0.4,384.28,30.91,302.7,50.67,22.58,0.41,-0.01
5273,7157,Corn,Dent,"Fletcher, Anderson and Davis",Retailer,Saxony,Cooperative,2025-05-05,747.3,1.53,1143.37,19.73,1099.05,24.59,10.08,1.47,0.06
5274,1231,Wheat,Emmer,"Smith, Peterson and Kelly",Wholesaler,Bavaria,Cooperative,2024-09-10,459.3,0.59,270.99,26.86,172.49,71.64,22.23,0.54,0.05
5275,10750,Wheat,Emmer,Wise-Elliott,Exporter,Brandenburg,Direct,2024-12-04,1475.5,1.26,1859.13,18.11,1789.85,51.17,11.44,1.38,-0.12
5276,12494,Potato,Red,"Crawford, Scott and Cohen",Exporter,Saxony,Direct,2025-04-24,1997.4,0.37,739.04,29.43,681.12,28.49,7.65,0.36,0.01
5277,1614,Potato,Russet,George-Jones,Exporter,Hesse,Online,2025-05-05,1925.8,0.8,1540.64,33.34,1497.15,10.15,20.41,0.87,-0.07
5278,11240,Potato,Red,"Burke, Obrien and Kramer",Exporter,Brandenburg,Online,2025-04-18,945.6,0.39,368.78,34.01,256.33,78.44,18.71,0.36,0.03
5279,1979,Wheat,Durum,Bird-Johnson,Retailer,Hesse,Cooperative,2025-03-05,1334.8,0.4,533.92,27.18,416.33,90.41,19.46,0.42,-0.02
5280,6733,Barley,Hulled,Vazquez LLC,Wholesaler,Brandenburg,Online,2024-04-02,1874.9,1.1,2062.39,48.72,1987.09,26.58,21.65,1.03,0.07
5281,14522,Barley,Hulled,Anderson LLC,Retailer,Lower Saxony,Direct,2025-05-05,526.9,0.64,337.22,0.36,308.8,28.06,12.56,0.63,0.01
5282,6914,Barley,Hulled,Padilla Inc,Retailer,Lower Saxony,Direct,2025-01-26,1131.6,1.5,1697.4,27.09,1592.68,77.63,10.27,1.48,0.02
5283,4093,Wheat,Emmer,"Brown, Schwartz and Miller",Exporter,Lower Saxony,Direct,2024-12-20,525.7,0.83,436.33,35.64,349.04,51.65,6.52,0.82,0.01
5284,727,Soybean,Yellow,Brown-Thomas,Exporter,Bavaria,Online,2025-05-05,1919.6,0.68,1305.33,2.19,1272.82,30.32,5.2,0.64,0.04
5285,11966,Barley,Hulless,Ramos-Medina,Wholesaler,Saxony,Direct,2024-12-15,553.6,0.47,260.19,49.43,112.14,98.62,24.56,0.5,-0.03
5286,2224,Wheat,Durum,Murphy Group,Exporter,Saxony,Direct,2025-04-28,1184.4,0.78,923.83,3.45,855.99,64.39,22.78,0.82,-0.04
5287,10357,Soybean,Yellow,"Smith, Pacheco and Petersen",Retailer,Saxony,Cooperative,2025-02-21,774.7,0.63,488.06,10.56,384.0,93.5,16.01,0.65,-0.02
5288,12500,Corn,Sweet,Patel-Fletcher,Retailer,Bavaria,Cooperative,2024-09-11,317.8,0.4,127.12,19.75,77.78,29.59,21.26,0.39,0.01
5289,7838,Barley,Hulless,"Gonzales, Jackson and Flores",Retailer,Saxony,Direct,2024-06-17,1566.1,1.24,1941.96,27.74,1863.54,50.68,14.65,1.27,-0.03
5290,10898,Corn,Sweet,Lee-Williams,Retailer,Bavaria,Cooperative,2025-02-14,1307.9,0.87,1137.87,39.1,1003.94,94.83,9.72,0.89,-0.02
5291,6952,Corn,Dent,"Cox, Smith and Todd",Exporter,Bavaria,Online,2024-03-30,1103.7,0.76,838.81,31.93,734.25,72.63,13.2,0.74,0.02
5292,2327,Soybean,Black,"Webb, Washington and Simpson",Exporter,Saxony,Direct,2025-03-15,700.2,0.77,539.15,27.43,469.61,42.11,21.41,0.73,0.04
5293,6842,Barley,Hulless,Evans Group,Retailer,Bavaria,Online,2024-08-27,1285.6,0.59,758.5,12.8,726.11,19.59,19.88,0.56,0.03
5294,2191,Corn,Sweet,"Lynch, Hoover and Williams",Retailer,Bavaria,Online,2024-06-04,1440.8,0.96,1383.17,30.17,1265.29,87.71,10.08,1.03,-0.07
5295,5610,Soybean,Black,"Williams, Russell and Baker",Wholesaler,Saxony,Online,2025-05-05,780.6,1.01,788.41,23.26,704.91,60.24,19.87,0.98,0.03
5296,11050,Wheat,Emmer,"Anthony, Santiago and Banks",Exporter,Lower Saxony,Direct,2025-03-29,261.5,1.16,303.34,49.96,161.4,91.98,10.52,1.08,0.08
5297,1979,Wheat,Durum,Wilson-Mckinney,Retailer,Saxony,Direct,2024-10-22,1004.1,0.43,431.76,45.04,361.97,24.75,24.38,0.42,0.01
5298,10836,Potato,Red,Lewis LLC,Exporter,Lower Saxony,Online,2024-05-14,909.8,1.45,1319.21,44.04,1237.34,37.83,21.36,1.33,0.12
5299,2064,Soybean,Yellow,Cannon-Ashley,Wholesaler,Hesse,Direct,2025-01-15,1853.1,0.91,1686.32,34.7,1592.52,59.1,24.07,0.85,0.06
5300,3943,Wheat,Emmer,Perez-Morgan,Retailer,Bavaria,Online,2025-01-31,1721.3,1.4,2409.82,2.94,2338.28,68.6,16.25,1.45,-0.05
5301,401,Wheat,Durum,Ferguson-Miller,Exporter,Saxony,Cooperative,2025-04-21,1795.3,0.41,736.07,37.66,602.61,95.8,17.29,0.44,-0.03
5302,3767,Soybean,Black,"Henson, Hayden and Valencia",Retailer,Bavaria,Cooperative,2024-06-27,434.6,0.69,299.87,34.64,254.11,11.12,18.57,0.68,0.01
5303,6553,Barley,Hulled,"Smith, Garcia and Velasquez",Retailer,Bavaria,Cooperative,2025-05-03,681.9,0.98,668.26,6.74,641.91,19.61,20.31,0.92,0.06
5304,9960,Wheat,Durum,Holt-Reyes,Retailer,Bavaria,Cooperative,2024-05-25,901.2,0.59,531.71,43.6,424.13,63.98,14.02,0.58,0.01
5305,6362,Corn,Sweet,Ellis-Kim,Retailer,Saxony,Direct,2025-05-05,820.3,0.84,689.05,42.45,610.07,36.53,18.96,0.86,-0.02
5306,6573,Soybean,Yellow,Hendricks-Cohen,Wholesaler,Brandenburg,Online,2025-01-21,282.6,1.45,409.77,2.82,341.75,65.2,17.42,1.41,0.04
5307,3243,Corn,Sweet,Huang-Jimenez,Retailer,Saxony,Direct,2024-12-31,1434.6,0.43,616.88,5.85,569.21,41.82,21.8,0.42,0.01
5308,7703,Barley,Hulless,Perez PLC,Wholesaler,Lower Saxony,Online,2025-02-22,798.1,0.48,383.09,25.66,311.46,45.97,17.88,0.48,0.0
5309,5603,Barley,Hulled,"Stein, Lee and Horton",Wholesaler,Bavaria,Online,2025-01-06,1315.3,1.19,1565.21,21.56,1476.43,67.22,11.73,1.27,-0.08
5310,11680,Potato,Red,"Watson, Giles and Pierce",Exporter,Saxony,Direct,2025-03-08,1114.2,1.28,1426.18,10.84,1371.79,43.55,8.27,1.21,0.07
5311,4468,Corn,Dent,Thomas-Nash,Exporter,Brandenburg,Cooperative,2024-12-13,486.3,0.84,408.49,18.95,311.46,78.08,5.38,0.92,-0.08
5312,11921,Barley,Hulless,Holder-Tucker,Wholesaler,Brandenburg,Cooperative,2025-04-23,491.9,0.49,241.03,42.13,125.16,73.74,19.19,0.45,0.04
5313,6148,Potato,Russet,Holt-Herrera,Retailer,Hesse,Online,2024-10-21,1676.7,0.8,1341.36,48.13,1246.2,47.03,14.2,0.88,-0.08
5314,8616,Potato,Red,Anderson-Young,Wholesaler,Saxony,Direct,2024-12-05,546.5,0.74,404.41,39.22,311.87,53.32,17.75,0.73,0.01
5315,6261,Soybean,Black,Rice and Sons,Retailer,Bavaria,Direct,2025-05-05,1800.4,0.55,990.22,2.74,936.49,50.99,14.1,0.6,-0.05
5316,11578,Soybean,Yellow,"Gonzalez, Powell and Smith",Wholesaler,Hesse,Direct,2024-05-04,1603.5,0.7,1122.45,6.95,1073.76,41.74,9.68,0.65,0.05
5317,2849,Wheat,Durum,"Taylor, Williams and Rivera",Exporter,Bavaria,Direct,2025-02-06,683.5,0.6,410.1,8.52,349.83,51.75,17.95,0.6,0.0
5318,2706,Wheat,Durum,Tucker-Davies,Retailer,Saxony,Direct,2024-04-16,886.4,0.72,638.21,5.23,618.47,14.51,23.82,0.69,0.03
5319,10866,Barley,Hulless,Reed-Suarez,Retailer,Brandenburg,Online,2024-10-30,1862.9,0.67,1248.14,42.55,1133.95,71.64,18.98,0.62,0.05
5320,4434,Barley,Hulled,Miller-Martin,Retailer,Bavaria,Direct,2024-04-01,1624.4,0.63,1023.37,32.61,942.1,48.66,15.14,0.6,0.03
5321,13403,Wheat,Emmer,"Cohen, Baker and Davis",Wholesaler,Bavaria,Online,2025-02-08,262.8,0.96,252.29,40.09,150.57,61.63,16.84,0.98,-0.02
5322,12107,Barley,Hulled,Nguyen-Johnston,Exporter,Saxony,Online,2025-02-23,927.4,0.89,825.39,10.66,796.88,17.85,23.35,0.97,-0.08
5323,14027,Wheat,Durum,Black Inc,Wholesaler,Bavaria,Cooperative,2025-01-29,471.9,1.05,495.5,1.74,483.33,10.43,22.37,1.01,0.04
5324,10739,Soybean,Yellow,Garcia and Sons,Retailer,Lower Saxony,Direct,2025-01-13,1887.6,0.73,1377.95,35.36,1248.3,94.29,10.86,0.75,-0.02
5325,7730,Corn,Dent,Smith LLC,Exporter,Brandenburg,Online,2025-05-05,1966.1,0.49,963.39,44.82,819.77,98.8,13.66,0.53,-0.04
5326,10686,Wheat,Emmer,Fischer LLC,Retailer,Lower Saxony,Online,2024-04-10,207.7,0.45,93.46,42.71,-34.31,85.06,20.8,0.42,0.03
5327,1670,Corn,Dent,Powell LLC,Wholesaler,Hesse,Online,2025-03-16,1001.2,1.27,1271.52,47.8,1128.05,95.67,10.79,1.34,-0.07
5328,10019,Corn,Dent,"Zuniga, Bell and Carr",Exporter,Lower Saxony,Online,2025-04-12,715.7,0.37,264.81,19.59,157.09,88.13,12.38,0.35,0.02
5329,6701,Corn,Dent,Mcneil PLC,Retailer,Lower Saxony,Cooperative,2025-04-19,872.4,0.34,296.62,48.18,148.57,99.87,20.66,0.34,0.0
5330,5604,Soybean,Yellow,"Hammond, Chavez and Alexander",Retailer,Saxony,Online,2024-11-27,1620.3,0.48,777.74,10.59,717.8,49.35,11.4,0.49,-0.01
5331,491,Corn,Sweet,"Mitchell, Lewis and Hoover",Wholesaler,Hesse,Cooperative,2023-12-02,1336.1,1.32,1763.65,31.24,1657.54,74.87,16.38,1.31,0.01
5332,8379,Soybean,Black,Hill-Becker,Wholesaler,Saxony,Online,2024-08-29,766.5,0.53,406.24,36.8,275.49,93.95,11.09,0.56,-0.03
5333,4174,Barley,Hulless,Torres LLC,Exporter,Bavaria,Online,2024-02-11,1244.0,1.2,1492.8,32.57,1388.54,71.69,5.62,1.22,-0.02
5334,14786,Wheat,Emmer,Ryan-Boyd,Retailer,Hesse,Online,2025-05-04,798.7,0.97,774.74,46.33,655.28,73.13,10.09,1.07,-0.1
5335,4491,Potato,Russet,Perez-George,Wholesaler,Bavaria,Online,2025-05-05,1961.4,0.51,1000.31,14.94,910.34,75.03,8.29,0.49,0.02
5336,11517,Soybean,Black,Wilson LLC,Retailer,Brandenburg,Cooperative,2023-09-27,1058.6,1.13,1196.22,33.24,1071.18,91.8,23.18,1.11,0.02
5337,11330,Soybean,Black,Moore-Gaines,Retailer,Hesse,Cooperative,2024-09-01,298.7,0.51,152.34,45.97,9.76,96.61,23.74,0.55,-0.04
5338,12402,Corn,Sweet,Young-Lawrence,Wholesaler,Saxony,Direct,2025-04-01,1174.9,1.13,1327.64,47.03,1192.59,88.02,12.15,1.26,-0.13
5339,13827,Potato,Russet,Zhang Ltd,Retailer,Hesse,Direct,2025-05-04,1516.5,1.01,1531.66,28.46,1424.59,78.61,15.29,1.04,-0.03
5340,4675,Corn,Dent,Carter LLC,Wholesaler,Lower Saxony,Online,2024-11-14,1635.1,0.63,1030.11,35.93,906.45,87.73,20.08,0.67,-0.04
5341,9545,Wheat,Durum,Johnson-Harris,Retailer,Saxony,Cooperative,2025-05-01,1977.0,1.12,2214.24,1.07,2141.99,71.18,8.73,1.21,-0.09
5342,8025,Barley,Hulled,Joseph-Aguilar,Wholesaler,Brandenburg,Direct,2024-03-24,245.6,1.42,348.75,46.72,246.1,55.93,24.74,1.3,0.12
5343,14204,Corn,Sweet,"Cruz, Anderson and Norris",Exporter,Saxony,Direct,2025-04-06,1799.6,0.64,1151.74,17.98,1075.22,58.54,17.23,0.6,0.04
5344,9980,Soybean,Black,"Ramirez, Lopez and Richards",Retailer,Hesse,Cooperative,2025-05-05,637.3,0.92,586.32,32.27,490.94,63.11,18.66,0.94,-0.02
5345,5692,Potato,Russet,Martin-Payne,Wholesaler,Saxony,Cooperative,2025-04-30,1652.2,0.88,1453.94,42.7,1388.84,22.4,23.33,0.89,-0.01
5346,13329,Corn,Sweet,"Allen, Novak and Pugh",Wholesaler,Saxony,Direct,2025-02-07,944.2,0.58,547.64,49.73,427.76,70.15,8.09,0.57,0.01
5347,11703,Barley,Hulless,Lee-Martinez,Exporter,Hesse,Online,2025-04-20,627.6,1.15,721.74,31.54,622.27,67.93,11.29,1.12,0.03
5348,3844,Wheat,Durum,Ortiz-Hamilton,Exporter,Lower Saxony,Online,2025-04-23,1761.5,0.34,598.91,32.68,490.25,75.98,20.05,0.34,0.0
5349,8445,Corn,Dent,Pope-Perry,Wholesaler,Hesse,Cooperative,2024-08-09,1257.7,0.32,402.46,26.19,296.29,79.98,19.48,0.35,-0.03
5350,3516,Wheat,Durum,Bender PLC,Wholesaler,Lower Saxony,Direct,2025-03-22,312.4,1.32,412.37,3.88,314.48,94.01,5.95,1.46,-0.14
5351,10432,Potato,Red,"Chavez, Velasquez and Fowler",Exporter,Saxony,Cooperative,2024-09-05,1703.9,0.93,1584.63,24.99,1489.06,70.58,10.11,1.0,-0.07
5352,14535,Potato,Russet,Perkins-Lowery,Exporter,Bavaria,Online,2025-01-28,1970.9,1.06,2089.15,36.77,2029.34,23.04,16.4,1.07,-0.01
5353,11156,Soybean,Yellow,"Daniels, Mills and Barker",Retailer,Hesse,Cooperative,2024-10-01,429.2,0.71,304.73,8.02,252.41,44.3,15.19,0.65,0.06
5354,2334,Barley,Hulled,Mcdaniel-White,Retailer,Brandenburg,Direct,2024-11-13,512.8,0.38,194.86,15.42,127.07,52.37,8.57,0.38,0.0
5355,5981,Potato,Red,Valencia-Braun,Retailer,Bavaria,Online,2024-12-05,1594.4,1.56,2487.26,21.64,2370.93,94.69,21.22,1.44,0.12
5356,3448,Barley,Hulless,Sanford Ltd,Retailer,Bavaria,Cooperative,2025-05-05,1532.9,1.18,1808.82,36.64,1749.54,22.64,19.32,1.08,0.1
5357,10826,Corn,Dent,Herman-Frazier,Exporter,Lower Saxony,Cooperative,2025-05-05,1489.1,0.43,640.31,35.09,512.67,92.55,16.75,0.43,0.0
5358,10964,Barley,Hulless,Perez Ltd,Wholesaler,Brandenburg,Cooperative,2025-05-05,1525.0,0.91,1387.75,29.88,1313.73,44.14,8.33,0.9,0.01
5359,7399,Wheat,Durum,"Davis, Garcia and Gonzalez",Retailer,Lower Saxony,Direct,2024-05-23,1461.5,1.38,2016.87,46.72,1898.68,71.47,23.78,1.43,-0.05
5360,8979,Barley,Hulless,"Rivera, Frazier and Clark",Exporter,Lower Saxony,Online,2024-12-29,1993.4,0.37,737.56,23.25,661.91,52.4,13.74,0.39,-0.02
5361,1792,Corn,Dent,"Smith, Ball and Jones",Retailer,Saxony,Cooperative,2025-01-17,1692.7,1.08,1828.12,11.25,1796.78,20.09,8.54,1.0,0.08
5362,581,Soybean,Black,Jones Inc,Retailer,Lower Saxony,Cooperative,2025-05-02,1294.1,1.06,1371.75,18.36,1279.24,74.15,19.65,1.01,0.05
5363,14481,Soybean,Black,Roman-May,Wholesaler,Saxony,Direct,2025-04-05,1287.1,0.87,1119.78,13.35,1087.74,18.69,9.67,0.94,-0.07
5364,9875,Potato,Russet,Mullins LLC,Retailer,Lower Saxony,Direct,2025-03-28,812.8,0.74,601.47,43.68,485.78,72.01,10.49,0.75,-0.01
5365,12703,Barley,Hulless,Simpson-Reynolds,Wholesaler,Brandenburg,Online,2025-02-07,371.5,0.8,297.2,27.27,202.73,67.2,24.06,0.88,-0.08
5366,6587,Barley,Hulless,Rodriguez-Blake,Exporter,Brandenburg,Cooperative,2024-03-03,1490.2,1.3,1937.26,15.67,1906.34,15.25,6.7,1.41,-0.11
5367,11911,Wheat,Emmer,"Castillo, Barber and Zhang",Wholesaler,Saxony,Direct,2025-05-02,336.4,0.39,131.2,27.12,11.41,92.67,8.79,0.41,-0.02
5368,8399,Barley,Hulled,Clark PLC,Exporter,Saxony,Direct,2025-04-12,1145.1,0.96,1099.3,7.22,1047.51,44.57,21.64,0.89,0.07
5369,2933,Corn,Sweet,Bradshaw Inc,Exporter,Bavaria,Direct,2025-05-05,398.0,0.98,390.04,7.79,370.51,11.74,23.49,1.09,-0.11
5370,478,Wheat,Durum,"Dickerson, Davenport and Moss",Wholesaler,Bavaria,Online,2024-12-08,341.1,1.26,429.79,23.84,363.89,42.06,14.61,1.23,0.03
5371,4561,Barley,Hulless,Kim-Shah,Wholesaler,Lower Saxony,Online,2024-10-23,1520.7,0.46,699.52,45.52,608.12,45.88,10.49,0.43,0.03
5372,4290,Soybean,Yellow,Ortiz LLC,Exporter,Bavaria,Direct,2025-05-03,1598.6,1.02,1630.57,18.48,1512.25,99.84,15.23,1.11,-0.09
5373,11622,Wheat,Durum,Moore-Kelly,Retailer,Lower Saxony,Online,2024-09-26,426.8,0.37,157.92,24.79,119.4,13.73,13.83,0.4,-0.03
5374,6810,Wheat,Emmer,Sanders Inc,Wholesaler,Lower Saxony,Online,2025-05-05,926.0,1.13,1046.38,21.16,1004.39,20.83,24.03,1.24,-0.11
5375,3350,Barley,Hulless,Taylor and Sons,Retailer,Bavaria,Online,2025-02-18,626.6,0.92,576.47,15.46,513.29,47.72,16.4,0.89,0.03
5376,12156,Potato,Red,"Phillips, Torres and Herrera",Wholesaler,Saxony,Direct,2025-04-16,717.7,0.56,401.91,24.51,300.55,76.85,15.02,0.52,0.04
5377,4418,Barley,Hulless,Lewis Inc,Exporter,Hesse,Online,2025-03-10,1622.1,0.55,892.16,45.77,826.18,20.21,12.86,0.57,-0.02
5378,12337,Corn,Sweet,Tucker-Graham,Retailer,Bavaria,Direct,2025-05-05,1902.1,0.57,1084.2,35.33,991.35,57.52,20.27,0.6,-0.03
5379,14784,Wheat,Durum,Bell Group,Exporter,Hesse,Online,2025-04-29,699.7,0.85,594.74,1.14,564.86,28.74,18.93,0.8,0.05
5380,2973,Potato,Russet,"Clark, Gaines and Palmer",Retailer,Saxony,Direct,2025-05-04,1219.4,0.32,390.21,24.45,316.89,48.87,13.77,0.35,-0.03
5381,4770,Barley,Hulless,Craig and Sons,Exporter,Saxony,Cooperative,2025-04-01,589.2,1.14,671.69,38.47,535.87,97.35,17.11,1.11,0.03
5382,5855,Potato,Russet,Carlson Inc,Wholesaler,Bavaria,Cooperative,2025-05-05,1016.6,0.84,853.94,1.16,754.63,98.15,7.38,0.85,-0.01
5383,8595,Corn,Dent,"Taylor, House and Ellis",Wholesaler,Hesse,Cooperative,2025-01-12,554.5,0.33,182.98,41.57,82.98,58.43,7.8,0.32,0.01
5384,8843,Wheat,Emmer,"Jimenez, Reed and Lawrence",Exporter,Hesse,Cooperative,2025-05-05,1549.9,1.14,1766.89,19.21,1678.43,69.25,17.91,1.21,-0.07
5385,11139,Soybean,Black,Matthews Group,Wholesaler,Lower Saxony,Cooperative,2024-12-09,253.6,1.19,301.78,27.12,186.51,88.15,18.57,1.29,-0.1
5386,4986,Potato,Red,"Carlson, Kennedy and Gill",Retailer,Brandenburg,Online,2024-06-24,1194.8,1.1,1314.28,44.5,1218.24,51.54,19.14,1.07,0.03
5387,1590,Barley,Hulled,"Newton, Booth and Boone",Retailer,Hesse,Online,2025-03-29,660.6,0.58,383.15,46.81,307.59,28.75,9.67,0.62,-0.04
5388,10638,Barley,Hulless,Newton Ltd,Exporter,Lower Saxony,Direct,2024-12-29,1226.2,1.27,1557.27,41.5,1416.08,99.69,19.97,1.37,-0.1
5389,2698,Corn,Dent,Burton-Patrick,Retailer,Brandenburg,Cooperative,2025-04-20,755.0,1.38,1041.9,26.57,937.52,77.81,23.47,1.4,-0.02
5390,10321,Corn,Sweet,"Hansen, Flores and Fischer",Exporter,Bavaria,Cooperative,2025-01-18,1912.0,0.7,1338.4,11.28,1252.38,74.74,19.56,0.67,0.03
5391,2112,Corn,Dent,Chapman-Smith,Exporter,Bavaria,Direct,2024-08-04,526.8,0.74,389.83,3.27,331.35,55.21,20.68,0.7,0.04
5392,9907,Wheat,Durum,"Collins, Norman and Castro",Wholesaler,Hesse,Cooperative,2025-02-28,1360.7,1.06,1442.34,34.95,1377.97,29.42,9.7,1.07,-0.01
5393,2066,Barley,Hulled,"Thomas, Barker and Woodard",Retailer,Lower Saxony,Cooperative,2024-12-28,1282.8,0.62,795.34,27.37,701.64,66.33,18.63,0.59,0.03
5394,12665,Potato,Russet,Buck Ltd,Wholesaler,Saxony,Cooperative,2025-04-01,1727.4,0.37,639.14,32.8,595.29,11.05,15.2,0.34,0.03
5395,11157,Barley,Hulless,Floyd and Sons,Wholesaler,Bavaria,Online,2025-05-05,1718.6,0.43,739.0,37.65,648.73,52.62,22.31,0.47,-0.04
5396,4572,Soybean,Black,Hart Group,Wholesaler,Lower Saxony,Direct,2024-02-24,257.3,1.28,329.34,2.52,297.67,29.15,13.32,1.37,-0.09
5397,5407,Soybean,Black,Ashley-Jackson,Wholesaler,Lower Saxony,Cooperative,2025-04-30,535.2,0.36,192.67,35.09,146.92,10.66,21.65,0.36,0.0
5398,2071,Corn,Sweet,Davis-Jensen,Wholesaler,Brandenburg,Cooperative,2024-02-22,1319.1,0.94,1239.95,42.26,1170.38,27.31,10.43,0.96,-0.02
5399,10349,Corn,Dent,Dawson-Underwood,Retailer,Brandenburg,Cooperative,2025-02-25,390.3,0.35,136.6,39.98,47.1,49.52,6.4,0.34,0.01
5400,12244,Soybean,Black,"Davis, Newton and Garrett",Retailer,Brandenburg,Cooperative,2025-04-01,1829.8,0.75,1372.35,38.09,1251.63,82.63,22.4,0.72,0.03
5401,9805,Corn,Dent,Armstrong PLC,Exporter,Lower Saxony,Direct,2025-01-19,675.6,0.86,581.02,21.64,481.45,77.93,9.71,0.79,0.07
5402,13429,Wheat,Durum,Holland-Kim,Exporter,Lower Saxony,Cooperative,2025-05-05,810.9,0.76,616.28,33.31,514.72,68.25,21.11,0.74,0.02
5403,4625,Corn,Sweet,Lindsey-Ramos,Wholesaler,Lower Saxony,Direct,2025-03-31,693.5,0.48,332.88,17.78,271.7,43.4,14.49,0.49,-0.01
5404,12697,Wheat,Durum,"Richardson, Jennings and Morales",Exporter,Bavaria,Direct,2025-03-18,569.4,0.5,284.7,36.13,233.72,14.85,22.05,0.5,0.0
5405,4041,Potato,Russet,Whitney-Garza,Exporter,Hesse,Cooperative,2025-05-04,904.3,0.59,533.54,12.44,425.47,95.63,22.61,0.64,-0.05
5406,2527,Soybean,Black,"Bray, Mckee and Flores",Retailer,Lower Saxony,Cooperative,2024-03-04,1499.6,0.36,539.86,42.03,482.87,14.96,21.81,0.35,0.01
5407,13895,Soybean,Yellow,Rojas LLC,Wholesaler,Saxony,Online,2025-02-21,1765.8,1.35,2383.83,7.5,2335.89,40.44,17.21,1.41,-0.06
5408,9918,Barley,Hulled,"Hayes, Johnson and Burch",Wholesaler,Saxony,Cooperative,2024-12-25,235.2,0.91,214.03,9.78,160.01,44.24,6.17,0.87,0.04
5409,2567,Barley,Hulled,Kane PLC,Wholesaler,Saxony,Online,2025-04-22,1966.1,0.92,1808.81,49.12,1731.71,27.98,20.38,0.89,0.03
5410,13616,Potato,Red,"Hernandez, Walker and Davis",Retailer,Lower Saxony,Online,2025-04-30,818.1,1.03,842.64,20.58,734.9,87.16,15.2,1.08,-0.05
5411,13815,Potato,Russet,Robinson and Sons,Retailer,Hesse,Online,2025-04-02,1780.3,1.3,2314.39,45.99,2244.6,23.8,22.44,1.44,-0.14
5412,6292,Potato,Russet,Williams and Sons,Exporter,Brandenburg,Online,2024-10-21,503.8,0.77,387.93,29.63,265.06,93.24,19.8,0.84,-0.07
5413,9654,Barley,Hulled,"Smith, Lucero and Brown",Retailer,Hesse,Online,2025-01-07,1265.8,1.34,1696.17,46.11,1562.24,87.82,8.07,1.27,0.07
5414,5069,Potato,Russet,Cohen LLC,Wholesaler,Bavaria,Cooperative,2025-05-05,365.5,1.32,482.46,28.05,375.85,78.56,12.63,1.41,-0.09
5415,11788,Corn,Sweet,Salazar-Wilson,Exporter,Lower Saxony,Cooperative,2025-03-10,1405.3,0.9,1264.77,4.12,1240.98,19.67,8.14,0.84,0.06
5416,4716,Potato,Russet,Hunter Group,Wholesaler,Saxony,Online,2025-05-01,1135.7,1.45,1646.76,43.56,1504.22,98.98,10.15,1.42,0.03
5417,2524,Wheat,Durum,Collins PLC,Wholesaler,Hesse,Direct,2024-08-02,430.5,0.32,137.76,32.82,37.45,67.49,12.02,0.33,-0.01
5418,13835,Barley,Hulled,"Carter, Stout and Robertson",Exporter,Lower Saxony,Online,2025-02-03,707.8,0.6,424.68,2.45,376.82,45.41,24.3,0.61,-0.01
5419,13733,Potato,Russet,"Martinez, Lee and Miller",Wholesaler,Lower Saxony,Cooperative,2025-02-04,818.7,1.37,1121.62,40.94,1057.06,23.62,10.76,1.31,0.06
5420,6286,Wheat,Durum,Fox Inc,Wholesaler,Hesse,Online,2025-03-29,1324.4,0.44,582.74,1.71,551.96,29.07,11.31,0.46,-0.02
5421,10188,Barley,Hulled,Gould Group,Wholesaler,Saxony,Direct,2025-02-07,834.5,0.58,484.01,32.63,385.37,66.01,18.34,0.63,-0.05
5422,943,Barley,Hulled,Wilson Ltd,Retailer,Brandenburg,Cooperative,2024-08-24,345.6,0.72,248.83,38.88,184.48,25.47,5.86,0.8,-0.08
5423,5172,Corn,Sweet,Merritt Inc,Wholesaler,Lower Saxony,Direct,2024-11-21,369.8,0.43,159.01,38.51,90.91,29.59,5.93,0.48,-0.05
5424,14833,Wheat,Durum,Parker-King,Retailer,Brandenburg,Cooperative,2024-12-03,921.4,0.34,313.28,29.33,233.79,50.16,20.05,0.32,0.02
5425,13598,Barley,Hulled,Buck Inc,Wholesaler,Bavaria,Direct,2024-12-16,1772.4,1.28,2268.67,22.61,2159.99,86.07,19.43,1.22,0.06
5426,7363,Potato,Russet,Fox-Martinez,Exporter,Bavaria,Online,2025-03-07,485.3,1.36,660.01,35.8,541.6,82.61,13.53,1.47,-0.11
5427,1817,Wheat,Durum,Evans-Daniels,Wholesaler,Saxony,Direct,2025-05-05,1628.8,1.33,2166.3,44.97,2029.98,91.35,11.53,1.42,-0.09
5428,4655,Wheat,Emmer,Hernandez PLC,Wholesaler,Lower Saxony,Cooperative,2024-12-02,543.2,0.49,266.17,33.12,175.31,57.74,21.08,0.53,-0.04
5429,10320,Soybean,Black,Hensley-Mitchell,Wholesaler,Brandenburg,Direct,2025-05-04,1869.2,0.52,971.98,32.76,855.95,83.27,15.29,0.49,0.03
5430,13205,Corn,Sweet,Peterson-Hendricks,Exporter,Saxony,Online,2025-04-21,367.3,1.02,374.65,37.57,288.47,48.61,11.35,0.97,0.05
5431,5658,Wheat,Durum,"Young, Jones and Rodriguez",Retailer,Saxony,Direct,2025-05-05,1043.8,0.63,657.59,11.11,559.24,87.24,10.0,0.69,-0.06
5432,7577,Barley,Hulless,Fox LLC,Exporter,Hesse,Cooperative,2024-06-30,1856.6,1.54,2859.16,37.24,2751.21,70.71,18.22,1.49,0.05
5433,14658,Barley,Hulled,"Carrillo, Kelly and Herrera",Wholesaler,Bavaria,Cooperative,2023-12-10,515.4,0.98,505.09,33.73,416.6,54.76,8.24,1.08,-0.1
5434,10047,Potato,Russet,"Hunt, Mason and Allen",Exporter,Brandenburg,Online,2025-05-05,1414.2,0.76,1074.79,29.64,957.42,87.73,22.24,0.75,0.01
5435,1162,Corn,Sweet,"Ray, Stephenson and Dorsey",Wholesaler,Hesse,Direct,2024-11-09,792.3,0.7,554.61,16.49,507.25,30.87,7.7,0.67,0.03
5436,13619,Wheat,Durum,Costa-Perez,Exporter,Lower Saxony,Direct,2025-03-01,622.4,0.36,224.06,21.22,140.45,62.39,21.1,0.36,0.0
5437,7501,Corn,Sweet,"Washington, Dixon and Marshall",Retailer,Hesse,Direct,2025-01-15,916.7,0.59,540.85,22.5,474.59,43.76,12.07,0.61,-0.02
5438,6477,Corn,Dent,Hunt-Benjamin,Retailer,Hesse,Cooperative,2025-03-22,1312.3,1.54,2020.94,22.35,1958.17,40.42,17.8,1.41,0.13
5439,3338,Corn,Dent,"James, Willis and Thomas",Exporter,Hesse,Cooperative,2024-08-07,228.4,0.74,169.02,45.88,76.11,47.03,13.33,0.72,0.02
5440,7839,Potato,Red,Cole PLC,Wholesaler,Hesse,Cooperative,2025-01-16,1764.5,0.49,864.6,33.86,774.49,56.25,14.22,0.47,0.02
5441,13642,Potato,Russet,Harris-Garcia,Wholesaler,Saxony,Cooperative,2024-12-11,521.1,0.41,213.65,26.51,108.5,78.64,16.31,0.42,-0.01
5442,933,Soybean,Black,"Spears, Wood and Thompson",Retailer,Saxony,Direct,2025-05-02,970.3,0.28,271.68,6.8,193.15,71.73,12.21,0.31,-0.03
5443,13115,Soybean,Black,"Yates, Austin and Clements",Retailer,Saxony,Direct,2024-05-01,369.6,0.67,247.63,14.84,156.32,76.47,10.98,0.65,0.02
5444,11301,Corn,Dent,Salazar-Carter,Wholesaler,Hesse,Cooperative,2025-04-28,1122.6,1.14,1279.76,13.97,1246.77,19.02,6.53,1.09,0.05
5445,9864,Barley,Hulless,Hall-Stewart,Retailer,Bavaria,Cooperative,2024-11-06,814.5,0.73,594.58,23.86,519.56,51.16,6.64,0.72,0.01
5446,13126,Soybean,Yellow,"Randall, Butler and White",Wholesaler,Brandenburg,Online,2024-09-07,706.3,1.33,939.38,2.12,896.6,40.66,8.2,1.44,-0.11
5447,1544,Barley,Hulless,Carroll Group,Retailer,Bavaria,Direct,2025-04-18,1052.9,1.16,1221.36,37.84,1103.16,80.36,13.36,1.28,-0.12
5448,13229,Corn,Sweet,Wilson-Strong,Exporter,Lower Saxony,Direct,2025-05-03,1241.0,0.68,843.88,21.79,748.46,73.63,17.63,0.74,-0.06
5449,10037,Corn,Dent,"Gilbert, Collins and Castro",Retailer,Bavaria,Direct,2025-04-02,640.6,1.38,884.03,5.04,806.11,72.88,20.15,1.32,0.06
5450,1109,Barley,Hulless,"Johnson, Combs and Joseph",Exporter,Hesse,Online,2025-02-19,496.6,0.4,198.64,30.06,88.72,79.86,14.49,0.43,-0.03
5451,13910,Soybean,Yellow,Case PLC,Exporter,Lower Saxony,Online,2024-09-07,1092.3,1.36,1485.53,45.17,1409.6,30.76,6.03,1.49,-0.13
5452,3497,Potato,Red,Wang-Sandoval,Retailer,Bavaria,Direct,2025-04-03,271.0,0.9,243.9,39.41,176.21,28.28,11.84,0.93,-0.03
5453,3899,Potato,Russet,Martin-Smith,Retailer,Bavaria,Cooperative,2025-05-05,1207.9,0.49,591.87,15.49,499.88,76.5,15.31,0.52,-0.03
5454,14311,Soybean,Yellow,Johnson PLC,Retailer,Lower Saxony,Direct,2025-04-30,484.1,1.0,484.1,38.17,435.66,10.27,21.85,1.01,-0.01
5455,2981,Wheat,Emmer,"Oneal, Patrick and Smith",Exporter,Hesse,Direct,2024-07-10,351.7,1.13,397.42,26.64,278.55,92.23,10.76,1.18,-0.05
5456,13720,Corn,Dent,Hurley-Pitts,Exporter,Brandenburg,Direct,2024-10-27,926.3,1.3,1204.19,9.34,1120.49,74.36,22.05,1.33,-0.03
5457,3255,Corn,Sweet,Ramirez-Palmer,Exporter,Saxony,Direct,2025-05-05,563.4,1.12,631.01,3.83,591.75,35.43,14.24,1.17,-0.05
5458,1995,Corn,Dent,"Davis, Edwards and Howard",Wholesaler,Saxony,Direct,2024-10-16,1713.2,1.29,2210.03,47.78,2095.48,66.77,20.55,1.27,0.02
5459,8145,Soybean,Yellow,Brown-Anderson,Exporter,Hesse,Cooperative,2025-04-22,250.5,0.98,245.49,14.02,161.44,70.03,15.16,1.0,-0.02
5460,10892,Potato,Russet,Mason and Sons,Retailer,Saxony,Direct,2025-05-05,1411.7,0.43,607.03,32.99,479.58,94.46,23.06,0.41,0.02
5461,1164,Barley,Hulless,"Jones, Wallace and Walker",Wholesaler,Saxony,Cooperative,2025-05-05,1462.5,0.67,979.88,24.08,893.03,62.77,19.23,0.63,0.04
5462,10053,Wheat,Durum,Bass Inc,Retailer,Saxony,Cooperative,2024-08-26,790.2,0.42,331.88,28.22,254.08,49.58,9.61,0.43,-0.01
5463,11509,Potato,Red,"Wallace, Small and King",Retailer,Bavaria,Cooperative,2025-05-04,365.9,0.86,314.67,22.64,277.94,14.09,10.44,0.82,0.04
5464,6458,Soybean,Black,Thomas-Henry,Wholesaler,Saxony,Cooperative,2025-05-05,1964.8,0.78,1532.54,20.68,1433.15,78.71,22.34,0.75,0.03
5465,5992,Wheat,Durum,"Smith, Hamilton and Hill",Wholesaler,Hesse,Direct,2025-05-05,1209.0,0.97,1172.73,41.85,1107.28,23.6,21.89,1.04,-0.07
5466,6845,Soybean,Yellow,Rice LLC,Retailer,Hesse,Direct,2025-04-19,1267.0,1.17,1482.39,40.16,1342.45,99.78,8.78,1.1,0.07
5467,13840,Barley,Hulled,Brady-Lewis,Exporter,Lower Saxony,Direct,2025-03-21,1468.9,0.7,1028.23,4.36,954.0,69.87,16.14,0.68,0.02
5468,3213,Corn,Sweet,"Lynch, Watson and Little",Retailer,Lower Saxony,Online,2025-05-05,875.4,0.66,577.76,20.07,495.43,62.26,23.63,0.64,0.02
5469,7001,Potato,Russet,Le-Davis,Exporter,Bavaria,Cooperative,2025-05-05,1122.4,1.42,1593.81,5.61,1552.87,35.33,11.0,1.36,0.06
5470,1912,Barley,Hulless,Scott and Sons,Wholesaler,Brandenburg,Online,2024-08-13,1728.1,0.37,639.4,10.62,544.04,84.74,21.03,0.4,-0.03
5471,13939,Wheat,Emmer,Davis LLC,Wholesaler,Hesse,Online,2025-02-02,313.9,1.31,411.21,41.03,286.85,83.33,6.36,1.38,-0.07
5472,14064,Potato,Red,"Rodriguez, Gordon and Smith",Retailer,Saxony,Cooperative,2025-02-11,617.8,0.53,327.43,40.04,188.72,98.67,16.78,0.49,0.04
5473,1408,Barley,Hulled,Gomez Group,Wholesaler,Hesse,Direct,2024-12-10,947.3,1.54,1458.84,47.28,1387.94,23.62,21.74,1.47,0.07
5474,7589,Corn,Sweet,Hill-Johnson,Retailer,Brandenburg,Cooperative,2025-05-05,1926.4,1.35,2600.64,21.93,2528.95,49.76,15.25,1.44,-0.09
5475,5240,Wheat,Durum,"Ellis, Marsh and Daniels",Retailer,Saxony,Direct,2025-02-25,1380.7,1.06,1463.54,19.73,1398.51,45.3,20.78,1.07,-0.01
5476,13274,Soybean,Black,Kramer Group,Exporter,Lower Saxony,Cooperative,2024-11-20,1286.3,1.32,1697.92,23.31,1614.54,60.07,8.14,1.33,-0.01
5477,13849,Wheat,Emmer,Neal and Sons,Retailer,Lower Saxony,Cooperative,2024-12-02,1599.7,0.97,1551.71,3.56,1490.88,57.27,20.85,1.01,-0.04
5478,10711,Soybean,Yellow,"Bush, Frederick and Fitzpatrick",Wholesaler,Hesse,Cooperative,2025-05-05,506.3,1.33,673.38,17.67,620.31,35.4,9.36,1.36,-0.03
5479,10253,Wheat,Emmer,Rogers LLC,Exporter,Lower Saxony,Online,2025-02-10,1716.2,1.03,1767.69,30.55,1638.43,98.71,21.58,0.95,0.08
5480,4095,Corn,Dent,Ball Ltd,Exporter,Hesse,Online,2025-04-05,1195.7,0.89,1064.17,6.64,1033.84,23.69,22.42,0.96,-0.07
5481,10753,Soybean,Black,"Alvarado, Weaver and Herring",Retailer,Saxony,Direct,2025-05-05,1022.6,0.73,746.5,40.28,638.84,67.38,16.37,0.8,-0.07
5482,4205,Potato,Red,Kennedy Inc,Retailer,Hesse,Direct,2024-12-21,844.8,1.02,861.7,3.49,807.35,50.86,8.7,0.99,0.03
5483,2046,Soybean,Yellow,Cummings Group,Retailer,Hesse,Direct,2025-05-05,594.0,1.41,837.54,41.54,710.72,85.28,5.3,1.34,0.07
5484,2827,Wheat,Durum,Hernandez Ltd,Wholesaler,Brandenburg,Direct,2025-01-05,1991.5,1.27,2529.2,28.42,2465.26,35.52,22.62,1.2,0.07
5485,4255,Barley,Hulless,"Gonzalez, Huffman and Woodward",Wholesaler,Bavaria,Direct,2024-10-28,324.6,0.8,259.68,18.31,151.91,89.46,8.11,0.85,-0.05
5486,13868,Potato,Red,Flores-Stevens,Exporter,Lower Saxony,Direct,2024-12-16,930.3,0.71,660.51,21.23,598.19,41.09,6.42,0.76,-0.05
5487,6144,Corn,Sweet,"Brooks, Ortega and Greene",Retailer,Brandenburg,Direct,2024-11-18,458.8,0.52,238.58,45.63,152.61,40.34,24.76,0.51,0.01
5488,5429,Wheat,Emmer,Huff-Shaw,Exporter,Hesse,Cooperative,2025-02-19,1222.3,0.87,1063.4,48.82,967.53,47.05,13.03,0.89,-0.02
5489,2181,Wheat,Durum,Chen-Lopez,Exporter,Bavaria,Direct,2025-03-08,375.1,1.01,378.85,22.68,284.8,71.37,11.56,1.09,-0.08
5490,8717,Wheat,Emmer,Davis PLC,Wholesaler,Hesse,Online,2025-05-05,314.7,0.73,229.73,19.9,153.01,56.82,23.61,0.73,0.0
5491,365,Barley,Hulless,Garrett-Frederick,Wholesaler,Bavaria,Online,2024-11-30,592.6,0.39,231.11,40.7,134.13,56.28,8.84,0.38,0.01
5492,1103,Soybean,Black,Mullen-Rivera,Retailer,Hesse,Cooperative,2024-01-28,324.4,0.95,308.18,48.97,229.62,29.59,20.02,0.9,0.05
5493,13878,Wheat,Durum,Buck-Howard,Retailer,Brandenburg,Cooperative,2025-05-05,1524.2,1.04,1585.17,43.22,1474.49,67.46,11.12,1.09,-0.05
5494,5293,Wheat,Durum,Brown PLC,Wholesaler,Hesse,Online,2025-04-26,329.0,1.12,368.48,25.21,317.07,26.2,9.96,1.21,-0.09
5495,3914,Soybean,Yellow,Braun LLC,Retailer,Hesse,Cooperative,2025-04-17,1603.2,0.81,1298.59,11.97,1221.68,64.94,18.53,0.81,0.0
5496,12496,Potato,Russet,"Esparza, Colon and Diaz",Exporter,Brandenburg,Online,2025-01-15,1244.1,1.58,1965.68,29.52,1840.47,95.69,5.49,1.47,0.11
5497,1936,Potato,Russet,Gonzalez-Miller,Exporter,Brandenburg,Online,2024-08-19,1530.5,0.91,1392.76,39.54,1278.17,75.05,17.57,0.91,0.0
5498,6628,Potato,Red,Nunez-Olson,Wholesaler,Brandenburg,Online,2024-08-09,1328.0,1.06,1407.68,20.28,1311.7,75.7,19.35,1.18,-0.12
5499,8706,Wheat,Emmer,Garcia and Sons,Exporter,Brandenburg,Direct,2024-06-14,717.8,1.25,897.25,47.87,766.4,82.98,21.7,1.36,-0.11
5500,5619,Corn,Sweet,"Stevenson, Sweeney and Pugh",Retailer,Lower Saxony,Cooperative,2025-02-18,389.1,0.99,385.21,36.7,271.36,77.15,16.27,1.07,-0.08
5501,7783,Soybean,Yellow,Clark-Jackson,Retailer,Lower Saxony,Online,2025-01-27,1306.8,0.53,692.6,20.02,650.69,21.89,10.91,0.54,-0.01
5502,6902,Potato,Red,"Rangel, Lawrence and Douglas",Retailer,Bavaria,Cooperative,2025-05-05,203.0,0.46,93.38,41.96,9.69,41.73,11.07,0.5,-0.04
5503,400,Barley,Hulled,Mora Group,Retailer,Lower Saxony,Cooperative,2025-03-15,260.8,0.76,198.21,31.0,118.32,48.89,13.49,0.76,0.0
5504,13375,Corn,Sweet,Mendoza Group,Wholesaler,Bavaria,Online,2025-01-07,1371.0,0.59,808.89,15.6,707.82,85.47,10.72,0.6,-0.01
5505,7934,Soybean,Black,Martinez Ltd,Exporter,Saxony,Online,2025-03-08,1283.6,0.84,1078.22,7.29,1016.87,54.06,18.33,0.85,-0.01
5506,5675,Barley,Hulled,Brown-Grant,Exporter,Lower Saxony,Cooperative,2025-01-15,1108.0,0.57,631.56,0.9,577.1,53.56,21.31,0.58,-0.01
5507,14823,Corn,Dent,Gould-Green,Retailer,Bavaria,Cooperative,2025-05-01,1677.8,0.98,1644.24,44.79,1586.77,12.68,6.14,1.08,-0.1
5508,7576,Wheat,Emmer,Garcia and Sons,Retailer,Brandenburg,Online,2024-04-23,371.5,0.76,282.34,40.39,167.08,74.87,5.24,0.76,0.0
5509,2503,Barley,Hulless,Williams Inc,Exporter,Lower Saxony,Direct,2025-04-23,1723.3,0.84,1447.57,35.23,1379.64,32.7,6.65,0.87,-0.03
5510,11042,Corn,Sweet,Campbell-Martinez,Wholesaler,Saxony,Online,2025-05-05,1287.6,1.32,1699.63,48.49,1558.59,92.55,16.65,1.36,-0.04
5511,5504,Corn,Sweet,Oconnor Inc,Wholesaler,Brandenburg,Cooperative,2024-06-24,946.2,0.94,889.43,5.34,796.48,87.61,10.56,1.02,-0.08
5512,3233,Corn,Dent,Sims LLC,Wholesaler,Hesse,Direct,2024-11-03,1135.8,0.62,704.2,14.71,667.86,21.63,12.09,0.62,0.0
5513,11430,Barley,Hulled,"Phillips, Castillo and Osborne",Exporter,Saxony,Cooperative,2025-05-05,799.7,1.14,911.66,15.31,871.47,24.88,14.89,1.04,0.1
5514,3379,Corn,Dent,Morgan Inc,Wholesaler,Lower Saxony,Cooperative,2024-10-12,1523.5,0.33,502.76,37.79,367.11,97.86,14.78,0.35,-0.02
5515,6812,Wheat,Emmer,"Cowan, Day and Rodriguez",Retailer,Bavaria,Direct,2025-04-22,1985.6,1.39,2759.98,1.93,2676.09,81.96,17.63,1.33,0.06
5516,9339,Barley,Hulless,Rice Ltd,Retailer,Hesse,Online,2025-03-09,1546.2,0.62,958.64,11.41,878.86,68.37,6.21,0.61,0.01
5517,6168,Barley,Hulled,"Brown, Taylor and Ball",Exporter,Saxony,Direct,2025-03-05,1268.7,0.52,659.72,15.84,602.76,41.12,22.09,0.53,-0.01
5518,14640,Barley,Hulled,Brown-Williams,Exporter,Bavaria,Cooperative,2024-10-20,1484.1,0.85,1261.48,8.21,1232.35,20.92,12.74,0.94,-0.09
5519,12812,Wheat,Durum,"Bradshaw, Gonzalez and Bryant",Exporter,Saxony,Direct,2024-10-05,1056.5,0.84,887.46,37.36,838.18,11.92,12.38,0.79,0.05
5520,1231,Wheat,Emmer,Dougherty Group,Exporter,Lower Saxony,Online,2025-03-29,310.8,0.54,167.83,13.31,97.11,57.41,16.71,0.54,0.0
5521,9249,Soybean,Yellow,"Bond, Riddle and Morrow",Wholesaler,Brandenburg,Online,2025-05-05,1428.0,0.46,656.88,16.35,567.81,72.72,9.04,0.49,-0.03
5522,1861,Corn,Dent,Mercado-Hawkins,Retailer,Bavaria,Cooperative,2025-02-06,1701.0,0.85,1445.85,19.3,1388.66,37.89,12.19,0.93,-0.08
5523,6032,Barley,Hulless,Stephenson-Moreno,Exporter,Bavaria,Direct,2025-01-15,1073.3,0.63,676.18,25.14,624.18,26.86,24.6,0.58,0.05
5524,8143,Soybean,Yellow,"Buckley, Newman and Wilson",Wholesaler,Brandenburg,Cooperative,2024-08-08,1973.5,0.61,1203.84,31.43,1096.99,75.42,12.68,0.67,-0.06
5525,7616,Potato,Russet,"Allen, Bender and Long",Retailer,Hesse,Cooperative,2025-05-05,295.3,1.12,330.74,36.64,274.81,19.29,11.62,1.19,-0.07
5526,3999,Barley,Hulless,Harris-Warren,Wholesaler,Saxony,Cooperative,2024-11-06,481.7,0.78,375.73,11.08,279.73,84.92,10.97,0.77,0.01
5527,12214,Potato,Red,Johnson PLC,Exporter,Brandenburg,Online,2025-03-31,1286.2,0.77,990.37,3.61,969.47,17.29,15.02,0.82,-0.05
5528,13178,Soybean,Black,Miller PLC,Wholesaler,Saxony,Cooperative,2024-08-19,1588.1,1.25,1985.12,9.48,1878.13,97.51,8.56,1.22,0.03
5529,14899,Potato,Red,Underwood-Russo,Wholesaler,Hesse,Cooperative,2025-02-25,999.9,0.87,869.91,43.76,769.54,56.61,18.53,0.89,-0.02
5530,4632,Wheat,Durum,Welch-Waters,Wholesaler,Brandenburg,Cooperative,2025-05-05,1046.3,0.56,585.93,2.31,564.16,19.46,12.02,0.54,0.02
5531,419,Potato,Red,Watson Group,Wholesaler,Hesse,Online,2024-11-07,1177.2,1.01,1188.97,23.09,1142.93,22.95,5.72,1.07,-0.06
5532,9892,Soybean,Black,Warner and Sons,Retailer,Lower Saxony,Cooperative,2024-04-20,938.2,1.16,1088.31,35.66,1016.69,35.96,7.93,1.18,-0.02
5533,7967,Corn,Dent,Brown PLC,Wholesaler,Lower Saxony,Cooperative,2025-01-13,1542.4,0.87,1341.89,35.58,1251.29,55.02,14.64,0.82,0.05
5534,1854,Wheat,Emmer,"Johnson, Moore and Martinez",Wholesaler,Saxony,Direct,2024-10-31,762.7,1.21,922.87,11.32,893.98,17.57,19.94,1.2,0.01
5535,3046,Wheat,Emmer,Hicks PLC,Exporter,Brandenburg,Direct,2025-03-29,718.7,1.11,797.76,8.18,764.55,25.03,11.84,1.14,-0.03
5536,6036,Potato,Red,"Hess, Morales and Kirk",Wholesaler,Hesse,Online,2023-09-18,1263.9,0.61,770.98,27.13,696.25,47.6,10.15,0.57,0.04
5537,2334,Barley,Hulled,Wiley Ltd,Retailer,Saxony,Direct,2024-05-02,1512.7,0.39,589.95,35.75,489.05,65.15,14.2,0.38,0.01
5538,13661,Corn,Dent,Ramirez Inc,Exporter,Bavaria,Direct,2025-04-09,1312.0,0.44,577.28,37.25,450.93,89.1,17.51,0.42,0.02
5539,3341,Potato,Red,"Finley, Peterson and Hamilton",Wholesaler,Lower Saxony,Direct,2025-03-24,1456.7,0.45,655.52,4.74,554.19,96.59,7.61,0.44,0.01
5540,5417,Corn,Sweet,"Cooper, Potts and Torres",Exporter,Brandenburg,Direct,2025-05-05,1862.0,1.36,2532.32,19.37,2426.29,86.66,11.13,1.29,0.07
5541,1612,Corn,Dent,Weber-Johnson,Retailer,Brandenburg,Direct,2025-05-05,1523.3,1.39,2117.39,34.75,2040.36,42.28,9.96,1.27,0.12
5542,14150,Corn,Dent,Mcdowell-Howell,Wholesaler,Saxony,Online,2025-05-04,1241.2,0.76,943.31,36.87,852.0,54.44,19.06,0.79,-0.03
5543,6403,Corn,Sweet,"Doyle, Hill and Ryan",Retailer,Saxony,Online,2024-06-08,1891.2,0.73,1380.58,44.4,1278.75,57.43,24.08,0.68,0.05
5544,9498,Corn,Sweet,"Howe, Hayes and Miranda",Wholesaler,Saxony,Direct,2025-05-05,583.2,1.32,769.82,2.84,730.55,36.43,21.43,1.36,-0.04
5545,550,Potato,Russet,"Anderson, Adams and Benton",Retailer,Saxony,Cooperative,2025-01-19,739.3,1.08,798.44,24.37,699.67,74.4,11.72,1.05,0.03
5546,9276,Potato,Red,Jones-Carpenter,Retailer,Lower Saxony,Cooperative,2025-05-05,767.8,0.75,575.85,10.45,513.92,51.48,18.13,0.81,-0.06
5547,9859,Barley,Hulled,Little-Dudley,Wholesaler,Lower Saxony,Direct,2025-05-05,856.3,1.06,907.68,23.01,827.7,56.97,13.0,1.01,0.05
5548,340,Wheat,Emmer,"Pham, Williams and Ross",Exporter,Brandenburg,Cooperative,2024-01-22,206.7,1.15,237.7,21.73,153.22,62.75,14.55,1.19,-0.04
5549,4615,Corn,Dent,Russo PLC,Retailer,Saxony,Online,2023-12-03,1046.3,0.48,502.22,31.36,427.84,43.02,5.84,0.47,0.01
5550,2208,Corn,Dent,"Thompson, Taylor and Farrell",Exporter,Brandenburg,Direct,2024-04-13,1726.4,1.3,2244.32,32.63,2187.87,23.82,24.95,1.2,0.1
5551,1070,Potato,Russet,Sawyer-Martinez,Exporter,Bavaria,Online,2024-02-16,1663.6,0.77,1280.97,14.55,1217.84,48.58,23.41,0.76,0.01
5552,419,Potato,Red,"Heath, Green and Hudson",Wholesaler,Hesse,Cooperative,2024-10-21,1391.5,1.02,1419.33,3.23,1344.67,71.43,24.2,1.07,-0.05
5553,5231,Barley,Hulled,Tyler and Sons,Wholesaler,Bavaria,Online,2025-05-05,1070.8,1.34,1434.87,11.18,1368.83,54.86,10.79,1.32,0.02
5554,1727,Barley,Hulless,Bullock-Wallace,Retailer,Bavaria,Direct,2025-02-18,1658.1,0.34,563.75,16.64,481.15,65.96,19.01,0.33,0.01
5555,6565,Barley,Hulless,"May, Gaines and Jones",Exporter,Lower Saxony,Cooperative,2024-12-08,252.6,0.46,116.2,27.66,40.25,48.29,19.92,0.45,0.01
5556,305,Soybean,Yellow,Cameron PLC,Retailer,Bavaria,Direct,2025-05-05,409.5,0.34,139.23,14.04,82.58,42.61,10.51,0.34,0.0
5557,4271,Wheat,Emmer,Norman Inc,Wholesaler,Bavaria,Direct,2025-04-24,723.5,0.63,455.8,35.47,326.65,93.68,18.59,0.63,0.0
5558,14598,Soybean,Black,Porter-Robles,Exporter,Bavaria,Cooperative,2025-01-23,328.3,1.06,348.0,26.28,304.78,16.94,8.23,1.16,-0.1
5559,14115,Barley,Hulless,"Stevenson, Hernandez and Patterson",Wholesaler,Bavaria,Direct,2025-01-24,483.2,0.94,454.21,37.72,368.98,47.51,21.03,0.9,0.04
5560,834,Potato,Red,Best-Hall,Exporter,Brandenburg,Cooperative,2025-03-24,337.8,1.06,358.07,43.81,247.95,66.31,5.89,1.13,-0.07
5561,12236,Barley,Hulless,Pope-Walker,Exporter,Saxony,Cooperative,2025-04-09,383.6,0.65,249.34,28.23,149.23,71.88,24.01,0.69,-0.04
5562,14232,Barley,Hulless,"Hogan, Huffman and Henry",Wholesaler,Bavaria,Direct,2024-07-29,1468.0,1.35,1981.8,2.98,1942.6,36.22,7.01,1.24,0.11
5563,1919,Soybean,Black,Wolfe-Shaw,Exporter,Lower Saxony,Cooperative,2025-02-22,507.5,0.92,466.9,27.52,363.61,75.77,20.67,0.97,-0.05
5564,13365,Barley,Hulless,Ray Ltd,Exporter,Lower Saxony,Cooperative,2024-11-02,394.8,1.06,418.49,34.29,299.18,85.02,16.1,1.18,-0.12
5565,982,Potato,Russet,Grant and Sons,Exporter,Saxony,Direct,2025-04-10,536.1,1.24,664.76,5.65,628.49,30.62,16.09,1.16,0.08
5566,1961,Corn,Dent,Gibson-Nguyen,Exporter,Bavaria,Direct,2025-01-04,754.4,0.36,271.58,0.45,183.21,87.92,14.05,0.37,-0.01
5567,13729,Soybean,Black,Lee Group,Retailer,Lower Saxony,Cooperative,2024-11-18,919.6,0.96,882.82,23.89,798.66,60.27,12.05,0.88,0.08
5568,4638,Barley,Hulled,Jackson-Brown,Retailer,Lower Saxony,Direct,2025-05-05,1677.4,0.93,1559.98,16.73,1497.03,46.22,20.22,0.88,0.05
5569,11312,Soybean,Yellow,Smith Group,Wholesaler,Saxony,Direct,2025-04-16,687.8,1.54,1059.21,12.72,1000.78,45.71,8.92,1.42,0.12
5570,13742,Corn,Sweet,Jenkins Inc,Wholesaler,Lower Saxony,Cooperative,2025-02-28,418.7,0.39,163.29,29.23,71.46,62.6,18.13,0.4,-0.01
5571,4527,Corn,Dent,Hunt PLC,Exporter,Hesse,Cooperative,2025-05-05,1819.1,1.22,2219.3,39.91,2090.81,88.58,11.16,1.34,-0.12
5572,12099,Wheat,Durum,Wolfe-Robinson,Retailer,Lower Saxony,Direct,2025-02-09,827.9,1.21,1001.76,31.2,937.61,32.95,14.93,1.16,0.05
5573,2585,Barley,Hulless,Wright Group,Wholesaler,Hesse,Online,2025-02-22,1563.3,0.49,766.02,36.95,684.69,44.38,24.05,0.45,0.04
5574,98,Barley,Hulless,Peters Ltd,Wholesaler,Bavaria,Online,2025-05-05,1692.0,1.29,2182.68,36.9,2050.55,95.23,19.41,1.2,0.09
5575,13831,Corn,Dent,Bennett-Rodriguez,Wholesaler,Bavaria,Cooperative,2024-07-07,364.9,0.48,175.15,39.05,99.23,36.87,12.72,0.5,-0.02
5576,12160,Soybean,Yellow,"Carlson, Nicholson and Hale",Exporter,Brandenburg,Online,2025-02-24,626.9,0.86,539.13,20.87,501.1,17.16,7.13,0.84,0.02
5577,7378,Potato,Russet,Monroe Inc,Exporter,Hesse,Direct,2025-05-05,822.7,0.43,353.76,9.16,293.84,50.76,22.56,0.43,0.0
5578,9542,Corn,Sweet,Scott LLC,Exporter,Saxony,Direct,2025-05-05,1538.3,1.13,1738.28,1.09,1662.41,74.78,5.16,1.19,-0.06
5579,3753,Corn,Sweet,"Lewis, West and Dixon",Wholesaler,Saxony,Cooperative,2024-01-16,620.2,1.22,756.64,41.98,656.86,57.8,14.1,1.32,-0.1
5580,12489,Barley,Hulless,"Wells, Odonnell and Davis",Wholesaler,Brandenburg,Cooperative,2025-03-03,1065.1,0.4,426.04,11.34,373.86,40.84,24.61,0.42,-0.02
5581,4113,Potato,Red,"Adams, Martinez and Nicholson",Wholesaler,Bavaria,Direct,2024-07-12,1466.3,0.31,454.55,19.21,369.51,65.83,14.36,0.32,-0.01
5582,10641,Barley,Hulled,Meyer-Alvarez,Retailer,Lower Saxony,Direct,2025-04-11,1277.8,0.87,1111.69,12.59,1068.4,30.7,21.74,0.94,-0.07
5583,6768,Soybean,Black,"York, Bailey and Bailey",Retailer,Hesse,Cooperative,2025-04-08,489.2,1.18,577.26,20.33,543.32,13.61,15.85,1.2,-0.02
5584,14490,Barley,Hulless,"Deleon, Bennett and Richards",Wholesaler,Lower Saxony,Cooperative,2025-03-08,1703.9,0.53,903.07,42.43,835.98,24.66,6.78,0.49,0.04
5585,10986,Corn,Sweet,"Hernandez, Jackson and Haas",Wholesaler,Brandenburg,Online,2025-05-05,1203.2,0.99,1191.17,3.24,1102.58,85.35,14.5,1.01,-0.02
5586,9469,Barley,Hulled,Turner LLC,Exporter,Brandenburg,Cooperative,2025-05-05,362.7,0.39,141.45,1.53,77.07,62.85,5.17,0.39,0.0
5587,13068,Corn,Dent,Goodwin-Barron,Retailer,Bavaria,Cooperative,2025-01-25,363.5,1.22,443.47,49.29,363.03,31.15,18.33,1.21,0.01
5588,13195,Wheat,Emmer,Allison Inc,Retailer,Bavaria,Direct,2025-03-04,604.3,1.05,634.52,4.76,552.78,76.98,22.69,0.99,0.06
5589,10438,Potato,Red,Davis PLC,Wholesaler,Hesse,Cooperative,2025-04-10,218.9,0.64,140.1,19.48,91.53,29.09,19.11,0.64,0.0
5590,1503,Soybean,Yellow,Nash-Evans,Wholesaler,Lower Saxony,Cooperative,2025-05-05,1745.0,0.33,575.85,28.95,476.0,70.9,19.81,0.31,0.02
5591,8487,Soybean,Yellow,"Mercado, Collins and Nichols",Wholesaler,Hesse,Direct,2025-02-13,1331.7,0.9,1198.53,19.71,1146.23,32.59,5.46,0.95,-0.05
5592,5700,Potato,Red,Jones Group,Exporter,Bavaria,Cooperative,2025-04-17,1678.2,0.73,1225.09,19.64,1109.98,95.47,15.78,0.76,-0.03
5593,2585,Barley,Hulless,Hill-Grant,Exporter,Bavaria,Cooperative,2024-08-13,990.7,0.45,445.82,22.46,352.29,71.07,20.16,0.45,0.0
5594,14113,Wheat,Durum,"Hernandez, Mitchell and Spencer",Wholesaler,Hesse,Cooperative,2025-05-05,1857.8,1.29,2396.56,21.4,2286.76,88.4,18.82,1.36,-0.07
5595,13703,Soybean,Black,Lynch-Griffin,Retailer,Brandenburg,Cooperative,2024-07-13,705.0,1.39,979.95,5.34,891.36,83.25,11.65,1.4,-0.01
5596,2274,Soybean,Yellow,Rivera Group,Exporter,Brandenburg,Direct,2025-04-07,218.4,0.69,150.7,16.44,111.86,22.4,15.25,0.76,-0.07
5597,2596,Corn,Dent,Davis and Sons,Wholesaler,Brandenburg,Direct,2024-09-09,1642.1,1.15,1888.41,28.3,1837.29,22.82,11.72,1.24,-0.09
5598,2245,Potato,Russet,Fox-Francis,Exporter,Bavaria,Online,2025-05-05,905.1,0.86,778.39,24.47,667.47,86.45,11.98,0.81,0.05
5599,5332,Wheat,Durum,Bentley Group,Exporter,Saxony,Online,2025-02-27,770.9,0.35,269.82,2.82,244.25,22.75,8.71,0.34,0.01
5600,1401,Wheat,Emmer,Miller and Sons,Retailer,Hesse,Online,2024-07-08,747.7,1.26,942.1,9.49,857.41,75.2,7.93,1.3,-0.04
5601,3642,Soybean,Black,"Hernandez, Jackson and Simpson",Wholesaler,Brandenburg,Direct,2025-04-29,809.0,0.55,444.95,26.0,335.05,83.9,11.27,0.55,0.0
5602,9096,Soybean,Yellow,Howell-Stewart,Retailer,Saxony,Online,2024-08-28,1649.9,1.41,2326.36,47.11,2252.97,26.28,10.75,1.36,0.05
5603,2672,Barley,Hulled,"Floyd, Fisher and Harris",Retailer,Brandenburg,Cooperative,2025-03-05,1028.9,0.9,926.01,28.15,820.42,77.44,13.9,0.95,-0.05
5604,13887,Barley,Hulless,"Holloway, Smith and Ryan",Retailer,Lower Saxony,Direct,2023-11-09,654.3,1.28,837.5,14.02,800.42,23.06,17.24,1.35,-0.07
5605,13966,Potato,Red,"Thompson, Pace and Williams",Wholesaler,Lower Saxony,Direct,2024-07-24,1625.1,1.37,2226.39,28.34,2177.15,20.9,23.73,1.42,-0.05
5606,12941,Corn,Sweet,"Foster, Walsh and Haas",Exporter,Brandenburg,Direct,2025-01-03,549.2,0.82,450.34,43.29,308.92,98.13,12.27,0.91,-0.09
5607,14497,Barley,Hulled,Miller-Smith,Retailer,Lower Saxony,Online,2024-05-27,1576.8,0.42,662.26,25.98,624.35,11.93,12.1,0.39,0.03
5608,7180,Barley,Hulled,Lee-Hunt,Exporter,Hesse,Cooperative,2024-10-13,1774.0,0.43,762.82,7.69,681.31,73.82,14.33,0.42,0.01
5609,6940,Potato,Red,Mathis Inc,Exporter,Hesse,Direct,2025-04-23,1375.6,0.95,1306.82,26.17,1231.22,49.43,12.64,0.9,0.05
5610,5885,Corn,Dent,Clark-French,Exporter,Brandenburg,Direct,2025-05-05,645.5,0.9,580.95,4.75,485.41,90.79,16.83,1.0,-0.1
5611,9108,Soybean,Black,Gray-Aguirre,Exporter,Bavaria,Direct,2024-08-10,1599.6,0.42,671.83,1.51,636.29,34.03,24.15,0.43,-0.01
5612,12712,Corn,Dent,"Yates, Perez and Wood",Wholesaler,Brandenburg,Cooperative,2025-05-04,1324.6,0.37,490.1,18.32,397.86,73.92,17.49,0.34,0.03
5613,14445,Barley,Hulled,"Delacruz, Gates and Harrison",Exporter,Lower Saxony,Cooperative,2025-01-24,1625.6,1.22,1983.23,20.38,1880.58,82.27,9.8,1.24,-0.02
5614,8113,Corn,Sweet,"Horn, Butler and Riley",Exporter,Brandenburg,Direct,2025-03-24,1790.7,1.29,2310.0,13.64,2205.59,90.77,19.72,1.27,0.02
5615,1120,Soybean,Yellow,Woods-Barrera,Exporter,Lower Saxony,Direct,2025-02-05,264.9,0.44,116.56,41.85,62.72,11.99,15.57,0.44,0.0
5616,12043,Corn,Dent,Peterson-Miller,Exporter,Bavaria,Direct,2024-07-18,997.4,0.68,678.23,15.58,632.82,29.83,21.33,0.63,0.05
5617,9724,Soybean,Black,"Luna, Marshall and Williams",Wholesaler,Saxony,Cooperative,2025-04-01,1493.9,0.8,1195.12,26.87,1154.79,13.46,21.05,0.75,0.05
5618,2149,Potato,Russet,Castro PLC,Retailer,Bavaria,Cooperative,2025-01-18,1998.2,1.03,2058.15,32.27,1967.98,57.9,18.14,1.02,0.01
5619,1776,Potato,Russet,Byrd-Hall,Retailer,Bavaria,Cooperative,2024-06-04,1669.8,0.36,601.13,47.01,489.03,65.09,13.7,0.33,0.03
5620,1570,Wheat,Durum,Torres-Taylor,Exporter,Lower Saxony,Cooperative,2025-04-22,586.5,0.41,240.46,43.29,157.04,40.13,19.26,0.44,-0.03
5621,12981,Corn,Sweet,"Ibarra, Frank and Perez",Exporter,Bavaria,Cooperative,2025-04-27,1927.7,1.18,2274.69,31.92,2223.55,19.22,13.09,1.24,-0.06
5622,11139,Soybean,Black,"Harris, Beck and Hahn",Retailer,Hesse,Online,2025-02-03,514.3,1.38,709.73,27.04,617.93,64.76,7.13,1.29,0.09
5623,5827,Soybean,Black,Sloan Ltd,Exporter,Bavaria,Direct,2025-05-05,1164.6,1.05,1222.83,45.58,1149.86,27.39,20.28,0.98,0.07
5624,425,Barley,Hulless,Evans Group,Retailer,Bavaria,Online,2025-04-22,359.0,0.63,226.17,16.66,115.91,93.6,10.98,0.62,0.01
5625,5670,Wheat,Emmer,Patterson Ltd,Exporter,Lower Saxony,Cooperative,2025-01-30,1801.9,1.42,2558.7,42.17,2425.26,91.27,10.15,1.45,-0.03
5626,10682,Corn,Sweet,Nichols PLC,Wholesaler,Hesse,Cooperative,2024-09-29,638.1,0.73,465.81,37.7,364.54,63.57,19.54,0.8,-0.07
5627,8398,Soybean,Black,"Martin, Phillips and Lam",Wholesaler,Bavaria,Direct,2025-03-29,1200.2,1.48,1776.3,12.42,1744.08,19.8,18.37,1.42,0.06
5628,1107,Corn,Dent,"Wallace, Mayer and Mitchell",Wholesaler,Bavaria,Direct,2025-04-16,840.1,0.58,487.26,42.16,385.48,59.62,7.73,0.54,0.04
5629,320,Corn,Dent,"Garcia, Clark and Watson",Exporter,Saxony,Direct,2024-08-12,934.4,0.59,551.3,15.96,513.73,21.61,11.64,0.61,-0.02
5630,9665,Corn,Dent,"Lee, Burgess and Morris",Wholesaler,Brandenburg,Direct,2025-03-30,852.3,0.6,511.38,10.06,428.69,72.63,15.88,0.56,0.04
5631,8317,Barley,Hulled,Finley LLC,Wholesaler,Saxony,Online,2025-05-05,1881.7,1.15,2163.96,29.46,2099.21,35.29,20.89,1.16,-0.01
5632,10970,Corn,Sweet,Curtis LLC,Retailer,Hesse,Online,2025-01-01,630.6,0.85,536.01,33.38,491.08,11.55,15.84,0.77,0.08
5633,7660,Barley,Hulled,Tanner-Tate,Wholesaler,Bavaria,Cooperative,2024-11-06,379.3,1.05,398.27,12.07,330.72,55.48,11.81,1.14,-0.09
5634,6000,Barley,Hulless,Harvey Ltd,Retailer,Saxony,Cooperative,2024-07-04,1324.3,0.65,860.8,37.54,759.37,63.89,15.59,0.7,-0.05
5635,9970,Barley,Hulless,"Ortiz, Pace and Todd",Wholesaler,Brandenburg,Direct,2025-05-05,442.2,1.08,477.58,10.52,436.35,30.71,6.98,1.05,0.03
5636,7146,Corn,Dent,Hull-Alexander,Retailer,Bavaria,Direct,2024-06-25,437.9,1.13,494.83,19.98,400.99,73.86,16.8,1.13,0.0
5637,806,Soybean,Yellow,"Price, Gamble and Spears",Retailer,Brandenburg,Cooperative,2024-04-16,1619.6,1.13,1830.15,28.45,1702.58,99.12,6.5,1.1,0.03
5638,8653,Wheat,Emmer,"Smith, Peterson and Fry",Wholesaler,Saxony,Cooperative,2024-11-30,459.9,0.4,183.96,6.46,119.72,57.78,20.53,0.42,-0.02
5639,2874,Soybean,Yellow,"Williamson, Woods and Bradley",Exporter,Hesse,Online,2025-03-15,1330.0,0.39,518.7,46.87,417.61,54.22,21.39,0.43,-0.04
5640,13456,Barley,Hulled,"Molina, Fisher and Bailey",Exporter,Lower Saxony,Cooperative,2024-05-04,808.0,0.71,573.68,41.57,446.33,85.78,14.47,0.78,-0.07
5641,6130,Potato,Russet,Harris Ltd,Exporter,Saxony,Online,2025-04-04,861.7,1.2,1034.04,29.06,956.26,48.72,18.09,1.16,0.04
5642,10069,Corn,Dent,"Jimenez, Nash and Schroeder",Wholesaler,Bavaria,Online,2025-04-08,241.6,0.46,111.14,34.18,63.27,13.69,17.28,0.42,0.04
5643,5875,Barley,Hulless,"Thomas, Russell and Robinson",Retailer,Bavaria,Cooperative,2025-04-22,754.9,0.52,392.55,7.99,338.38,46.18,21.18,0.58,-0.06
5644,5436,Soybean,Black,Lewis Group,Retailer,Brandenburg,Online,2025-01-11,1509.6,0.46,694.42,44.52,588.65,61.25,15.09,0.51,-0.05
5645,6753,Barley,Hulled,"Cannon, Barajas and Wilkinson",Exporter,Bavaria,Cooperative,2025-05-05,227.1,0.43,97.65,18.39,42.63,36.63,24.8,0.45,-0.02
5646,3364,Corn,Sweet,Brown-Edwards,Exporter,Bavaria,Direct,2024-02-09,1728.7,1.3,2247.31,43.01,2191.17,13.13,6.32,1.26,0.04
5647,2213,Corn,Dent,Johnson Inc,Wholesaler,Lower Saxony,Online,2025-05-05,1657.8,0.98,1624.64,8.97,1519.45,96.22,24.41,0.91,0.07
5648,12317,Corn,Sweet,Butler LLC,Wholesaler,Hesse,Cooperative,2024-02-25,1664.1,1.25,2080.12,7.98,2054.61,17.53,21.04,1.37,-0.12
5649,5257,Wheat,Durum,"Collins, Johnson and Merritt",Retailer,Bavaria,Cooperative,2024-08-13,1311.0,1.36,1782.96,25.37,1742.99,14.6,17.27,1.33,0.03
5650,4360,Corn,Dent,Jones-Coleman,Exporter,Lower Saxony,Cooperative,2025-01-22,1997.9,1.44,2876.98,20.04,2839.5,17.44,6.67,1.41,0.03
5651,5327,Corn,Dent,Klein-Chandler,Wholesaler,Hesse,Direct,2025-04-22,1221.4,0.62,757.27,46.09,647.87,63.31,22.08,0.68,-0.06
5652,11252,Wheat,Durum,Murphy-Thompson,Retailer,Bavaria,Online,2024-07-29,1426.0,0.76,1083.76,36.1,977.74,69.92,11.93,0.69,0.07
5653,6727,Corn,Dent,Watson-Zuniga,Wholesaler,Saxony,Direct,2025-04-19,1115.1,0.91,1014.74,1.98,937.19,75.57,22.21,0.97,-0.06
5654,7102,Barley,Hulless,"Mitchell, White and Jackson",Exporter,Brandenburg,Cooperative,2024-12-11,506.2,1.11,561.88,25.72,494.28,41.88,13.19,1.05,0.06
5655,14430,Corn,Sweet,Dunn-Fisher,Retailer,Brandenburg,Direct,2024-09-13,841.9,0.8,673.52,20.26,596.0,57.26,22.05,0.79,0.01
5656,4797,Corn,Dent,Payne Inc,Retailer,Saxony,Direct,2025-03-15,285.8,1.17,334.39,46.53,201.21,86.65,23.58,1.26,-0.09
5657,10668,Barley,Hulled,Contreras Group,Retailer,Saxony,Cooperative,2024-05-28,516.0,1.08,557.28,49.18,470.92,37.18,16.67,1.15,-0.07
5658,6453,Soybean,Black,"Morales, Rodriguez and Haley",Exporter,Saxony,Direct,2025-02-09,1340.3,0.65,871.2,4.28,789.3,77.62,21.35,0.6,0.05
5659,14567,Soybean,Yellow,Pollard PLC,Wholesaler,Saxony,Direct,2025-01-05,1198.7,1.38,1654.21,8.73,1548.44,97.04,23.64,1.3,0.08
5660,5936,Soybean,Black,Clark-Mcgee,Exporter,Brandenburg,Cooperative,2025-05-05,990.2,0.68,673.34,15.27,577.5,80.57,19.81,0.71,-0.03
5661,7971,Wheat,Emmer,"Hernandez, Cooper and Owen",Retailer,Lower Saxony,Cooperative,2025-02-13,1862.7,0.77,1434.28,1.02,1343.95,89.31,19.47,0.77,0.0
5662,9209,Soybean,Yellow,Mccall PLC,Wholesaler,Hesse,Online,2025-05-03,1725.0,0.85,1466.25,38.4,1369.81,58.04,7.97,0.79,0.06
5663,11635,Wheat,Durum,"Russell, Aguilar and Horton",Exporter,Saxony,Direct,2024-09-11,878.6,0.65,571.09,23.58,488.66,58.85,13.72,0.71,-0.06
5664,12920,Potato,Russet,Garcia-Hill,Wholesaler,Lower Saxony,Cooperative,2024-10-13,1578.6,0.31,489.37,40.38,386.84,62.15,11.33,0.3,0.01
5665,3270,Corn,Dent,"Smith, Smith and Henry",Exporter,Brandenburg,Direct,2025-03-15,1537.6,0.59,907.18,43.0,825.74,38.44,14.55,0.63,-0.04
5666,5208,Barley,Hulled,"Hall, Burch and Savage",Retailer,Hesse,Direct,2025-05-05,1323.3,1.45,1918.78,4.44,1892.75,21.59,6.19,1.4,0.05
5667,11838,Wheat,Emmer,Keller Inc,Exporter,Hesse,Online,2024-10-08,1905.6,0.36,686.02,14.69,643.57,27.76,24.04,0.36,0.0
5668,8173,Corn,Dent,Mcguire-Barnes,Retailer,Brandenburg,Direct,2025-02-23,845.7,0.59,498.96,28.27,408.66,62.03,5.5,0.62,-0.03
5669,9220,Corn,Dent,Francis Inc,Exporter,Brandenburg,Cooperative,2023-12-13,1552.0,0.99,1536.48,0.52,1523.52,12.44,6.49,0.96,0.03
5670,13888,Wheat,Durum,Hardy-Davidson,Wholesaler,Saxony,Cooperative,2025-04-01,395.1,0.97,383.25,8.48,312.96,61.81,9.95,1.02,-0.05
5671,4141,Potato,Red,"Sullivan, Owens and Smith",Retailer,Bavaria,Online,2024-07-25,685.6,0.99,678.74,33.18,622.5,23.06,14.29,1.01,-0.02
5672,12525,Potato,Red,Garcia-Davenport,Retailer,Brandenburg,Direct,2025-05-05,1645.4,0.32,526.53,41.92,464.76,19.85,18.64,0.35,-0.03
5673,8638,Wheat,Emmer,"Bell, Hays and Garcia",Exporter,Brandenburg,Cooperative,2025-05-05,1126.7,0.3,338.01,13.91,271.13,52.97,5.39,0.33,-0.03
5674,12255,Potato,Russet,"Holt, Garcia and Jones",Retailer,Hesse,Cooperative,2024-11-07,849.0,0.82,696.18,49.5,554.71,91.97,12.75,0.9,-0.08
5675,339,Barley,Hulless,Scott-Henderson,Retailer,Saxony,Direct,2025-02-09,1720.7,1.3,2236.91,3.47,2137.48,95.96,16.68,1.32,-0.02
5676,10479,Soybean,Black,Fisher-Roberts,Exporter,Hesse,Online,2025-04-29,849.1,0.66,560.41,15.95,497.11,47.35,18.56,0.65,0.01
5677,12565,Potato,Red,Lowe-Shaw,Wholesaler,Hesse,Online,2025-03-27,1818.1,0.91,1654.47,28.82,1549.61,76.04,23.01,0.88,0.03
5678,10703,Barley,Hulless,Murray PLC,Wholesaler,Saxony,Online,2025-01-29,1397.3,0.95,1327.44,5.92,1279.14,42.38,17.3,1.02,-0.07
5679,6927,Wheat,Emmer,Parker and Sons,Exporter,Hesse,Direct,2025-01-30,619.3,0.51,315.84,44.52,177.24,94.08,15.75,0.52,-0.01
5680,14565,Wheat,Durum,Ellis Inc,Exporter,Brandenburg,Cooperative,2025-05-05,1965.0,0.97,1906.05,28.5,1837.67,39.88,12.27,0.97,0.0
5681,11759,Wheat,Durum,Berg and Sons,Wholesaler,Saxony,Cooperative,2025-04-22,1109.2,0.4,443.68,0.45,348.65,94.58,14.99,0.44,-0.04
5682,658,Potato,Red,Santos-Wong,Wholesaler,Hesse,Cooperative,2025-05-05,1500.8,0.75,1125.6,22.55,1077.9,25.15,16.07,0.82,-0.07
5683,1912,Barley,Hulless,Williamson-Jackson,Exporter,Bavaria,Direct,2025-02-10,443.7,0.4,177.48,23.72,65.47,88.29,19.04,0.4,0.0
5684,11938,Soybean,Black,"Adams, Reed and Ramirez",Exporter,Hesse,Online,2024-09-27,1131.1,1.27,1436.5,48.02,1360.48,28.0,17.01,1.21,0.06
5685,122,Potato,Red,Potter Inc,Retailer,Bavaria,Online,2025-04-18,1147.5,1.1,1262.25,42.02,1184.02,36.21,5.45,1.19,-0.09
5686,7536,Soybean,Yellow,Williams LLC,Wholesaler,Hesse,Online,2024-12-15,813.9,1.36,1106.9,48.33,983.09,75.48,5.17,1.3,0.06
5687,10670,Wheat,Emmer,Parker-Le,Wholesaler,Lower Saxony,Direct,2025-05-05,1091.1,1.5,1636.65,1.41,1606.24,29.0,14.34,1.39,0.11
5688,3848,Corn,Sweet,"Ochoa, Taylor and Lawrence",Wholesaler,Hesse,Online,2025-03-17,1125.7,0.64,720.45,42.46,634.17,43.82,18.97,0.59,0.05
5689,6396,Corn,Sweet,Ponce Group,Retailer,Brandenburg,Online,2024-05-11,946.6,0.87,823.54,4.99,781.38,37.17,12.11,0.91,-0.04
5690,5328,Soybean,Yellow,Pham-Orr,Wholesaler,Brandenburg,Direct,2025-05-04,1204.1,0.68,818.79,46.7,672.13,99.96,14.56,0.64,0.04
5691,3319,Wheat,Emmer,Dominguez Group,Exporter,Lower Saxony,Direct,2025-01-15,838.7,0.93,779.99,27.19,663.85,88.95,13.62,0.97,-0.04
5692,1940,Wheat,Emmer,Liu-Miller,Wholesaler,Hesse,Cooperative,2025-05-03,539.5,1.32,712.14,26.68,623.13,62.33,20.73,1.33,-0.01
5693,5395,Potato,Red,Mcdowell LLC,Exporter,Bavaria,Cooperative,2024-10-30,1345.6,0.87,1170.67,38.0,1044.34,88.33,10.04,0.94,-0.07
5694,7645,Corn,Dent,"Simmons, Serrano and Young",Wholesaler,Lower Saxony,Online,2024-02-10,811.6,0.77,624.93,7.31,545.76,71.86,15.97,0.81,-0.04
5695,13485,Corn,Dent,"Mitchell, Lee and Johnson",Exporter,Lower Saxony,Cooperative,2025-04-02,266.2,0.66,175.69,46.07,97.19,32.43,20.29,0.73,-0.07
5696,2478,Corn,Sweet,"Gardner, Smith and Steele",Exporter,Lower Saxony,Cooperative,2025-04-12,1481.9,0.81,1200.34,11.8,1154.77,33.77,13.94,0.81,0.0
5697,226,Corn,Dent,Edwards Group,Retailer,Hesse,Online,2025-02-05,436.3,0.97,423.21,11.93,371.73,39.55,5.89,0.88,0.09
5698,11798,Corn,Dent,"Jones, Jordan and Wilson",Exporter,Bavaria,Online,2025-04-12,854.5,0.87,743.42,31.48,665.5,46.44,20.88,0.81,0.06
5699,11179,Barley,Hulless,Reynolds-Smith,Wholesaler,Lower Saxony,Online,2025-02-10,219.6,1.0,219.6,37.95,149.91,31.74,17.57,0.95,0.05
5700,6130,Potato,Russet,Thomas Ltd,Retailer,Hesse,Direct,2024-12-11,656.7,1.16,761.77,43.97,644.11,73.69,12.01,1.16,0.0
5701,14792,Wheat,Durum,"Church, Evans and Murillo",Retailer,Brandenburg,Direct,2024-06-28,1781.0,0.32,569.92,39.03,461.38,69.51,22.56,0.33,-0.01
5702,11215,Potato,Red,Clark Ltd,Exporter,Bavaria,Direct,2024-12-16,552.2,1.08,596.38,41.58,521.93,32.87,14.38,1.17,-0.09
5703,2128,Barley,Hulless,Davis Group,Retailer,Bavaria,Online,2025-05-05,715.8,1.06,758.75,10.17,737.07,11.51,19.17,1.02,0.04
5704,11518,Soybean,Yellow,Snyder Ltd,Retailer,Brandenburg,Online,2025-04-26,1013.5,0.4,405.4,27.65,308.99,68.76,5.01,0.42,-0.02
5705,6422,Soybean,Black,"Daniels, Johnson and Smith",Wholesaler,Hesse,Cooperative,2024-10-31,1669.9,0.43,718.06,21.23,643.08,53.75,5.95,0.42,0.01
5706,855,Barley,Hulless,Brooks PLC,Wholesaler,Bavaria,Direct,2025-02-21,1936.1,1.08,2090.99,42.94,2025.82,22.23,16.15,1.0,0.08
5707,12094,Barley,Hulled,Brock Inc,Retailer,Lower Saxony,Direct,2025-05-05,663.2,1.15,762.68,3.85,711.82,47.01,14.76,1.13,0.02
5708,6769,Corn,Sweet,Woods-Madden,Wholesaler,Bavaria,Direct,2025-04-03,885.3,0.82,725.95,20.35,619.64,85.96,8.76,0.87,-0.05
5709,3726,Potato,Red,"Thomas, Rios and Malone",Exporter,Bavaria,Direct,2024-06-26,1223.8,0.73,893.37,47.31,816.58,29.48,22.9,0.67,0.06
5710,4565,Corn,Sweet,Richmond-Underwood,Wholesaler,Hesse,Cooperative,2023-11-16,1023.9,1.02,1044.38,27.28,1000.31,16.79,22.38,1.1,-0.08
5711,3266,Barley,Hulless,Hahn-Thomas,Wholesaler,Brandenburg,Online,2024-10-28,200.6,0.47,94.28,4.51,42.73,47.04,17.88,0.49,-0.02
5712,14649,Wheat,Emmer,Butler LLC,Exporter,Bavaria,Online,2024-06-21,1719.3,0.5,859.65,19.91,742.48,97.26,12.97,0.5,0.0
5713,14678,Soybean,Black,"Chung, Williams and Taylor",Exporter,Bavaria,Online,2024-07-28,1661.5,0.34,564.91,36.96,428.14,99.81,16.21,0.35,-0.01
5714,2760,Barley,Hulless,Reyes LLC,Retailer,Brandenburg,Cooperative,2023-12-05,1936.2,1.47,2846.21,18.63,2808.13,19.45,11.73,1.4,0.07
5715,4731,Soybean,Yellow,Silva Ltd,Exporter,Hesse,Cooperative,2025-04-19,1477.9,0.37,546.82,46.83,484.25,15.74,5.65,0.36,0.01
5716,10072,Corn,Dent,Johnson Group,Retailer,Bavaria,Online,2025-05-05,830.4,0.6,498.24,0.52,465.43,32.29,20.3,0.55,0.05
5717,4539,Potato,Red,"Smith, Carter and Collins",Retailer,Brandenburg,Cooperative,2024-10-16,994.2,0.45,447.39,43.2,357.73,46.46,15.85,0.45,0.0
5718,13574,Potato,Russet,Duncan PLC,Wholesaler,Saxony,Direct,2024-06-12,1960.8,1.35,2647.08,3.94,2574.81,68.33,16.56,1.23,0.12
5719,5089,Soybean,Yellow,Rogers PLC,Exporter,Bavaria,Direct,2025-04-10,1164.4,0.39,454.12,21.69,345.58,86.85,5.17,0.39,0.0
5720,14216,Corn,Dent,"Maxwell, Holt and Harvey",Retailer,Hesse,Direct,2025-05-03,250.5,0.73,182.86,44.48,46.73,91.65,10.64,0.7,0.03
5721,1314,Soybean,Black,Wilson-Collins,Exporter,Hesse,Cooperative,2024-08-04,1278.2,1.15,1469.93,15.22,1402.89,51.82,6.36,1.27,-0.12
5722,5693,Potato,Red,"Murray, Burton and Marshall",Wholesaler,Bavaria,Online,2024-10-29,1397.7,0.61,852.6,25.31,733.15,94.14,9.98,0.65,-0.04
5723,7296,Barley,Hulless,Velazquez LLC,Retailer,Hesse,Direct,2024-11-18,702.8,1.15,808.22,20.97,712.23,75.02,14.67,1.16,-0.01
5724,10529,Corn,Dent,Herrera-Bush,Wholesaler,Hesse,Direct,2025-01-19,400.4,1.29,516.52,23.68,444.01,48.83,7.62,1.35,-0.06
5725,4602,Barley,Hulless,Reynolds Ltd,Wholesaler,Saxony,Cooperative,2025-03-31,1892.4,0.34,643.42,46.76,539.21,57.45,21.23,0.36,-0.02
5726,375,Corn,Dent,"Cooper, Phillips and Garza",Retailer,Saxony,Online,2025-04-26,1854.1,1.08,2002.43,12.31,1914.7,75.42,22.58,1.02,0.06
5727,9369,Potato,Russet,Morgan-Garcia,Wholesaler,Saxony,Online,2025-02-10,1741.8,0.44,766.39,20.07,661.53,84.79,16.62,0.42,0.02
5728,11049,Corn,Dent,Pace-Cisneros,Exporter,Bavaria,Cooperative,2025-01-24,544.2,0.91,495.22,14.66,417.03,63.53,21.65,0.93,-0.02
5729,11982,Soybean,Black,Allen LLC,Retailer,Bavaria,Direct,2025-05-05,596.5,1.0,596.5,47.31,495.45,53.74,9.59,1.08,-0.08
5730,11924,Potato,Russet,Combs Inc,Wholesaler,Brandenburg,Direct,2025-05-05,1870.0,1.18,2206.6,36.24,2096.02,74.34,18.72,1.09,0.09
5731,11274,Soybean,Black,"Curtis, Johnson and Ortiz",Wholesaler,Hesse,Direct,2025-04-21,1909.4,1.28,2444.03,2.38,2395.55,46.1,10.08,1.28,0.0
5732,6909,Potato,Red,"Olson, Fischer and Gray",Exporter,Saxony,Direct,2024-08-17,940.5,0.9,846.45,7.48,745.17,93.8,13.94,0.89,0.01
5733,1284,Potato,Red,Escobar-Hoover,Wholesaler,Lower Saxony,Online,2025-03-28,1954.1,0.94,1836.85,0.91,1799.39,36.55,14.09,1.0,-0.06
5734,2746,Barley,Hulled,"Russell, Bird and Allen",Retailer,Hesse,Cooperative,2025-01-10,880.2,0.49,431.3,21.32,377.32,32.66,14.24,0.46,0.03
5735,14257,Soybean,Yellow,"Phillips, Anderson and Drake",Wholesaler,Bavaria,Direct,2025-01-24,1470.0,0.57,837.9,21.91,734.09,81.9,15.37,0.52,0.05
5736,3666,Wheat,Durum,Thomas Ltd,Retailer,Saxony,Cooperative,2025-05-04,1224.1,0.48,587.57,3.07,487.65,96.85,12.84,0.49,-0.01
5737,2228,Wheat,Emmer,"Hall, Sparks and Hayes",Retailer,Hesse,Direct,2025-01-12,225.8,0.48,108.38,1.23,88.21,18.94,17.37,0.52,-0.04
5738,14578,Potato,Red,French and Sons,Retailer,Bavaria,Cooperative,2024-08-13,446.3,0.57,254.39,37.63,163.22,53.54,20.1,0.62,-0.05
5739,14447,Soybean,Yellow,Fitzpatrick-Merritt,Exporter,Saxony,Direct,2024-03-06,1021.4,0.6,612.84,37.59,505.36,69.89,19.62,0.61,-0.01
5740,9219,Wheat,Durum,"Whitehead, Buchanan and Arnold",Exporter,Brandenburg,Cooperative,2025-05-05,1192.4,0.89,1061.24,4.3,1010.21,46.73,6.17,0.97,-0.08
5741,5678,Barley,Hulled,"Castillo, Montgomery and Powers",Wholesaler,Hesse,Online,2025-05-05,1066.9,0.75,800.18,8.57,752.14,39.47,10.0,0.73,0.02
5742,9604,Wheat,Emmer,Miller-Campbell,Retailer,Bavaria,Direct,2024-10-21,1037.6,1.25,1297.0,19.69,1233.47,43.84,5.19,1.16,0.09
5743,2564,Wheat,Durum,Cooper-Rivera,Wholesaler,Saxony,Direct,2024-12-05,1678.8,0.82,1376.62,23.6,1293.75,59.27,21.95,0.8,0.02
5744,3710,Potato,Red,Harmon-Ballard,Retailer,Saxony,Online,2025-02-03,1102.5,0.9,992.25,40.31,926.7,25.24,23.41,0.92,-0.02
5745,3652,Corn,Dent,George-Ford,Retailer,Bavaria,Online,2025-05-05,1875.5,0.69,1294.09,37.13,1158.14,98.82,15.72,0.69,0.0
5746,10733,Soybean,Black,"Pugh, Lara and Daniels",Exporter,Hesse,Cooperative,2024-05-09,1718.2,1.0,1718.2,29.13,1598.45,90.62,22.56,1.09,-0.09
5747,8877,Potato,Red,"Valenzuela, Bell and Brown",Wholesaler,Brandenburg,Cooperative,2025-03-13,580.9,0.3,174.27,38.96,84.28,51.03,15.24,0.32,-0.02
5748,14665,Wheat,Emmer,"Davis, Adams and Turner",Exporter,Saxony,Direct,2025-04-18,372.2,0.71,264.26,32.5,182.78,48.98,17.64,0.73,-0.02
5749,10056,Corn,Sweet,"Torres, Watkins and Anthony",Exporter,Bavaria,Online,2025-03-16,1240.4,1.48,1835.79,26.11,1753.61,56.07,9.15,1.36,0.12
5750,5414,Soybean,Yellow,"Miller, Campbell and Hayes",Exporter,Brandenburg,Online,2024-11-12,1361.2,0.97,1320.36,12.09,1281.78,26.49,19.36,0.99,-0.02
5751,13775,Barley,Hulless,"Rodgers, Mckay and Gomez",Exporter,Bavaria,Online,2025-02-09,1216.0,0.57,693.12,29.59,581.94,81.59,7.38,0.52,0.05
5752,3249,Soybean,Black,"Williams, Mitchell and Rogers",Wholesaler,Saxony,Online,2025-05-05,842.2,1.3,1094.86,17.26,1052.43,25.17,16.4,1.23,0.07
5753,8679,Potato,Russet,"Krueger, Spencer and Marshall",Retailer,Saxony,Direct,2025-04-18,810.6,1.05,851.13,3.19,767.32,80.62,14.06,0.97,0.08
5754,4022,Potato,Red,Savage PLC,Wholesaler,Brandenburg,Cooperative,2025-04-26,970.9,0.76,737.88,21.63,693.69,22.56,19.95,0.72,0.04
5755,12505,Soybean,Yellow,Swanson Group,Wholesaler,Hesse,Online,2025-05-05,1662.3,1.0,1662.3,37.45,1576.11,48.74,9.2,1.03,-0.03
5756,14057,Wheat,Durum,Armstrong-Lowe,Exporter,Hesse,Online,2024-11-07,1870.6,1.4,2618.84,37.21,2516.2,65.43,23.51,1.42,-0.02
5757,56,Wheat,Emmer,"Martin, Cook and Garrett",Wholesaler,Brandenburg,Direct,2025-02-24,1446.2,1.35,1952.37,49.83,1845.42,57.12,7.04,1.24,0.11
5758,6284,Wheat,Durum,Watson Ltd,Wholesaler,Lower Saxony,Cooperative,2025-05-05,1205.8,0.43,518.49,26.62,419.56,72.31,9.38,0.41,0.02
5759,2200,Soybean,Yellow,Jones-Boyd,Retailer,Bavaria,Cooperative,2025-01-03,1034.9,1.33,1376.42,47.89,1298.7,29.83,20.98,1.23,0.1
5760,10479,Soybean,Black,"Beck, Robertson and Conley",Retailer,Bavaria,Cooperative,2025-05-01,1788.3,0.65,1162.4,16.83,1131.95,13.62,18.12,0.65,0.0
5761,7544,Corn,Dent,"Stevenson, Harris and Cooper",Wholesaler,Hesse,Direct,2024-06-05,1494.5,1.0,1494.5,11.73,1456.34,26.43,13.57,1.08,-0.08
5762,31,Corn,Dent,Snyder Inc,Retailer,Hesse,Cooperative,2025-05-04,857.8,1.09,935.0,33.84,848.03,53.13,16.99,1.15,-0.06
5763,13069,Barley,Hulless,"Lee, Murray and Brown",Wholesaler,Brandenburg,Online,2025-02-03,1156.2,0.8,924.96,40.83,846.78,37.35,22.41,0.86,-0.06
5764,4266,Soybean,Black,Fowler-West,Retailer,Hesse,Cooperative,2025-02-27,697.2,0.58,404.38,14.77,327.88,61.73,11.87,0.64,-0.06
5765,4730,Barley,Hulless,"Valdez, Bishop and Smith",Exporter,Saxony,Cooperative,2025-05-02,1601.0,1.04,1665.04,40.18,1561.34,63.52,6.2,0.95,0.09
5766,12968,Barley,Hulless,"Morales, Lewis and Thomas",Retailer,Saxony,Direct,2025-03-02,703.0,0.61,428.83,39.09,362.86,26.88,23.5,0.63,-0.02
5767,8402,Wheat,Emmer,Anderson-Anderson,Exporter,Hesse,Direct,2024-11-23,1004.9,0.3,301.47,21.2,189.33,90.94,16.46,0.33,-0.03
5768,5942,Wheat,Emmer,"Allen, Davis and Lawson",Retailer,Saxony,Direct,2025-04-25,1552.9,1.49,2313.82,36.13,2204.58,73.11,23.68,1.42,0.07
5769,1055,Corn,Sweet,"Cline, Wright and Payne",Wholesaler,Saxony,Cooperative,2024-06-27,1444.4,0.69,996.64,30.55,881.08,85.01,7.35,0.67,0.02
5770,5486,Wheat,Durum,"Johnson, Davis and Wilson",Exporter,Brandenburg,Online,2024-12-01,494.9,0.86,425.61,31.56,298.78,95.27,11.56,0.9,-0.04
5771,3289,Barley,Hulless,Jackson-Powell,Exporter,Lower Saxony,Cooperative,2025-01-02,1321.6,1.39,1837.02,16.18,1761.99,58.85,21.1,1.39,0.0
5772,9814,Corn,Dent,Edwards Group,Wholesaler,Lower Saxony,Online,2024-11-21,365.9,0.31,113.43,17.65,63.21,32.57,7.11,0.31,0.0
5773,11548,Barley,Hulled,Johnson-Perry,Wholesaler,Saxony,Online,2025-01-24,1322.9,0.67,886.34,5.11,820.05,61.18,22.6,0.63,0.04
5774,79,Corn,Dent,Tucker-Rollins,Retailer,Lower Saxony,Direct,2025-04-21,500.1,1.14,570.11,47.19,443.52,79.4,23.62,1.25,-0.11
5775,13162,Corn,Sweet,"Kim, King and Hall",Exporter,Lower Saxony,Cooperative,2024-07-04,1400.7,1.25,1750.88,39.94,1646.16,64.78,23.87,1.21,0.04
5776,5776,Wheat,Emmer,Patterson LLC,Wholesaler,Hesse,Cooperative,2025-04-12,816.9,0.99,808.73,35.84,740.01,32.88,17.22,0.94,0.05
5777,4366,Barley,Hulled,"Soto, Reyes and Diaz",Exporter,Brandenburg,Cooperative,2024-09-04,1997.7,1.16,2317.33,9.44,2239.3,68.59,22.52,1.12,0.04
5778,10824,Corn,Dent,Mendoza Ltd,Exporter,Lower Saxony,Direct,2024-08-05,947.2,0.7,663.04,2.79,571.45,88.8,8.66,0.64,0.06
5779,3835,Soybean,Yellow,Bishop LLC,Exporter,Hesse,Online,2025-03-14,1644.0,1.18,1939.92,47.34,1877.28,15.3,17.15,1.08,0.1
5780,6065,Wheat,Emmer,Spencer Group,Retailer,Lower Saxony,Cooperative,2025-05-05,973.2,0.6,583.92,7.2,534.27,42.45,19.01,0.63,-0.03
5781,4675,Corn,Dent,Gordon-Walker,Exporter,Brandenburg,Cooperative,2024-10-14,369.5,0.67,247.57,9.74,185.61,52.22,16.1,0.67,0.0
5782,5390,Soybean,Yellow,Hayes-Garcia,Exporter,Brandenburg,Direct,2024-11-07,1212.5,1.21,1467.12,9.2,1369.24,88.68,6.03,1.16,0.05
5783,9566,Soybean,Black,"Cunningham, Lee and Johnson",Retailer,Brandenburg,Direct,2025-02-02,1568.4,0.8,1254.72,43.26,1138.72,72.74,16.98,0.84,-0.04
5784,6610,Wheat,Durum,Torres and Sons,Wholesaler,Saxony,Cooperative,2025-05-05,318.1,1.06,337.19,36.5,227.82,72.87,22.02,1.04,0.02
5785,11786,Barley,Hulless,"Coleman, Jackson and Adams",Wholesaler,Bavaria,Cooperative,2024-04-04,1067.9,1.18,1260.12,37.46,1130.99,91.67,5.6,1.24,-0.06
5786,6986,Soybean,Yellow,"Pierce, Butler and Morales",Wholesaler,Bavaria,Online,2025-05-05,1458.7,1.1,1604.57,49.23,1486.98,68.36,21.21,1.17,-0.07
5787,9718,Corn,Sweet,"Parker, Collins and Pennington",Exporter,Saxony,Cooperative,2025-03-07,1218.7,1.43,1742.74,29.73,1616.57,96.44,18.85,1.43,0.0
5788,14613,Soybean,Yellow,Quinn LLC,Retailer,Hesse,Direct,2025-05-05,280.6,0.97,272.18,13.3,191.45,67.43,9.13,1.07,-0.1
5789,11875,Potato,Red,Wright-Davis,Retailer,Hesse,Direct,2024-12-11,1541.5,1.45,2235.17,7.03,2156.73,71.41,11.42,1.48,-0.03
5790,14033,Soybean,Yellow,Lewis Inc,Exporter,Brandenburg,Direct,2024-05-22,667.9,1.38,921.7,29.95,794.28,97.47,22.83,1.33,0.05
5791,13282,Soybean,Black,Thompson-Hunt,Wholesaler,Saxony,Direct,2024-10-03,1885.6,1.47,2771.83,38.92,2666.43,66.48,20.68,1.38,0.09
5792,852,Potato,Red,Young Inc,Wholesaler,Lower Saxony,Online,2025-05-05,986.0,1.48,1459.28,43.2,1327.07,89.01,24.14,1.5,-0.02
5793,2347,Wheat,Emmer,"Brooks, Ware and Davis",Exporter,Bavaria,Online,2024-08-16,1108.9,1.16,1286.32,6.64,1260.91,18.77,13.4,1.13,0.03
5794,4711,Wheat,Durum,Ray LLC,Exporter,Saxony,Online,2025-03-26,782.9,1.34,1049.09,47.16,946.98,54.95,14.93,1.49,-0.15
5795,13831,Corn,Dent,"Nguyen, Hardin and Wheeler",Exporter,Lower Saxony,Direct,2024-04-19,1319.8,0.46,607.11,30.75,554.96,21.4,13.37,0.5,-0.04
5796,2327,Soybean,Black,Benson Ltd,Retailer,Brandenburg,Online,2024-09-24,1907.6,0.75,1430.7,0.07,1337.5,93.13,11.93,0.73,0.02
5797,10022,Barley,Hulless,"Bond, Hayes and Brown",Retailer,Hesse,Online,2025-03-13,1266.0,0.97,1228.02,13.77,1147.83,66.42,13.07,1.02,-0.05
5798,9698,Potato,Russet,"Munoz, Mata and Smith",Retailer,Lower Saxony,Online,2024-03-19,1199.6,0.73,875.71,41.06,747.52,87.13,22.79,0.73,0.0
5799,13725,Soybean,Black,"Phillips, Howell and Johnson",Exporter,Bavaria,Online,2024-11-12,1148.7,0.47,539.89,26.72,471.49,41.68,13.04,0.45,0.02
5800,4658,Soybean,Yellow,Hardin-Stout,Wholesaler,Lower Saxony,Online,2024-08-15,489.2,0.9,440.28,18.24,401.49,20.55,17.37,0.85,0.05
5801,6159,Barley,Hulled,Schultz-Rosario,Exporter,Brandenburg,Direct,2024-11-28,1547.1,0.59,912.79,6.56,862.97,43.26,17.13,0.57,0.02
5802,1579,Potato,Red,Taylor Inc,Wholesaler,Hesse,Cooperative,2025-05-01,1292.6,0.76,982.38,17.93,868.51,95.94,22.06,0.77,-0.01
5803,91,Potato,Russet,Atkinson and Sons,Exporter,Brandenburg,Online,2024-11-19,485.6,1.01,490.46,23.29,395.34,71.83,6.33,1.12,-0.11
5804,1962,Barley,Hulless,Anderson PLC,Wholesaler,Hesse,Cooperative,2025-03-20,1342.6,1.01,1356.03,13.42,1262.89,79.72,10.12,1.11,-0.1
5805,4301,Potato,Red,Frazier-Roberts,Retailer,Lower Saxony,Online,2025-04-27,1707.5,1.11,1895.33,15.59,1835.25,44.49,15.51,1.08,0.03
5806,10668,Barley,Hulled,Bailey-Hudson,Wholesaler,Lower Saxony,Direct,2024-12-01,1223.9,1.24,1517.64,44.48,1429.17,43.99,10.82,1.15,0.09
5807,12939,Potato,Red,Greene-Ayers,Retailer,Bavaria,Online,2025-03-14,1919.7,0.44,844.67,1.72,813.57,29.38,15.23,0.43,0.01
5808,11494,Corn,Sweet,Walker Inc,Exporter,Hesse,Cooperative,2024-02-03,300.2,0.78,234.16,17.87,160.0,56.29,22.62,0.77,0.01
5809,9577,Wheat,Emmer,Richards LLC,Retailer,Lower Saxony,Online,2024-10-20,1238.2,1.02,1262.96,38.84,1134.37,89.75,11.17,0.99,0.03
5810,2049,Barley,Hulled,"Sanford, Prince and Gonzales",Wholesaler,Lower Saxony,Cooperative,2025-01-11,1300.1,1.36,1768.14,43.25,1689.01,35.88,17.65,1.43,-0.07
5811,7843,Corn,Dent,Mcdowell-Scott,Exporter,Saxony,Cooperative,2024-12-31,1319.7,0.52,686.24,29.71,601.63,54.9,9.23,0.57,-0.05
5812,14374,Soybean,Black,Cox Ltd,Retailer,Bavaria,Online,2025-03-01,1600.2,1.26,2016.25,16.35,1913.87,86.03,15.6,1.37,-0.11
5813,8752,Potato,Red,Moore-Robertson,Wholesaler,Brandenburg,Online,2025-05-05,1961.9,0.4,784.76,17.66,680.16,86.94,5.22,0.41,-0.01
5814,10363,Corn,Sweet,Williams Inc,Wholesaler,Saxony,Direct,2025-03-09,1792.8,0.65,1165.32,27.02,1105.09,33.21,22.97,0.68,-0.03
5815,10204,Wheat,Emmer,"Gregory, Frost and Cobb",Retailer,Saxony,Direct,2025-02-16,1549.1,1.31,2029.32,8.59,1967.11,53.62,17.94,1.45,-0.14
5816,4789,Barley,Hulled,Smith PLC,Wholesaler,Brandenburg,Direct,2024-09-26,1179.7,1.23,1451.03,25.56,1411.77,13.7,17.14,1.13,0.1
5817,11987,Barley,Hulled,"Cardenas, Jackson and Johnson",Wholesaler,Hesse,Online,2025-01-07,1792.6,1.09,1953.93,48.72,1822.92,82.29,17.73,1.11,-0.02
5818,9503,Corn,Dent,"Mccall, Patrick and Williams",Wholesaler,Lower Saxony,Online,2024-09-09,462.0,0.37,170.94,14.36,104.6,51.98,8.1,0.34,0.03
5819,3379,Corn,Dent,Henson Inc,Wholesaler,Bavaria,Online,2024-06-20,1414.6,0.34,480.96,15.45,426.41,39.1,23.84,0.35,-0.01
5820,7691,Wheat,Durum,"Frazier, Murphy and Flynn",Wholesaler,Lower Saxony,Online,2025-03-29,1591.1,1.28,2036.61,12.28,1960.91,63.42,17.5,1.34,-0.06
5821,7373,Potato,Russet,Mills Inc,Wholesaler,Bavaria,Cooperative,2024-11-20,1680.1,0.55,924.06,45.3,832.18,46.58,9.42,0.57,-0.02
5822,5544,Soybean,Black,"May, Doyle and Moyer",Wholesaler,Brandenburg,Online,2025-04-25,267.9,0.61,163.42,41.02,79.94,42.46,10.01,0.63,-0.02
5823,13914,Potato,Russet,"Hester, Blankenship and Miller",Exporter,Bavaria,Online,2024-12-06,898.5,0.58,521.13,46.8,422.71,51.62,13.99,0.54,0.04
5824,10105,Wheat,Durum,Watson LLC,Wholesaler,Hesse,Direct,2025-05-05,1531.0,1.03,1576.93,31.67,1451.93,93.33,7.6,1.09,-0.06
5825,499,Wheat,Emmer,"Jackson, Carr and James",Retailer,Lower Saxony,Direct,2025-04-13,1002.0,0.78,781.56,29.17,732.26,20.13,13.28,0.77,0.01
5826,303,Soybean,Black,"Small, Francis and Keller",Retailer,Bavaria,Direct,2025-05-05,789.7,1.21,955.54,44.91,815.65,94.98,10.38,1.15,0.06
5827,12882,Corn,Dent,Austin and Sons,Retailer,Bavaria,Online,2024-10-16,1335.2,1.16,1548.83,42.06,1487.27,19.5,12.59,1.16,0.0
5828,9895,Barley,Hulled,Morgan Inc,Wholesaler,Brandenburg,Online,2024-12-21,1349.0,1.36,1834.64,28.25,1776.19,30.2,6.2,1.31,0.05
5829,6037,Barley,Hulless,Collins-Murphy,Retailer,Bavaria,Online,2024-07-09,1096.1,1.14,1249.55,34.1,1129.22,86.23,9.93,1.16,-0.02
5830,9275,Wheat,Emmer,Mccormick LLC,Retailer,Saxony,Direct,2024-02-17,1151.6,0.73,840.67,39.32,745.83,55.52,9.69,0.81,-0.08
5831,4890,Barley,Hulled,Wilson and Sons,Wholesaler,Brandenburg,Online,2024-03-19,1132.6,0.85,962.71,8.57,862.21,91.93,9.84,0.94,-0.09
5832,12610,Potato,Red,Lopez-Long,Wholesaler,Hesse,Cooperative,2025-04-05,1250.6,0.43,537.76,2.18,480.43,55.15,16.25,0.42,0.01
5833,1174,Soybean,Black,Jones Group,Retailer,Brandenburg,Direct,2025-02-07,1518.9,1.24,1883.44,49.94,1746.15,87.35,10.89,1.33,-0.09
5834,5942,Wheat,Emmer,Nielsen LLC,Retailer,Hesse,Cooperative,2025-01-23,399.4,1.54,615.08,33.16,564.4,17.52,9.67,1.42,0.12
5835,5076,Barley,Hulled,Ramirez-Cunningham,Retailer,Brandenburg,Online,2025-05-03,1357.7,1.58,2145.17,49.44,2021.34,74.39,17.78,1.5,0.08
5836,8893,Barley,Hulled,"Hunt, Brooks and Murphy",Wholesaler,Bavaria,Cooperative,2024-07-28,1245.4,0.57,709.88,4.45,611.17,94.26,17.33,0.57,0.0
5837,1534,Soybean,Black,Moreno-Smith,Exporter,Bavaria,Cooperative,2025-04-26,1442.4,1.21,1745.3,16.28,1651.96,77.06,19.66,1.17,0.04
5838,2651,Corn,Sweet,"Mendez, Weber and Barry",Exporter,Brandenburg,Cooperative,2024-07-19,668.6,1.04,695.34,48.68,559.84,86.82,10.07,1.01,0.03
5839,10697,Potato,Red,Bryant-Wells,Retailer,Bavaria,Online,2025-03-08,862.1,1.13,974.17,39.41,846.11,88.65,16.29,1.16,-0.03
5840,3214,Wheat,Emmer,Graham Group,Retailer,Brandenburg,Cooperative,2025-04-01,219.0,1.22,267.18,9.4,194.07,63.71,15.08,1.26,-0.04
5841,6017,Barley,Hulled,Cantu and Sons,Retailer,Bavaria,Online,2025-03-20,904.2,1.23,1112.17,36.93,1019.96,55.28,19.78,1.22,0.01
5842,4606,Potato,Russet,Cole Group,Retailer,Brandenburg,Online,2025-03-30,1044.8,0.75,783.6,21.38,736.58,25.64,5.03,0.72,0.03
5843,8795,Wheat,Emmer,"Lee, Bradford and Simmons",Wholesaler,Lower Saxony,Online,2025-04-24,1923.9,1.38,2654.98,31.78,2547.0,76.2,15.32,1.29,0.09
5844,11384,Corn,Dent,Jones PLC,Wholesaler,Saxony,Cooperative,2025-04-25,545.4,1.33,725.38,45.99,580.37,99.02,15.79,1.42,-0.09
5845,4258,Potato,Russet,"Watts, Marsh and Russell",Exporter,Saxony,Online,2025-04-24,507.3,1.3,659.49,26.46,538.27,94.76,9.63,1.27,0.03
5846,4073,Barley,Hulled,Gamble-Jones,Wholesaler,Bavaria,Direct,2025-01-11,1762.7,1.32,2326.76,36.05,2202.6,88.11,16.39,1.29,0.03
5847,14731,Soybean,Yellow,"Woodward, Lawson and Young",Exporter,Hesse,Cooperative,2024-05-16,1875.7,0.31,581.47,14.0,502.66,64.81,7.67,0.33,-0.02
5848,10141,Corn,Dent,Pierce-Hammond,Exporter,Saxony,Online,2025-03-25,1964.1,1.25,2455.12,7.25,2351.42,96.45,19.13,1.3,-0.05
5849,311,Potato,Red,Rowland-Garcia,Wholesaler,Saxony,Cooperative,2025-04-06,664.9,1.47,977.4,46.49,895.26,35.65,10.74,1.35,0.12
5850,9041,Corn,Sweet,"Garcia, Miller and Hanna",Exporter,Hesse,Direct,2024-07-21,281.5,1.03,289.94,48.02,215.98,25.94,23.65,1.07,-0.04
5851,4321,Soybean,Yellow,Sanders Ltd,Exporter,Brandenburg,Online,2025-01-12,481.9,1.15,554.18,44.34,489.42,20.42,15.21,1.06,0.09
5852,4628,Barley,Hulless,Johnson-Vargas,Wholesaler,Hesse,Direct,2025-05-05,1436.0,1.28,1838.08,48.63,1704.13,85.32,17.25,1.27,0.01
5853,12695,Wheat,Durum,Black-Holmes,Retailer,Hesse,Cooperative,2025-03-11,1703.8,1.31,2231.98,12.02,2180.51,39.45,7.88,1.31,0.0
5854,10475,Wheat,Durum,"Hampton, Santana and Patterson",Retailer,Lower Saxony,Direct,2023-12-01,1873.0,1.19,2228.87,25.84,2155.64,47.39,9.28,1.2,-0.01
5855,8896,Barley,Hulless,Ponce-Allen,Retailer,Lower Saxony,Direct,2025-02-12,984.2,1.03,1013.73,48.33,895.33,70.07,6.95,0.98,0.05
5856,6974,Potato,Russet,Deleon Inc,Wholesaler,Hesse,Cooperative,2024-12-21,1965.1,1.0,1965.1,23.95,1928.47,12.68,22.34,0.92,0.08
5857,12986,Corn,Sweet,"Spears, Schmidt and Adams",Exporter,Brandenburg,Direct,2024-08-28,525.9,0.72,378.65,18.02,277.46,83.17,20.75,0.79,-0.07
5858,9034,Wheat,Durum,Moon-Quinn,Exporter,Saxony,Direct,2025-03-12,1953.8,0.58,1133.2,40.46,996.46,96.28,6.02,0.63,-0.05
5859,10014,Soybean,Black,Gates Ltd,Retailer,Bavaria,Direct,2025-01-18,459.6,1.23,565.31,37.76,474.66,52.89,15.36,1.2,0.03
5860,10647,Barley,Hulless,"Silva, Mcguire and Richards",Retailer,Hesse,Online,2025-05-05,1482.8,0.51,756.23,21.46,635.85,98.92,24.11,0.47,0.04
5861,8670,Soybean,Yellow,White Inc,Retailer,Bavaria,Direct,2025-05-01,540.7,1.51,816.46,18.26,715.06,83.14,14.04,1.44,0.07
5862,3584,Wheat,Durum,Nunez Group,Wholesaler,Lower Saxony,Direct,2025-05-04,602.2,1.01,608.22,2.32,556.19,49.71,13.54,1.03,-0.02
5863,7475,Barley,Hulless,"Ford, Campbell and Cherry",Exporter,Bavaria,Cooperative,2025-05-04,1567.2,1.54,2413.49,35.58,2318.8,59.11,10.09,1.44,0.1
5864,4053,Wheat,Durum,Martinez-Cole,Exporter,Saxony,Direct,2025-05-05,1264.7,0.97,1226.76,7.68,1151.04,68.04,12.72,0.95,0.02
5865,4653,Soybean,Black,"Rodriguez, Nash and Williams",Exporter,Bavaria,Online,2025-04-12,1243.4,0.58,721.17,26.44,655.68,39.05,7.2,0.58,0.0
5866,1333,Barley,Hulless,Murray and Sons,Exporter,Lower Saxony,Direct,2025-04-25,713.1,0.38,270.98,15.3,213.06,42.62,21.25,0.37,0.01
5867,3486,Barley,Hulled,Allen-Monroe,Retailer,Saxony,Online,2025-04-10,272.0,0.71,193.12,39.27,62.12,91.73,8.56,0.72,-0.01
5868,14113,Wheat,Durum,"Thomas, Hoffman and Thompson",Wholesaler,Lower Saxony,Direct,2025-05-05,1106.8,1.39,1538.45,23.76,1430.47,84.22,12.39,1.36,0.03
5869,8347,Soybean,Yellow,Wilson-Williams,Wholesaler,Saxony,Direct,2024-11-26,214.3,1.22,261.45,9.19,232.08,20.18,21.46,1.2,0.02
5870,1550,Potato,Russet,Vazquez and Sons,Retailer,Saxony,Direct,2025-05-05,583.2,0.33,192.46,49.27,47.62,95.57,5.9,0.34,-0.01
5871,5148,Potato,Red,Green-Holloway,Wholesaler,Saxony,Online,2024-11-09,1304.2,1.61,2099.76,23.28,2044.89,31.59,8.51,1.47,0.14
5872,10214,Corn,Sweet,"Scott, Hall and Knight",Retailer,Hesse,Cooperative,2024-12-04,265.4,0.64,169.86,21.7,128.63,19.53,7.25,0.58,0.06
5873,12662,Barley,Hulless,"Fry, Dean and Reese",Exporter,Brandenburg,Direct,2025-04-20,1613.5,1.46,2355.71,28.69,2279.95,47.07,23.85,1.49,-0.03
5874,10904,Barley,Hulless,"Donaldson, Newman and Petty",Retailer,Bavaria,Online,2025-04-19,328.8,0.66,217.01,35.54,143.57,37.9,6.89,0.62,0.04
5875,5919,Wheat,Durum,Cummings and Sons,Wholesaler,Saxony,Online,2025-01-17,1717.1,1.26,2163.55,23.15,2098.27,42.13,15.78,1.25,0.01
5876,7439,Corn,Sweet,Caldwell-Gordon,Retailer,Bavaria,Cooperative,2025-02-01,545.6,1.31,714.74,17.98,683.74,13.02,23.62,1.23,0.08
5877,14774,Barley,Hulless,Turner Group,Exporter,Hesse,Cooperative,2025-05-05,1639.7,1.04,1705.29,23.48,1617.76,64.05,8.32,1.07,-0.03
5878,8650,Wheat,Emmer,"Carson, Mcdonald and Jones",Wholesaler,Saxony,Online,2025-01-09,911.5,0.33,300.8,19.21,244.73,36.86,13.94,0.32,0.01
5879,10097,Potato,Red,Chavez-Padilla,Retailer,Hesse,Online,2025-03-22,618.7,0.84,519.71,46.05,416.34,57.32,10.42,0.92,-0.08
5880,1313,Corn,Dent,"Smith, Ortiz and Roy",Retailer,Bavaria,Cooperative,2023-12-04,862.9,0.73,629.92,32.93,558.72,38.27,24.93,0.68,0.05
5881,5728,Potato,Russet,Olson Inc,Retailer,Lower Saxony,Online,2024-12-21,731.7,1.2,878.04,0.07,840.56,37.41,22.26,1.19,0.01
5882,14753,Soybean,Black,"Flores, Sanders and Fisher",Retailer,Brandenburg,Direct,2025-05-05,1460.7,0.6,876.42,42.4,773.99,60.03,24.24,0.6,0.0
5883,1267,Corn,Dent,Macdonald-Davenport,Retailer,Bavaria,Online,2024-11-13,998.1,1.21,1207.7,11.96,1158.6,37.14,20.87,1.31,-0.1
5884,10372,Potato,Red,"Hernandez, Hall and Anderson",Wholesaler,Brandenburg,Direct,2025-04-26,895.5,1.29,1155.2,5.17,1059.39,90.64,21.42,1.25,0.04
5885,2178,Soybean,Yellow,Smith PLC,Retailer,Brandenburg,Online,2025-04-19,421.4,1.63,686.88,44.98,597.01,44.89,17.54,1.48,0.15
5886,13943,Soybean,Yellow,"Mcdonald, Oneal and Woods",Retailer,Lower Saxony,Cooperative,2025-03-19,827.3,0.95,785.94,45.38,652.08,88.48,17.65,0.89,0.06
5887,2539,Barley,Hulless,Kelly-Miller,Exporter,Bavaria,Cooperative,2025-05-03,1080.1,0.68,734.47,4.35,702.9,27.22,18.45,0.67,0.01
5888,9402,Barley,Hulled,Ramsey-Poole,Exporter,Bavaria,Direct,2025-02-28,1110.4,0.66,732.86,28.47,687.85,16.54,24.18,0.62,0.04
5889,14819,Soybean,Black,"Davis, Gonzalez and Juarez",Wholesaler,Bavaria,Online,2025-02-20,1123.5,0.7,786.45,20.63,678.99,86.83,17.4,0.7,0.0
5890,6612,Wheat,Durum,Owen-Murphy,Wholesaler,Lower Saxony,Direct,2025-05-01,534.0,1.01,539.34,8.07,459.06,72.21,16.47,1.08,-0.07
5891,10343,Wheat,Durum,Wheeler Inc,Retailer,Bavaria,Cooperative,2025-05-05,634.9,0.73,463.48,9.15,390.28,64.05,19.54,0.68,0.05
5892,3894,Corn,Sweet,"Myers, Jenkins and Cole",Exporter,Saxony,Cooperative,2025-04-06,735.9,0.99,728.54,11.84,667.94,48.76,11.93,1.09,-0.1
5893,6792,Soybean,Black,"Jones, Decker and Osborn",Retailer,Brandenburg,Direct,2024-08-07,1691.6,0.63,1065.71,38.77,934.72,92.22,22.17,0.63,0.0
5894,5812,Barley,Hulled,Robinson PLC,Exporter,Brandenburg,Cooperative,2025-01-22,534.4,0.59,315.3,36.49,247.04,31.77,24.6,0.6,-0.01
5895,2685,Corn,Sweet,Cisneros and Sons,Retailer,Lower Saxony,Online,2025-05-05,1758.6,0.5,879.3,10.26,852.49,16.55,23.52,0.53,-0.03
5896,7900,Potato,Russet,Thomas-Roberts,Exporter,Bavaria,Online,2024-09-11,363.3,0.84,305.17,7.32,264.45,33.4,15.99,0.86,-0.02
5897,14740,Barley,Hulless,Hernandez Ltd,Wholesaler,Bavaria,Cooperative,2025-01-27,1861.1,1.3,2419.43,49.85,2348.43,21.15,16.15,1.38,-0.08
5898,5767,Wheat,Emmer,Wiggins-Massey,Wholesaler,Brandenburg,Cooperative,2024-10-29,1264.0,0.66,834.24,46.53,711.38,76.33,6.7,0.62,0.04
5899,12332,Wheat,Emmer,Parker-Marquez,Wholesaler,Bavaria,Direct,2024-10-20,1005.1,1.51,1517.7,30.35,1446.33,41.02,16.45,1.48,0.03
5900,3101,Potato,Red,Johnson-Brown,Exporter,Saxony,Direct,2023-11-30,308.4,1.25,385.5,45.98,291.02,48.5,19.64,1.23,0.02
5901,3125,Barley,Hulled,Hill LLC,Wholesaler,Bavaria,Cooperative,2025-05-05,580.8,1.45,842.16,4.87,818.68,18.61,15.67,1.48,-0.03
5902,11437,Barley,Hulled,Bailey-Murphy,Wholesaler,Brandenburg,Online,2024-06-09,707.9,1.19,842.4,11.76,753.72,76.92,8.99,1.32,-0.13
5903,13239,Potato,Russet,Palmer Inc,Retailer,Hesse,Direct,2024-08-12,242.1,0.8,193.68,0.73,163.3,29.65,5.76,0.75,0.05
5904,6678,Barley,Hulled,"Murphy, Singleton and Turner",Exporter,Bavaria,Direct,2025-02-06,405.5,1.11,450.1,46.7,329.8,73.6,15.64,1.23,-0.12
5905,6828,Potato,Red,Novak-Perkins,Retailer,Brandenburg,Online,2024-09-25,283.6,1.0,283.6,25.89,205.8,51.91,21.62,1.09,-0.09
5906,4264,Potato,Red,Gonzalez-Oconnor,Wholesaler,Hesse,Direct,2025-04-28,669.7,1.19,796.94,9.25,760.96,26.73,15.39,1.17,0.02
5907,6595,Soybean,Black,Larson-Mccarty,Wholesaler,Brandenburg,Online,2024-12-11,1803.3,0.98,1767.23,0.45,1670.33,96.45,5.55,1.01,-0.03
5908,5176,Potato,Red,Hughes-Smith,Exporter,Hesse,Direct,2024-04-14,570.3,0.72,410.62,30.27,339.92,40.43,8.27,0.7,0.02
5909,6970,Soybean,Black,"Hunt, Smith and Ferguson",Exporter,Bavaria,Direct,2025-02-27,732.5,0.52,380.9,14.14,348.41,18.35,18.71,0.48,0.04
5910,12069,Corn,Dent,Gallagher-Lopez,Retailer,Hesse,Online,2025-05-05,1369.6,1.32,1807.87,8.82,1710.28,88.77,8.84,1.35,-0.03
5911,9674,Soybean,Black,"Hunt, Perry and Griffin",Wholesaler,Saxony,Cooperative,2025-01-11,1554.2,0.34,528.43,44.36,400.47,83.6,20.17,0.32,0.02
5912,3600,Corn,Dent,Rich-Henderson,Retailer,Saxony,Online,2025-04-26,305.1,0.28,85.43,29.45,25.65,30.33,17.03,0.31,-0.03
5913,13521,Barley,Hulless,Jefferson-Park,Wholesaler,Saxony,Cooperative,2024-07-11,620.5,0.61,378.5,25.65,307.71,45.14,10.73,0.61,0.0
5914,2421,Wheat,Durum,"Johnson, Butler and Blankenship",Exporter,Lower Saxony,Online,2025-01-21,1813.1,1.07,1940.02,6.14,1879.85,54.03,11.05,0.98,0.09
5915,9498,Corn,Sweet,Jacobson-Brown,Exporter,Brandenburg,Online,2025-05-05,1528.8,1.43,2186.18,24.0,2129.85,32.33,17.51,1.36,0.07
5916,12875,Barley,Hulled,Butler LLC,Wholesaler,Saxony,Direct,2024-09-30,1038.6,0.87,903.58,36.35,855.53,11.7,12.14,0.86,0.01
5917,230,Wheat,Emmer,"Vaughan, Harris and Ballard",Exporter,Saxony,Cooperative,2025-03-27,561.9,1.02,573.14,11.69,487.48,73.97,8.35,1.09,-0.07
5918,3545,Corn,Dent,Ramirez and Sons,Retailer,Bavaria,Direct,2025-03-08,640.7,0.82,525.37,35.74,410.56,79.07,10.43,0.91,-0.09
5919,13774,Wheat,Emmer,Torres-Sawyer,Retailer,Bavaria,Direct,2025-05-05,385.2,0.68,261.94,38.62,155.13,68.19,9.12,0.72,-0.04
5920,11301,Corn,Dent,Wright-Short,Retailer,Hesse,Cooperative,2025-03-07,469.6,1.12,525.95,29.44,471.62,24.89,17.07,1.09,0.03
5921,11006,Corn,Dent,Deleon Ltd,Wholesaler,Saxony,Cooperative,2025-04-13,393.0,0.32,125.76,9.1,22.41,94.25,18.56,0.34,-0.02
5922,668,Corn,Dent,Wilson Inc,Retailer,Hesse,Direct,2024-05-21,1750.3,0.48,840.14,46.9,764.77,28.47,9.32,0.49,-0.01
5923,630,Potato,Russet,Rush and Sons,Wholesaler,Hesse,Direct,2024-05-23,1664.5,0.93,1547.98,39.36,1462.81,45.81,23.79,1.01,-0.08
5924,13015,Wheat,Emmer,"Hughes, Carter and Ortega",Wholesaler,Bavaria,Online,2025-04-03,1401.8,1.23,1724.21,16.56,1690.71,16.94,7.77,1.33,-0.1
5925,5560,Wheat,Emmer,"Chandler, Mejia and Paul",Exporter,Hesse,Direct,2025-02-16,272.6,0.51,139.03,27.18,99.12,12.73,7.74,0.49,0.02
5926,12693,Soybean,Black,Weiss-Stuart,Retailer,Brandenburg,Online,2024-11-13,1356.3,0.54,732.4,26.73,666.75,38.92,20.79,0.59,-0.05
5927,9835,Wheat,Durum,"Petersen, Beck and Lee",Wholesaler,Saxony,Cooperative,2024-11-01,1939.1,0.55,1066.51,7.6,1013.5,45.41,9.06,0.5,0.05
5928,4480,Soybean,Black,Morris-Stewart,Wholesaler,Lower Saxony,Online,2025-04-26,1642.3,1.27,2085.72,14.38,2057.49,13.85,7.66,1.28,-0.01
5929,4873,Potato,Red,"Cox, Estrada and Brown",Retailer,Brandenburg,Direct,2024-07-07,1595.4,0.55,877.47,10.77,833.87,32.83,12.42,0.53,0.02
5930,11450,Corn,Dent,Lynn PLC,Wholesaler,Brandenburg,Online,2025-05-05,583.3,1.32,769.96,40.12,641.11,88.73,9.56,1.22,0.1
5931,13338,Soybean,Black,Perry-Johnson,Retailer,Lower Saxony,Cooperative,2024-10-11,246.8,0.93,229.52,14.27,157.66,57.59,19.59,0.93,0.0
5932,5718,Wheat,Emmer,Vazquez-Kramer,Exporter,Lower Saxony,Cooperative,2025-03-16,1090.9,0.53,578.18,31.07,525.0,22.11,18.54,0.55,-0.02
5933,1142,Wheat,Emmer,Turner-Romero,Retailer,Saxony,Direct,2024-07-01,1241.5,1.41,1750.52,34.25,1660.83,55.44,10.62,1.35,0.06
5934,4853,Soybean,Yellow,Warren Group,Exporter,Bavaria,Cooperative,2025-05-05,1477.2,0.9,1329.48,23.11,1217.74,88.63,19.75,0.88,0.02
5935,4723,Barley,Hulled,Jordan Group,Wholesaler,Brandenburg,Direct,2024-11-05,1937.9,1.1,2131.69,4.08,2105.67,21.94,6.08,1.21,-0.11
5936,11882,Wheat,Durum,Conner-Wilson,Retailer,Brandenburg,Cooperative,2025-03-16,866.5,1.17,1013.8,14.91,969.99,28.9,24.77,1.21,-0.04
5937,14351,Potato,Red,Cooper-Pierce,Retailer,Bavaria,Direct,2024-04-16,981.4,0.48,471.07,23.98,403.72,43.37,16.77,0.49,-0.01
5938,6111,Barley,Hulless,"Davidson, Savage and Blackburn",Wholesaler,Saxony,Cooperative,2024-03-28,1453.4,1.12,1627.81,31.01,1573.17,23.63,18.34,1.18,-0.06
5939,11405,Corn,Sweet,Lucas-Torres,Retailer,Saxony,Direct,2024-08-31,1770.1,1.18,2088.72,48.38,2022.49,17.85,19.35,1.17,0.01
5940,3943,Wheat,Emmer,Allen-Ritter,Wholesaler,Hesse,Cooperative,2025-01-19,1761.8,1.52,2677.94,24.07,2601.87,52.0,18.88,1.45,0.07
5941,7404,Wheat,Emmer,Davenport-Higgins,Exporter,Saxony,Cooperative,2025-03-27,1539.5,0.31,477.24,13.71,440.34,23.19,6.67,0.32,-0.01
5942,1384,Corn,Sweet,"Bowers, Miller and Perry",Exporter,Hesse,Direct,2025-02-28,204.8,0.77,157.7,19.21,120.01,18.48,15.32,0.71,0.06
5943,3746,Barley,Hulled,Lyons-Gonzales,Exporter,Lower Saxony,Direct,2025-05-02,248.8,0.81,201.53,24.02,153.21,24.3,8.32,0.82,-0.01
5944,6644,Soybean,Yellow,Woods Inc,Retailer,Lower Saxony,Direct,2024-07-17,589.6,1.18,695.73,16.05,652.85,26.83,6.79,1.08,0.1
5945,14016,Soybean,Black,Curtis Inc,Exporter,Saxony,Direct,2025-05-05,729.0,0.28,204.12,41.08,73.86,89.18,7.91,0.31,-0.03
5946,7443,Soybean,Yellow,Thomas LLC,Exporter,Lower Saxony,Direct,2025-02-28,907.4,0.31,281.29,34.55,164.02,82.72,13.88,0.32,-0.01
5947,10989,Corn,Sweet,Andersen PLC,Retailer,Lower Saxony,Cooperative,2025-05-05,1361.4,0.37,503.72,2.32,427.94,73.46,9.94,0.38,-0.01
5948,13200,Corn,Dent,Harrington-Obrien,Retailer,Saxony,Direct,2024-10-31,1153.9,1.06,1223.13,47.09,1157.08,18.96,22.75,1.14,-0.08
5949,4043,Corn,Dent,Boyd Group,Exporter,Saxony,Direct,2025-05-05,597.8,0.43,257.05,22.11,176.03,58.91,16.5,0.43,0.0
5950,3003,Barley,Hulless,Gray-Jones,Wholesaler,Brandenburg,Direct,2025-03-03,1625.7,1.5,2438.55,33.06,2324.32,81.17,8.49,1.4,0.1
5951,12037,Potato,Red,"Ayala, Davis and Sweeney",Exporter,Hesse,Online,2025-03-09,980.4,0.96,941.18,46.49,841.59,53.1,22.57,0.88,0.08
5952,12478,Barley,Hulled,"Flowers, Cox and Clark",Retailer,Lower Saxony,Cooperative,2025-03-26,215.4,1.08,232.63,15.23,130.88,86.52,6.93,1.08,0.0
5953,1156,Wheat,Emmer,"Gonzalez, Evans and Navarro",Exporter,Saxony,Online,2025-05-05,1938.3,1.07,2073.98,43.42,2014.26,16.3,22.57,1.07,0.0
5954,4274,Soybean,Black,"Jenkins, Mullins and Knight",Retailer,Hesse,Cooperative,2025-03-20,779.4,1.38,1075.57,18.81,1006.11,50.65,11.75,1.36,0.02
5955,2155,Potato,Russet,"Edwards, Newman and Patterson",Retailer,Bavaria,Online,2025-05-05,1177.4,0.55,647.57,0.78,557.86,88.93,19.63,0.59,-0.04
5956,3029,Barley,Hulled,Valdez Ltd,Exporter,Hesse,Direct,2025-01-12,1852.7,1.11,2056.5,27.32,1997.62,31.56,6.12,1.06,0.05
5957,11704,Potato,Russet,Martin Group,Exporter,Saxony,Direct,2025-05-05,1658.3,0.42,696.49,32.34,640.24,23.91,6.0,0.46,-0.04
5958,9165,Wheat,Durum,Lee-Barnes,Wholesaler,Lower Saxony,Direct,2025-05-05,272.5,0.73,198.92,16.18,87.4,95.34,22.46,0.68,0.05
5959,582,Barley,Hulless,"Neal, Spencer and Ward",Retailer,Bavaria,Direct,2025-05-05,556.3,0.84,467.29,27.24,408.55,31.5,20.69,0.86,-0.02
5960,2430,Soybean,Black,Rodgers-Hernandez,Exporter,Brandenburg,Direct,2025-03-17,1105.8,1.34,1481.77,31.86,1362.51,87.4,5.81,1.49,-0.15
5961,691,Potato,Russet,Peterson Inc,Exporter,Lower Saxony,Direct,2025-04-19,1267.0,0.51,646.17,37.76,538.54,69.87,19.39,0.47,0.04
5962,7582,Wheat,Emmer,Kelly-Anderson,Wholesaler,Brandenburg,Cooperative,2024-11-18,970.3,0.95,921.78,23.02,849.12,49.64,9.54,0.93,0.02
5963,9885,Soybean,Black,Brown PLC,Wholesaler,Brandenburg,Online,2025-04-26,984.8,0.53,521.94,4.97,456.63,60.34,5.23,0.56,-0.03
5964,10043,Potato,Red,Sellers-Lynch,Retailer,Bavaria,Direct,2025-02-17,878.9,0.7,615.23,26.46,576.53,12.24,14.9,0.69,0.01
5965,12515,Barley,Hulled,"Clark, Walker and English",Wholesaler,Bavaria,Online,2024-04-21,313.0,1.32,413.16,9.94,317.58,85.64,9.19,1.39,-0.07
5966,13834,Soybean,Black,"Young, Garcia and Gray",Exporter,Saxony,Direct,2024-12-13,501.8,0.48,240.86,31.76,167.39,41.71,15.01,0.46,0.02
5967,11830,Barley,Hulless,Mcclain-Robbins,Wholesaler,Saxony,Online,2025-05-01,697.6,0.97,676.67,21.54,622.38,32.75,23.79,1.08,-0.11
5968,9853,Potato,Red,Cruz and Sons,Wholesaler,Lower Saxony,Direct,2024-08-20,258.0,0.65,167.7,35.98,50.43,81.29,5.84,0.69,-0.04
5969,11268,Barley,Hulless,"Rose, Anthony and Ray",Retailer,Saxony,Cooperative,2025-05-05,396.4,0.63,249.73,45.96,166.22,37.55,15.67,0.66,-0.03
5970,7546,Potato,Red,Harris-Clark,Wholesaler,Bavaria,Online,2025-03-12,1611.3,0.38,612.29,14.03,582.41,15.85,19.87,0.41,-0.03
5971,6423,Soybean,Yellow,Lester-Richardson,Wholesaler,Lower Saxony,Direct,2025-05-05,1670.4,1.34,2238.34,11.2,2160.58,66.56,10.84,1.33,0.01
5972,10610,Potato,Red,Jenkins-Bailey,Exporter,Bavaria,Direct,2025-04-04,849.7,0.78,662.77,10.66,609.03,43.08,18.66,0.74,0.04
5973,13397,Wheat,Emmer,Atkinson-Knight,Retailer,Bavaria,Direct,2025-05-03,594.6,1.28,761.09,20.71,653.19,87.19,5.41,1.39,-0.11
5974,14905,Corn,Sweet,Harding LLC,Exporter,Brandenburg,Direct,2024-07-17,1125.2,0.64,720.13,42.41,654.0,23.72,5.4,0.7,-0.06
5975,11141,Potato,Russet,"Snow, Henry and Serrano",Exporter,Hesse,Online,2025-04-11,384.2,1.07,411.09,49.39,276.62,85.08,24.77,1.03,0.04
5976,8068,Soybean,Yellow,Peters-Cooper,Exporter,Bavaria,Cooperative,2024-10-15,1636.8,1.38,2258.78,45.95,2125.9,86.93,22.91,1.37,0.01
5977,14813,Soybean,Yellow,Miller LLC,Retailer,Saxony,Direct,2024-12-19,1732.5,1.38,2390.85,23.42,2353.85,13.58,16.86,1.48,-0.1
5978,12973,Wheat,Emmer,Schultz and Sons,Exporter,Saxony,Online,2024-12-01,1582.2,0.4,632.88,20.5,591.98,20.4,6.12,0.38,0.02
5979,992,Potato,Russet,"Brennan, Cobb and Ortiz",Retailer,Brandenburg,Cooperative,2025-05-05,961.5,0.55,528.83,10.36,442.32,76.15,20.21,0.55,0.0
5980,4983,Corn,Dent,Hunter and Sons,Exporter,Brandenburg,Cooperative,2025-05-05,1585.8,0.55,872.19,44.02,770.13,58.04,19.45,0.56,-0.01
5981,4974,Barley,Hulled,Young-Ball,Exporter,Saxony,Direct,2025-03-09,1806.2,0.76,1372.71,49.41,1265.34,57.96,18.84,0.74,0.02
5982,2051,Corn,Sweet,King-Sweeney,Exporter,Hesse,Cooperative,2024-08-30,609.5,0.87,530.26,20.59,496.13,13.54,16.33,0.91,-0.04
5983,504,Corn,Sweet,Sims LLC,Exporter,Hesse,Online,2025-05-05,1420.6,0.5,710.3,15.19,610.18,84.93,16.87,0.53,-0.03
5984,11079,Barley,Hulless,Myers-Blair,Wholesaler,Hesse,Online,2025-04-14,348.1,1.46,508.23,22.17,388.96,97.1,14.49,1.49,-0.03
5985,13763,Potato,Russet,Cruz-Davis,Retailer,Bavaria,Direct,2024-09-05,1486.9,1.32,1962.71,46.61,1854.57,61.53,5.71,1.29,0.03
5986,6742,Soybean,Yellow,"Simpson, Mccoy and Reyes",Retailer,Saxony,Direct,2024-09-18,219.6,0.47,103.21,21.15,25.55,56.51,18.01,0.44,0.03
5987,788,Potato,Russet,Osborne-Smith,Wholesaler,Brandenburg,Cooperative,2025-04-20,1963.9,0.72,1414.01,39.17,1313.32,61.52,18.29,0.75,-0.03
5988,11497,Barley,Hulled,Hall-Mcbride,Wholesaler,Hesse,Online,2024-06-30,373.0,0.83,309.59,33.2,198.64,77.75,23.85,0.8,0.03
5989,7782,Corn,Dent,Walker PLC,Retailer,Hesse,Direct,2024-11-10,1792.1,1.33,2383.49,43.96,2295.51,44.02,12.28,1.4,-0.07
5990,9540,Soybean,Black,Myers-Harper,Exporter,Lower Saxony,Online,2025-05-05,941.0,0.75,705.75,42.22,594.07,69.46,19.54,0.81,-0.06
5991,7446,Soybean,Yellow,Lee-Morgan,Wholesaler,Saxony,Cooperative,2024-12-14,1869.7,1.33,2486.7,33.42,2364.51,88.77,19.38,1.32,0.01
5992,9184,Potato,Red,"Macdonald, Meyer and Keller",Wholesaler,Hesse,Cooperative,2025-05-05,861.4,1.3,1119.82,46.06,1056.41,17.35,22.41,1.22,0.08
5993,14319,Soybean,Black,"Campbell, Hall and Carlson",Retailer,Lower Saxony,Cooperative,2025-04-01,533.5,0.97,517.5,49.19,396.52,71.79,20.35,1.03,-0.06
5994,14767,Corn,Dent,Carr-Smith,Exporter,Saxony,Online,2024-12-10,1327.2,0.65,862.68,34.37,768.36,59.95,11.88,0.63,0.02
5995,514,Potato,Red,"Barber, Moreno and Douglas",Retailer,Bavaria,Cooperative,2024-11-18,1681.5,0.59,992.08,22.3,938.05,31.73,7.06,0.65,-0.06
5996,12698,Wheat,Durum,"Walker, King and Kramer",Exporter,Bavaria,Direct,2025-02-13,1582.6,0.89,1408.51,17.62,1339.5,51.39,6.16,0.81,0.08
5997,12831,Barley,Hulled,Fernandez-Burton,Wholesaler,Brandenburg,Direct,2024-05-30,780.5,0.77,600.98,15.01,538.36,47.61,17.87,0.81,-0.04
5998,5852,Soybean,Yellow,Thomas-Lynch,Retailer,Hesse,Direct,2024-11-16,1346.7,0.88,1185.1,4.03,1102.51,78.56,12.22,0.96,-0.08
5999,13968,Barley,Hulless,"Kennedy, Cooper and Cox",Wholesaler,Hesse,Cooperative,2025-05-05,936.7,1.04,974.17,44.93,889.79,39.45,7.38,1.15,-0.11
6000,14285,Corn,Sweet,Choi-Cooper,Wholesaler,Saxony,Online,2025-01-09,1189.9,0.48,571.15,8.89,468.24,94.02,20.74,0.44,0.04
6001,9080,Corn,Sweet,Poole Inc,Retailer,Hesse,Direct,2025-01-07,1778.8,0.34,604.79,34.65,507.49,62.65,9.88,0.36,-0.02
6002,13602,Barley,Hulled,"Pearson, Morgan and Lee",Wholesaler,Lower Saxony,Online,2024-06-14,253.7,1.03,261.31,23.7,211.81,25.8,15.0,1.07,-0.04
6003,6725,Soybean,Black,"Salazar, Hall and Sanders",Retailer,Brandenburg,Direct,2024-11-07,1050.0,0.59,619.5,32.96,540.04,46.5,13.39,0.65,-0.06
6004,7253,Soybean,Yellow,"Roberts, Flores and Mcguire",Exporter,Bavaria,Cooperative,2025-04-10,520.9,0.84,437.56,2.24,361.46,73.86,19.07,0.92,-0.08
6005,4456,Potato,Russet,Mcgee LLC,Retailer,Saxony,Online,2024-11-01,661.7,1.36,899.91,39.93,761.97,98.01,13.55,1.25,0.11
6006,13631,Corn,Sweet,"Guerrero, Smith and Reed",Retailer,Hesse,Cooperative,2025-03-25,936.8,0.66,618.29,6.08,581.91,30.3,7.64,0.7,-0.04
6007,2172,Potato,Russet,"Wilson, Washington and Gonzalez",Exporter,Hesse,Online,2025-05-04,1754.0,1.31,2297.74,2.59,2261.84,33.31,17.79,1.44,-0.13
6008,12461,Corn,Dent,Richard Ltd,Retailer,Hesse,Cooperative,2024-08-31,1279.8,0.39,499.12,40.74,423.24,35.14,19.66,0.37,0.02
6009,6822,Soybean,Yellow,"Travis, Morris and Williams",Wholesaler,Hesse,Direct,2025-02-06,1884.6,0.99,1865.75,46.69,1736.61,82.45,7.61,0.98,0.01
6010,9819,Wheat,Durum,Yates-Obrien,Wholesaler,Bavaria,Cooperative,2024-08-13,1729.6,0.86,1487.46,47.01,1385.88,54.57,16.82,0.81,0.05
6011,7571,Soybean,Black,Dixon-Walters,Retailer,Saxony,Cooperative,2024-11-23,1537.8,0.48,738.14,15.84,645.76,76.54,6.06,0.53,-0.05
6012,1264,Wheat,Emmer,Kelly and Sons,Wholesaler,Hesse,Cooperative,2024-08-09,551.2,0.54,297.65,39.6,168.79,89.26,11.92,0.57,-0.03
6013,9494,Wheat,Emmer,Smith Group,Retailer,Saxony,Online,2025-05-05,385.9,0.49,189.09,15.21,84.59,89.29,21.89,0.49,0.0
6014,3253,Wheat,Durum,Coleman-Gonzalez,Wholesaler,Brandenburg,Direct,2024-03-22,626.0,0.72,450.72,13.88,358.02,78.82,17.48,0.67,0.05
6015,8544,Potato,Russet,"Lewis, Hale and Mcclure",Exporter,Brandenburg,Direct,2024-03-23,693.3,1.03,714.1,22.24,650.77,41.09,18.66,1.08,-0.05
6016,8965,Barley,Hulled,"Gonzalez, Perkins and Murillo",Retailer,Saxony,Direct,2024-06-13,827.8,1.44,1192.03,49.36,1070.89,71.78,5.75,1.47,-0.03
6017,13832,Barley,Hulless,"Taylor, Tran and Hall",Wholesaler,Bavaria,Direct,2025-01-14,1274.3,1.35,1720.3,19.06,1690.14,11.1,24.57,1.44,-0.09
6018,12175,Wheat,Durum,Harris Group,Retailer,Brandenburg,Cooperative,2024-09-22,1173.4,0.55,645.37,0.44,574.9,70.03,22.61,0.53,0.02
6019,8419,Barley,Hulled,Wilson LLC,Exporter,Brandenburg,Online,2024-10-23,285.8,0.83,237.21,14.87,139.84,82.5,18.81,0.79,0.04
6020,4602,Barley,Hulless,Reynolds and Sons,Retailer,Bavaria,Cooperative,2025-04-24,520.6,0.39,203.03,49.79,82.4,70.84,17.97,0.36,0.03
6021,13772,Corn,Sweet,Morales-Garcia,Exporter,Saxony,Cooperative,2024-11-04,286.0,1.32,377.52,5.66,340.87,30.99,23.28,1.26,0.06
6022,3408,Potato,Russet,"Walker, Good and Ward",Exporter,Brandenburg,Direct,2025-05-05,390.3,1.4,546.42,7.02,474.14,65.26,14.12,1.36,0.04
6023,7152,Corn,Dent,Anderson-Jones,Exporter,Bavaria,Online,2025-03-11,433.5,0.85,368.48,34.72,277.27,56.49,13.37,0.9,-0.05
6024,9443,Corn,Dent,Rose and Sons,Wholesaler,Saxony,Online,2024-12-14,1821.5,1.41,2568.32,9.2,2464.16,94.96,24.7,1.31,0.1
6025,4139,Soybean,Yellow,Sanchez and Sons,Wholesaler,Lower Saxony,Direct,2024-07-06,1248.4,1.48,1847.63,10.11,1815.27,22.25,5.3,1.45,0.03
6026,2204,Corn,Sweet,Moreno Ltd,Wholesaler,Lower Saxony,Cooperative,2025-01-22,1549.8,0.91,1410.32,49.87,1338.05,22.4,17.71,0.96,-0.05
6027,10901,Potato,Red,Allen-Carter,Retailer,Lower Saxony,Online,2025-04-28,1233.5,0.51,629.08,8.3,533.41,87.37,20.07,0.54,-0.03
6028,6964,Corn,Dent,Moreno-Davis,Retailer,Saxony,Cooperative,2025-05-02,1565.2,0.63,986.08,36.4,878.05,71.63,17.17,0.64,-0.01
6029,2642,Potato,Red,Lawrence-Medina,Wholesaler,Bavaria,Direct,2025-04-13,1242.4,0.55,683.32,32.71,582.03,68.58,5.55,0.59,-0.04
6030,2320,Wheat,Durum,Wood-Taylor,Retailer,Saxony,Direct,2023-11-17,806.8,0.51,411.47,26.0,323.35,62.12,24.0,0.56,-0.05
6031,10255,Soybean,Black,Burke LLC,Exporter,Hesse,Cooperative,2025-05-05,1825.8,0.37,675.55,4.56,649.84,21.15,20.19,0.39,-0.02
6032,2866,Wheat,Durum,Delacruz Group,Exporter,Hesse,Online,2024-07-06,799.3,1.29,1031.1,30.57,923.16,77.37,22.28,1.26,0.03
6033,11409,Corn,Sweet,"Williams, Munoz and Hamilton",Retailer,Brandenburg,Cooperative,2025-05-01,459.3,1.12,514.42,4.16,441.74,68.52,10.48,1.24,-0.12
6034,1392,Wheat,Emmer,Bryant and Sons,Retailer,Saxony,Direct,2025-05-01,1633.9,1.45,2369.16,20.02,2319.36,29.78,21.58,1.42,0.03
6035,2105,Potato,Red,Coleman-Knight,Wholesaler,Lower Saxony,Cooperative,2025-03-02,1709.6,0.9,1538.64,15.59,1424.18,98.87,23.16,0.87,0.03
6036,620,Barley,Hulled,Mills Inc,Exporter,Brandenburg,Cooperative,2024-11-11,1533.4,1.11,1702.07,49.06,1637.88,15.13,11.85,1.06,0.05
6037,7974,Soybean,Yellow,Jones Inc,Retailer,Lower Saxony,Cooperative,2023-12-23,495.1,1.24,613.92,41.67,555.43,16.82,12.15,1.19,0.05
6038,11860,Potato,Russet,Brown-Hudson,Retailer,Saxony,Cooperative,2025-04-29,353.1,0.28,98.87,47.55,-8.83,60.15,19.11,0.3,-0.02
6039,4475,Soybean,Black,Meza-Johnson,Retailer,Hesse,Cooperative,2025-04-14,1566.8,1.06,1660.81,40.53,1557.08,63.2,18.31,1.16,-0.1
6040,5780,Wheat,Emmer,"Black, Blair and Soto",Exporter,Brandenburg,Online,2025-04-29,1603.1,1.37,2196.25,16.45,2168.89,10.91,14.99,1.45,-0.08
6041,10956,Potato,Russet,Roberts Ltd,Retailer,Bavaria,Online,2025-03-07,961.1,1.24,1191.76,46.1,1082.7,62.96,11.7,1.2,0.04
6042,6558,Soybean,Yellow,"Oneill, Lopez and Sanders",Retailer,Bavaria,Direct,2024-07-20,1734.3,1.15,1994.44,13.36,1956.29,24.79,9.02,1.08,0.07
6043,954,Barley,Hulled,Porter PLC,Retailer,Saxony,Cooperative,2024-02-14,975.7,1.34,1307.44,25.57,1204.69,77.18,9.53,1.44,-0.1
6044,13323,Wheat,Durum,"Smith, Wall and Jackson",Wholesaler,Hesse,Online,2025-04-14,661.5,0.97,641.66,34.67,537.85,69.14,11.99,1.04,-0.07
6045,14106,Wheat,Emmer,Kelly and Sons,Retailer,Brandenburg,Online,2025-02-02,451.5,0.82,370.23,25.56,252.94,91.73,14.46,0.8,0.02
6046,5686,Soybean,Yellow,Morrison and Sons,Retailer,Brandenburg,Direct,2025-02-21,1849.6,0.5,924.8,5.41,828.91,90.48,22.1,0.48,0.02
6047,14231,Barley,Hulless,"Gray, Johnson and Calderon",Wholesaler,Brandenburg,Online,2024-10-01,1721.5,1.23,2117.45,22.09,2060.56,34.8,17.64,1.13,0.1
6048,4076,Potato,Russet,Dunn-Khan,Exporter,Lower Saxony,Online,2025-05-05,1932.5,1.63,3149.98,13.47,3077.46,59.05,9.25,1.49,0.14
6049,2928,Corn,Dent,Mcknight PLC,Retailer,Lower Saxony,Direct,2025-05-04,1454.8,0.65,945.62,47.57,802.1,95.95,11.76,0.62,0.03
6050,9123,Wheat,Emmer,Smith-Perry,Wholesaler,Hesse,Direct,2023-11-08,1562.6,1.17,1828.24,16.55,1756.76,54.93,20.55,1.2,-0.03
6051,2453,Wheat,Durum,Jackson PLC,Retailer,Hesse,Cooperative,2024-11-19,1024.7,1.25,1280.88,7.44,1204.88,68.56,7.35,1.28,-0.03
6052,1321,Potato,Russet,Hoffman Ltd,Exporter,Bavaria,Direct,2024-05-29,1675.5,1.35,2261.93,21.23,2204.38,36.32,16.05,1.35,0.0
6053,7766,Potato,Russet,"Bailey, Jacobson and Campbell",Exporter,Hesse,Direct,2024-12-15,1027.7,0.56,575.51,5.16,497.08,73.27,21.32,0.57,-0.01
6054,1116,Potato,Russet,"Adams, Foster and Kelly",Wholesaler,Saxony,Cooperative,2025-04-14,1824.6,0.47,857.56,25.09,795.83,36.64,6.4,0.46,0.01
6055,1398,Barley,Hulled,"Bailey, Obrien and Johnson",Exporter,Lower Saxony,Online,2025-05-01,1292.2,0.97,1253.43,16.06,1151.01,86.36,6.06,0.94,0.03
6056,1033,Soybean,Black,Glover-Miller,Wholesaler,Saxony,Online,2025-01-16,1929.1,0.72,1388.95,26.49,1264.18,98.28,23.74,0.72,0.0
6057,7871,Barley,Hulled,"Anderson, Ramos and Good",Exporter,Bavaria,Direct,2024-11-13,1959.7,0.71,1391.39,19.14,1309.78,62.47,13.63,0.69,0.02
6058,12286,Wheat,Durum,Lopez-York,Retailer,Hesse,Online,2025-05-05,1933.9,1.24,2398.04,43.11,2330.05,24.88,14.4,1.19,0.05
6059,11896,Corn,Dent,"James, Thompson and Hawkins",Exporter,Lower Saxony,Online,2025-04-22,1820.4,0.74,1347.1,45.03,1285.65,16.42,9.67,0.73,0.01
6060,5972,Corn,Sweet,King-Kaiser,Wholesaler,Bavaria,Cooperative,2024-07-19,819.3,0.56,458.81,11.84,408.89,38.08,7.17,0.6,-0.04
6061,3389,Soybean,Black,Warner-Barker,Retailer,Brandenburg,Online,2025-03-13,1682.1,1.4,2354.94,24.78,2281.84,48.32,16.51,1.31,0.09
6062,1196,Potato,Russet,Hart Ltd,Exporter,Hesse,Cooperative,2025-04-21,1810.8,0.59,1068.37,33.07,1007.3,28.0,8.34,0.56,0.03
6063,8824,Potato,Red,"Soto, Merritt and Smith",Wholesaler,Lower Saxony,Online,2025-04-30,1652.4,0.63,1041.01,0.4,991.96,48.65,20.82,0.67,-0.04
6064,2397,Potato,Red,"Austin, Moss and Johnson",Exporter,Hesse,Direct,2025-03-27,961.6,0.91,875.06,39.46,752.76,82.84,8.7,0.84,0.07
6065,8838,Potato,Red,Torres-Mosley,Exporter,Lower Saxony,Online,2025-04-17,1604.9,0.59,946.89,38.58,890.14,18.17,5.1,0.54,0.05
6066,14042,Soybean,Yellow,"Gray, Hood and Douglas",Exporter,Hesse,Direct,2025-02-13,1535.0,1.25,1918.75,1.29,1829.16,88.3,12.52,1.18,0.07
6067,10293,Barley,Hulless,"Brown, Bartlett and Martinez",Exporter,Bavaria,Online,2024-07-28,1882.1,1.4,2634.94,2.87,2574.44,57.63,16.62,1.35,0.05
6068,7607,Corn,Sweet,Cooley-Schwartz,Exporter,Lower Saxony,Online,2024-11-10,794.7,1.5,1192.05,16.93,1153.02,22.1,12.61,1.4,0.1
6069,5055,Soybean,Black,"Brown, Smith and Carter",Wholesaler,Brandenburg,Direct,2025-02-09,583.3,0.49,285.82,7.98,211.71,66.13,11.42,0.54,-0.05
6070,10523,Barley,Hulled,Cuevas-Cortez,Exporter,Brandenburg,Cooperative,2025-04-26,781.6,0.93,726.89,25.22,630.04,71.63,12.78,0.91,0.02
6071,8193,Wheat,Durum,Jacobs Inc,Retailer,Brandenburg,Cooperative,2024-09-06,1309.0,0.52,680.68,8.19,642.8,29.69,6.38,0.48,0.04
6072,14081,Corn,Sweet,Fischer-Goodwin,Retailer,Brandenburg,Direct,2025-02-03,1743.5,1.16,2022.46,25.94,1980.41,16.11,22.13,1.25,-0.09
6073,12728,Soybean,Black,Kelly-Oneill,Retailer,Bavaria,Online,2024-04-24,425.1,1.12,476.11,47.17,369.35,59.59,18.17,1.16,-0.04
6074,11658,Wheat,Emmer,"Prince, Reyes and Raymond",Wholesaler,Saxony,Direct,2025-05-05,1504.7,1.4,2106.58,41.53,2046.25,18.8,16.55,1.35,0.05
6075,2282,Soybean,Yellow,Barber Inc,Retailer,Saxony,Online,2025-05-02,1312.7,1.11,1457.1,49.72,1393.43,13.95,15.95,1.22,-0.11
6076,6613,Potato,Red,Smith-Powell,Exporter,Saxony,Cooperative,2024-04-07,1105.8,1.28,1415.42,30.52,1305.29,79.61,7.12,1.3,-0.02
6077,7671,Soybean,Yellow,"Cole, Santiago and Dean",Wholesaler,Brandenburg,Online,2025-05-04,1137.6,0.58,659.81,46.24,570.76,42.81,18.07,0.55,0.03
6078,8638,Wheat,Emmer,Peterson-Hernandez,Retailer,Hesse,Online,2025-05-05,1151.7,0.32,368.54,7.47,265.98,95.09,23.79,0.33,-0.01
6079,12341,Soybean,Black,West LLC,Wholesaler,Brandenburg,Direct,2025-04-05,1846.3,0.43,793.91,15.51,738.47,39.93,19.07,0.42,0.01
6080,12532,Soybean,Black,Anderson and Sons,Retailer,Bavaria,Online,2025-05-05,1889.6,0.37,699.15,4.67,664.22,30.26,8.52,0.37,0.0
6081,9980,Soybean,Black,"Aguilar, Morris and Mcmillan",Retailer,Lower Saxony,Direct,2025-05-05,1901.2,0.99,1882.19,19.92,1779.87,82.4,21.66,0.94,0.05
6082,7897,Barley,Hulled,Mcdaniel LLC,Wholesaler,Saxony,Online,2024-09-05,687.7,0.8,550.16,17.68,443.91,88.57,21.78,0.77,0.03
6083,7083,Wheat,Emmer,Gonzalez Inc,Exporter,Bavaria,Cooperative,2023-11-18,630.4,0.35,220.64,15.4,143.97,61.27,22.71,0.34,0.01
6084,9087,Corn,Dent,Fuentes Group,Wholesaler,Brandenburg,Cooperative,2025-01-18,1060.2,0.58,614.92,14.04,533.7,67.18,19.34,0.63,-0.05
6085,2088,Potato,Red,Long Ltd,Exporter,Lower Saxony,Direct,2025-04-27,791.0,0.81,640.71,32.29,578.33,30.09,6.22,0.89,-0.08
6086,13655,Soybean,Yellow,"Morrison, Morales and Roberts",Wholesaler,Hesse,Cooperative,2024-09-20,829.8,0.6,497.88,21.94,427.27,48.67,8.98,0.6,0.0
6087,4222,Barley,Hulled,"Jordan, Taylor and Bowen",Exporter,Saxony,Direct,2024-07-01,678.5,1.12,759.92,17.6,717.46,24.86,13.62,1.16,-0.04
6088,8021,Soybean,Black,"Henderson, Friedman and Garrett",Exporter,Lower Saxony,Online,2025-04-27,1820.1,0.53,964.65,44.79,903.48,16.38,18.59,0.56,-0.03
6089,11280,Potato,Russet,"Torres, Ross and Smith",Retailer,Lower Saxony,Cooperative,2024-07-13,1314.2,0.97,1274.77,49.5,1213.48,11.79,7.86,0.99,-0.02
6090,10663,Potato,Russet,Gibbs-Barron,Exporter,Bavaria,Online,2025-03-23,1836.4,1.13,2075.13,25.97,2026.82,22.34,18.99,1.1,0.03
6091,8001,Corn,Dent,James Ltd,Exporter,Lower Saxony,Online,2024-10-12,450.4,0.49,220.7,3.63,120.0,97.07,22.93,0.52,-0.03
6092,13172,Barley,Hulled,Howell-Novak,Wholesaler,Hesse,Cooperative,2025-04-13,1119.5,1.16,1298.62,10.2,1277.48,10.94,14.69,1.08,0.08
6093,4010,Potato,Red,Miller Group,Retailer,Lower Saxony,Direct,2025-04-16,1860.0,0.73,1357.8,34.26,1292.15,31.39,5.14,0.78,-0.05
6094,6642,Soybean,Black,Liu-Scott,Retailer,Bavaria,Cooperative,2025-02-04,259.9,0.71,184.53,6.62,84.61,93.3,9.17,0.7,0.01
6095,14688,Potato,Russet,"Garcia, Douglas and Campbell",Exporter,Bavaria,Online,2025-05-05,1777.2,1.31,2328.13,38.76,2226.54,62.83,24.96,1.43,-0.12
6096,2220,Barley,Hulled,Wilson-Lewis,Retailer,Lower Saxony,Direct,2023-12-31,1335.6,0.47,627.73,34.5,563.12,30.11,5.03,0.5,-0.03
6097,11767,Wheat,Durum,Evans-Rodriguez,Retailer,Bavaria,Direct,2024-08-02,1109.0,1.02,1131.18,33.55,1031.36,66.27,5.05,0.96,0.06
6098,8467,Potato,Russet,Cole-Carroll,Wholesaler,Hesse,Direct,2024-08-10,1397.9,0.87,1216.17,8.28,1174.28,33.61,20.24,0.83,0.04
6099,10402,Wheat,Emmer,Coleman Ltd,Retailer,Brandenburg,Direct,2025-05-05,1688.9,1.15,1942.24,23.9,1895.87,22.47,21.16,1.06,0.09
6100,10455,Barley,Hulless,Reyes-Johnson,Retailer,Hesse,Direct,2025-03-12,390.4,1.07,417.73,12.93,331.27,73.53,14.8,1.11,-0.04
6101,3521,Corn,Dent,Arias Group,Exporter,Bavaria,Direct,2025-05-05,1622.0,1.24,2011.28,33.81,1946.6,30.87,10.53,1.33,-0.09
6102,12712,Corn,Dent,Barnes-Sampson,Retailer,Hesse,Direct,2025-04-22,441.0,0.31,136.71,4.07,81.97,50.67,5.78,0.34,-0.03
6103,9649,Soybean,Yellow,Archer Group,Retailer,Saxony,Online,2025-05-05,1351.6,0.99,1338.08,42.06,1239.23,56.79,7.16,0.92,0.07
6104,2980,Barley,Hulled,Davis-Page,Exporter,Saxony,Cooperative,2025-05-05,868.6,0.77,668.82,23.59,598.95,46.28,16.32,0.82,-0.05
6105,3269,Corn,Sweet,Hoffman and Sons,Exporter,Saxony,Cooperative,2025-03-08,1260.3,1.31,1650.99,13.24,1560.6,77.15,5.32,1.31,0.0
6106,6186,Potato,Red,Clark-Tucker,Retailer,Hesse,Online,2025-04-13,853.0,1.38,1177.14,39.46,1105.4,32.28,24.36,1.29,0.09
6107,13973,Wheat,Emmer,Bell-Clark,Retailer,Brandenburg,Direct,2025-01-27,1813.3,0.4,725.32,37.82,591.66,95.84,14.34,0.41,-0.01
6108,14133,Potato,Red,"Olson, Lopez and Rodriguez",Exporter,Brandenburg,Cooperative,2025-05-05,1135.0,0.46,522.1,23.07,433.28,65.75,14.14,0.42,0.04
6109,133,Wheat,Durum,"Edwards, Richard and Carter",Retailer,Hesse,Online,2024-03-26,960.7,0.93,893.45,17.84,847.86,27.75,14.29,0.97,-0.04
6110,7119,Wheat,Emmer,Walker-Terry,Exporter,Brandenburg,Online,2024-09-26,827.8,0.53,438.73,4.32,359.68,74.73,18.56,0.51,0.02
6111,12109,Barley,Hulless,Johnson Group,Wholesaler,Lower Saxony,Online,2025-05-05,1493.5,1.15,1717.52,15.88,1620.29,81.35,19.33,1.17,-0.02
6112,7044,Soybean,Black,"George, Schneider and Anderson",Exporter,Hesse,Online,2024-08-26,1404.0,0.65,912.6,0.43,838.51,73.66,24.51,0.6,0.05
6113,13276,Soybean,Black,Williams-Finley,Retailer,Brandenburg,Direct,2024-05-05,1817.3,0.9,1635.57,42.66,1572.87,20.04,19.69,0.95,-0.05
6114,5091,Soybean,Black,Flores-Johnston,Wholesaler,Lower Saxony,Online,2025-05-05,660.0,1.32,871.2,38.37,755.69,77.14,17.21,1.41,-0.09
6115,1324,Soybean,Yellow,"Flores, Delgado and Hubbard",Exporter,Saxony,Direct,2024-11-16,791.3,1.12,886.26,10.65,780.14,95.47,20.59,1.09,0.03
6116,9336,Barley,Hulled,"Murillo, Garcia and Douglas",Retailer,Hesse,Cooperative,2024-08-11,1335.8,1.35,1803.33,38.34,1740.39,24.6,8.01,1.43,-0.08
6117,9996,Corn,Dent,Ward-Ramirez,Exporter,Hesse,Cooperative,2024-04-19,1541.8,0.6,925.08,35.68,867.52,21.88,21.23,0.64,-0.04
6118,5815,Potato,Russet,"Anthony, Holmes and Webster",Exporter,Bavaria,Cooperative,2025-03-21,376.9,1.34,505.05,32.36,436.82,35.87,19.54,1.37,-0.03
6119,6472,Potato,Red,Cuevas-Wilson,Exporter,Saxony,Direct,2024-12-03,769.4,0.8,615.52,19.11,496.74,99.67,23.37,0.81,-0.01
6120,14635,Potato,Red,James LLC,Exporter,Saxony,Direct,2025-01-31,1732.6,0.83,1438.06,10.23,1345.1,82.73,22.27,0.78,0.05
6121,13485,Corn,Dent,Johnson-Blair,Retailer,Bavaria,Online,2024-12-19,1354.4,0.67,907.45,41.26,776.52,89.67,17.74,0.73,-0.06
6122,8456,Soybean,Black,Fry Group,Retailer,Lower Saxony,Direct,2025-03-12,1600.2,0.29,464.06,11.42,424.04,28.6,5.55,0.31,-0.02
6123,1978,Potato,Russet,Perez and Sons,Exporter,Brandenburg,Cooperative,2025-05-05,424.0,0.87,368.88,25.7,246.15,97.03,20.81,0.82,0.05
6124,8932,Wheat,Durum,Rogers and Sons,Exporter,Hesse,Direct,2025-01-19,742.1,0.48,356.21,45.58,228.12,82.51,6.08,0.52,-0.04
6125,9801,Soybean,Yellow,Holt LLC,Wholesaler,Bavaria,Direct,2024-02-28,818.3,0.71,580.99,40.72,479.51,60.76,14.42,0.72,-0.01
6126,13570,Corn,Dent,Scott-Maddox,Retailer,Lower Saxony,Direct,2025-01-20,1446.1,0.85,1229.18,43.31,1138.28,47.59,6.68,0.78,0.07
6127,8129,Potato,Red,"Chapman, Ortiz and Petersen",Retailer,Hesse,Direct,2025-03-08,1394.6,0.83,1157.52,4.22,1122.41,30.89,23.25,0.87,-0.04
6128,12084,Soybean,Yellow,Jackson LLC,Retailer,Saxony,Cooperative,2025-05-05,236.8,0.95,224.96,46.73,95.38,82.85,11.1,0.88,0.07
6129,8710,Corn,Sweet,Jacobs-Baker,Exporter,Saxony,Cooperative,2024-09-30,466.2,1.19,554.78,17.24,489.87,47.67,18.52,1.09,0.1
6130,6003,Barley,Hulled,"King, Welch and Anderson",Retailer,Brandenburg,Direct,2025-03-14,268.1,1.4,375.34,0.62,345.54,29.18,12.22,1.42,-0.02
6131,9457,Corn,Dent,Brown-Mills,Exporter,Saxony,Direct,2025-02-04,1048.9,1.33,1395.04,47.32,1315.62,32.1,12.06,1.33,0.0
6132,1035,Corn,Dent,Miller PLC,Retailer,Saxony,Direct,2025-04-25,1038.6,0.32,332.35,45.12,235.87,51.36,18.91,0.34,-0.02
6133,323,Potato,Russet,Browning-Alexander,Exporter,Hesse,Direct,2025-04-15,1688.6,0.35,591.01,3.36,497.5,90.15,18.95,0.34,0.01
6134,13131,Wheat,Durum,Green Ltd,Retailer,Lower Saxony,Direct,2025-04-08,1336.2,0.77,1028.87,16.5,952.96,59.41,11.4,0.75,0.02
6135,12376,Potato,Red,"Wiley, Horton and Brock",Retailer,Bavaria,Direct,2025-03-12,486.1,0.51,247.91,48.18,180.03,19.7,23.11,0.51,0.0
6136,2734,Potato,Red,Jones-Lambert,Wholesaler,Hesse,Cooperative,2024-11-20,369.1,1.58,583.18,14.43,494.33,74.42,18.32,1.46,0.12
6137,7049,Potato,Russet,White PLC,Retailer,Brandenburg,Online,2024-10-19,1715.1,0.48,823.25,33.22,730.49,59.54,21.84,0.47,0.01
6138,7012,Soybean,Black,Wilson-Norris,Wholesaler,Lower Saxony,Direct,2025-04-20,1495.5,0.5,747.75,24.79,712.91,10.05,24.89,0.52,-0.02
6139,7161,Corn,Sweet,Bell-Warner,Exporter,Saxony,Cooperative,2025-01-07,1995.1,1.25,2493.88,33.12,2427.21,33.55,10.16,1.22,0.03
6140,10666,Barley,Hulled,Rodriguez-Lewis,Exporter,Lower Saxony,Direct,2025-05-05,1099.6,0.67,736.73,34.97,670.19,31.57,13.52,0.73,-0.06
6141,9668,Potato,Red,Hall-Morgan,Exporter,Hesse,Direct,2025-05-05,318.2,0.81,257.74,29.21,143.23,85.3,7.85,0.79,0.02
6142,963,Wheat,Durum,"Gonzalez, Smith and Contreras",Retailer,Brandenburg,Online,2025-02-12,840.6,1.08,907.85,13.05,868.1,26.7,18.76,1.0,0.08
6143,3015,Corn,Sweet,Gordon-Hill,Retailer,Saxony,Online,2025-04-22,1147.6,1.15,1319.74,3.15,1248.57,68.02,16.03,1.07,0.08
6144,1451,Potato,Russet,Johnson-Collins,Exporter,Lower Saxony,Online,2025-03-13,1374.4,0.4,549.76,11.85,516.93,20.98,18.56,0.4,0.0
6145,6823,Potato,Red,Moore-Lopez,Retailer,Brandenburg,Cooperative,2025-01-21,742.2,0.32,237.5,47.41,98.19,91.9,5.18,0.31,0.01
6146,1907,Barley,Hulled,Reyes-Miller,Wholesaler,Lower Saxony,Online,2025-05-05,1544.7,0.33,509.75,33.86,428.48,47.41,10.34,0.31,0.02
6147,7163,Corn,Sweet,Ali and Sons,Wholesaler,Hesse,Direct,2024-06-16,1867.7,1.45,2708.16,24.69,2585.19,98.28,12.4,1.45,0.0
6148,13395,Wheat,Durum,Gallagher PLC,Wholesaler,Bavaria,Direct,2025-05-04,1526.6,1.18,1801.39,35.66,1717.86,47.87,6.46,1.19,-0.01
6149,4222,Barley,Hulled,Rivera Group,Wholesaler,Hesse,Cooperative,2024-11-04,737.8,1.06,782.07,39.5,645.06,97.51,7.63,1.16,-0.1
6150,9246,Barley,Hulled,"Navarro, Skinner and Murphy",Exporter,Hesse,Online,2025-02-07,277.3,1.05,291.17,31.82,247.92,11.43,21.44,0.97,0.08
6151,1250,Corn,Sweet,Benjamin-Rodriguez,Retailer,Saxony,Direct,2025-03-22,1452.8,0.46,668.29,19.42,602.06,46.81,9.19,0.49,-0.03
6152,12739,Potato,Red,"Wang, Howard and Nolan",Retailer,Saxony,Online,2025-01-26,1218.7,0.72,877.46,38.59,812.55,26.32,9.99,0.7,0.02
6153,6962,Potato,Russet,Taylor Ltd,Retailer,Hesse,Online,2024-12-29,958.9,1.04,997.26,33.81,952.93,10.52,19.1,0.96,0.08
6154,20,Corn,Sweet,Orozco Ltd,Wholesaler,Hesse,Direct,2025-01-19,1633.3,0.55,898.32,7.31,852.49,38.52,5.52,0.56,-0.01
6155,13319,Corn,Sweet,White PLC,Retailer,Brandenburg,Cooperative,2024-06-17,1264.1,0.79,998.64,8.91,909.12,80.61,10.44,0.72,0.07
6156,12982,Potato,Russet,"Barajas, Johnson and Trevino",Exporter,Bavaria,Online,2025-04-29,1219.1,0.29,353.54,24.09,283.8,45.65,7.28,0.31,-0.02
6157,10664,Wheat,Emmer,"Gibson, Reyes and Curry",Wholesaler,Saxony,Direct,2025-05-04,289.0,0.46,132.94,30.35,38.7,63.89,15.96,0.43,0.03
6158,6112,Soybean,Black,Abbott and Sons,Retailer,Lower Saxony,Online,2024-08-08,1219.6,1.07,1304.97,36.35,1214.84,53.78,19.52,1.09,-0.02
6159,2112,Corn,Dent,Montes Ltd,Retailer,Bavaria,Direct,2025-03-27,737.9,0.69,509.15,22.37,410.66,76.12,9.27,0.7,-0.01
6160,3682,Corn,Dent,Taylor-Jackson,Wholesaler,Lower Saxony,Direct,2025-04-08,1467.7,1.15,1687.86,25.07,1627.14,35.65,6.16,1.19,-0.04
6161,10896,Soybean,Black,"Long, Webb and Green",Exporter,Bavaria,Online,2025-03-25,1149.2,0.89,1022.79,12.64,934.38,75.77,9.94,0.81,0.08
6162,8865,Potato,Red,Baker Inc,Retailer,Brandenburg,Direct,2025-01-30,1748.7,0.37,647.02,32.02,596.0,19.0,17.76,0.34,0.03
6163,10545,Soybean,Yellow,"Bridges, Bennett and Myers",Exporter,Saxony,Online,2024-09-30,252.4,0.7,176.68,10.38,110.07,56.23,15.71,0.77,-0.07
6164,9562,Potato,Russet,"Wilcox, Ramirez and Brandt",Exporter,Hesse,Direct,2025-03-04,1715.5,1.18,2024.29,16.93,1944.94,62.42,22.8,1.1,0.08
6165,1779,Wheat,Emmer,"Sawyer, Peters and Hunt",Wholesaler,Bavaria,Direct,2025-04-28,1889.7,0.91,1719.63,47.05,1597.57,75.01,24.13,1.0,-0.09
6166,9754,Barley,Hulless,"Bell, Goodman and Garcia",Retailer,Brandenburg,Online,2025-03-08,528.9,1.25,661.12,32.0,587.5,41.62,22.21,1.18,0.07
6167,9579,Soybean,Black,Vega Group,Retailer,Saxony,Online,2025-01-15,1332.0,1.04,1385.28,11.62,1339.43,34.23,12.46,1.1,-0.06
6168,11930,Potato,Red,Ashley PLC,Wholesaler,Saxony,Online,2025-05-02,510.8,0.6,306.48,31.73,193.19,81.56,13.76,0.56,0.04
6169,12709,Wheat,Durum,Cunningham LLC,Wholesaler,Hesse,Cooperative,2025-03-26,497.8,0.68,338.5,26.43,297.85,14.22,7.61,0.63,0.05
6170,4276,Corn,Sweet,"Dorsey, Williams and Little",Wholesaler,Lower Saxony,Online,2024-12-25,1842.9,1.29,2377.34,7.12,2295.1,75.12,14.43,1.38,-0.09
6171,12785,Wheat,Emmer,Smith-Murphy,Wholesaler,Saxony,Cooperative,2024-12-12,1728.0,0.65,1123.2,29.66,1011.52,82.02,13.49,0.66,-0.01
6172,6164,Barley,Hulled,"Palmer, Marshall and Parker",Exporter,Hesse,Cooperative,2025-05-04,613.0,0.59,361.67,23.07,261.59,77.01,7.37,0.61,-0.02
6173,7279,Barley,Hulless,Goodman Group,Retailer,Brandenburg,Online,2025-04-12,1137.1,0.76,864.2,2.79,826.83,34.58,20.45,0.69,0.07
6174,3727,Soybean,Black,"Garcia, Miles and Chan",Retailer,Lower Saxony,Online,2024-04-11,1460.9,0.93,1358.64,49.49,1286.13,23.02,18.79,1.01,-0.08
6175,12564,Barley,Hulled,Sweeney-Ortiz,Wholesaler,Brandenburg,Direct,2024-11-28,960.5,1.11,1066.16,27.99,1014.15,24.02,5.78,1.22,-0.11
6176,5915,Potato,Red,"Alexander, Hayes and Williams",Wholesaler,Lower Saxony,Direct,2025-04-15,1795.8,0.29,520.78,4.48,452.87,63.43,18.65,0.31,-0.02
6177,12819,Barley,Hulless,"Fisher, Thompson and Kerr",Exporter,Saxony,Online,2024-12-03,1617.4,0.58,938.09,9.37,903.19,25.53,15.19,0.58,0.0
6178,4834,Potato,Red,White Group,Wholesaler,Brandenburg,Direct,2025-05-05,493.0,0.84,414.12,16.87,342.87,54.38,7.55,0.78,0.06
6179,2786,Corn,Dent,Roman Group,Wholesaler,Bavaria,Online,2024-09-17,1260.2,0.65,819.13,17.48,722.2,79.45,12.34,0.7,-0.05
6180,8503,Soybean,Yellow,"Shepherd, Jacobson and Decker",Wholesaler,Hesse,Direct,2025-05-02,477.1,1.28,610.69,47.76,550.6,12.33,15.0,1.38,-0.1
6181,5637,Soybean,Black,Reed Group,Retailer,Lower Saxony,Cooperative,2024-05-09,811.7,0.86,698.06,5.28,645.43,47.35,21.39,0.87,-0.01
6182,12355,Potato,Red,"Mcclure, Blevins and Cordova",Retailer,Hesse,Direct,2025-05-05,612.2,1.41,863.2,24.47,784.55,54.18,18.76,1.39,0.02
6183,3505,Soybean,Black,"Hart, Vazquez and Maldonado",Retailer,Hesse,Online,2025-03-21,1134.1,0.95,1077.39,46.59,952.24,78.56,23.94,0.9,0.05
6184,12821,Soybean,Yellow,Wade Inc,Wholesaler,Bavaria,Online,2025-01-07,1661.5,0.51,847.36,38.36,714.94,94.06,16.2,0.53,-0.02
6185,8043,Corn,Dent,"Reed, Bond and Douglas",Exporter,Brandenburg,Cooperative,2025-01-17,1532.6,1.04,1593.9,22.57,1488.06,83.27,5.67,1.01,0.03
6186,4673,Barley,Hulless,Watkins-Fisher,Wholesaler,Lower Saxony,Online,2025-02-27,973.5,0.72,700.92,16.48,599.35,85.09,20.14,0.68,0.04
6187,4012,Potato,Russet,"Zhang, Walker and Murphy",Wholesaler,Hesse,Cooperative,2025-05-05,1816.8,0.6,1090.08,31.54,989.89,68.65,11.49,0.65,-0.05
6188,5480,Wheat,Emmer,Sparks Inc,Exporter,Lower Saxony,Cooperative,2024-11-12,586.0,1.09,638.74,42.02,531.9,64.82,17.23,1.12,-0.03
6189,12176,Corn,Dent,Jackson-Wolfe,Exporter,Hesse,Cooperative,2024-11-08,1538.6,0.33,507.74,43.28,417.32,47.14,13.68,0.36,-0.03
6190,8548,Soybean,Black,"Crane, Moreno and Edwards",Wholesaler,Hesse,Online,2024-07-28,531.6,1.38,733.61,39.07,659.7,34.84,14.73,1.5,-0.12
6191,12777,Potato,Red,Larson-Keith,Retailer,Brandenburg,Direct,2025-04-16,504.2,1.19,600.0,22.73,560.47,16.8,15.53,1.18,0.01
6192,9201,Wheat,Emmer,Brown-Cowan,Exporter,Lower Saxony,Online,2025-04-11,401.7,1.15,461.95,22.99,361.11,77.85,20.64,1.11,0.04
6193,3729,Corn,Sweet,"Morrison, Dean and Fernandez",Wholesaler,Hesse,Direct,2025-05-05,668.6,0.58,387.79,37.46,273.39,76.94,23.52,0.62,-0.04
6194,9492,Soybean,Black,Williams-Johnson,Retailer,Saxony,Direct,2025-05-05,1118.7,1.2,1342.44,42.68,1250.79,48.97,10.87,1.28,-0.08
6195,13828,Corn,Sweet,Hall-Mahoney,Retailer,Saxony,Online,2025-02-07,307.6,0.54,166.1,47.56,53.24,65.3,7.11,0.51,0.03
6196,10925,Wheat,Emmer,"Villanueva, Blevins and King",Wholesaler,Lower Saxony,Cooperative,2025-04-24,664.1,0.84,557.84,42.6,473.33,41.91,18.72,0.8,0.04
6197,4731,Soybean,Yellow,Martinez Inc,Exporter,Hesse,Cooperative,2024-03-29,1202.5,0.34,408.85,40.94,316.99,50.92,9.78,0.36,-0.02
6198,5269,Soybean,Yellow,Johnson-Schultz,Wholesaler,Brandenburg,Direct,2025-04-04,801.8,1.39,1114.5,37.53,1056.3,20.67,5.27,1.29,0.1
6199,12215,Potato,Red,Miller Inc,Exporter,Bavaria,Direct,2024-06-06,1711.5,1.49,2550.13,5.63,2504.08,40.42,13.81,1.5,-0.01
6200,13879,Wheat,Durum,Davis-Horn,Retailer,Bavaria,Online,2025-03-20,258.3,0.79,204.06,48.25,98.49,57.32,13.57,0.8,-0.01
6201,3739,Potato,Red,"Johnson, Daniel and Nguyen",Wholesaler,Saxony,Online,2024-06-22,940.4,0.76,714.7,31.06,638.09,45.55,6.02,0.79,-0.03
6202,9802,Barley,Hulless,Warner PLC,Retailer,Lower Saxony,Cooperative,2025-04-30,547.4,1.44,788.26,44.03,668.88,75.35,7.34,1.41,0.03
6203,10495,Wheat,Durum,Simon-Garcia,Retailer,Saxony,Cooperative,2024-03-11,778.3,1.6,1245.28,28.59,1193.81,22.88,20.77,1.47,0.13
6204,1730,Potato,Russet,Fuentes PLC,Wholesaler,Brandenburg,Cooperative,2024-10-23,431.5,1.45,625.67,36.85,576.68,12.14,24.07,1.45,0.0
6205,12133,Soybean,Black,"Perkins, Black and Gutierrez",Wholesaler,Saxony,Online,2024-02-27,661.9,1.15,761.18,34.27,630.09,96.82,11.96,1.16,-0.01
6206,7781,Soybean,Yellow,"Munoz, Brooks and Carter",Wholesaler,Brandenburg,Online,2025-05-02,602.0,0.48,288.96,39.62,204.74,44.6,15.84,0.52,-0.04
6207,11772,Soybean,Yellow,"Miller, Garza and Frazier",Exporter,Hesse,Direct,2024-10-25,1914.2,0.58,1110.24,28.95,1031.88,49.41,10.55,0.57,0.01
6208,4239,Potato,Red,Reed Ltd,Exporter,Hesse,Online,2024-11-05,678.2,0.71,481.52,9.87,396.69,74.96,11.02,0.75,-0.04
6209,6253,Wheat,Emmer,Roberts PLC,Retailer,Lower Saxony,Online,2024-11-02,1717.8,0.89,1528.84,16.44,1446.05,66.35,20.84,0.97,-0.08
6210,6430,Wheat,Emmer,"Soto, Taylor and Roberts",Retailer,Bavaria,Cooperative,2025-05-05,500.9,0.58,290.52,25.95,171.99,92.58,21.32,0.54,0.04
6211,1332,Soybean,Black,Garcia Inc,Wholesaler,Bavaria,Direct,2025-03-08,517.4,0.41,212.13,23.14,108.79,80.2,8.53,0.39,0.02
6212,9121,Barley,Hulless,Morrison and Sons,Exporter,Lower Saxony,Cooperative,2025-04-11,338.4,0.47,159.05,8.03,80.29,70.73,24.68,0.51,-0.04
6213,9920,Soybean,Yellow,"Alvarado, Crane and Medina",Wholesaler,Saxony,Online,2024-12-20,1652.6,0.55,908.93,10.63,854.75,43.55,8.4,0.57,-0.02
6214,4735,Barley,Hulless,Boyd-Hayes,Wholesaler,Bavaria,Direct,2024-09-02,1849.8,1.37,2534.23,27.79,2492.01,14.43,21.15,1.44,-0.07
6215,6504,Wheat,Durum,Bryant PLC,Wholesaler,Bavaria,Direct,2025-04-03,560.2,0.64,358.53,48.96,290.79,18.78,5.66,0.64,0.0
6216,9590,Wheat,Emmer,"Wade, Hansen and Patel",Retailer,Hesse,Cooperative,2024-08-09,699.5,0.99,692.5,47.41,596.1,48.99,13.98,1.06,-0.07
6217,13850,Potato,Russet,Anderson Inc,Exporter,Bavaria,Cooperative,2024-03-27,1310.9,0.89,1166.7,40.58,1066.14,59.98,20.43,0.83,0.06
6218,2271,Corn,Sweet,"Chandler, Johnson and Harrison",Exporter,Hesse,Online,2025-04-20,281.4,0.47,132.26,20.27,47.06,64.93,6.1,0.45,0.02
6219,9836,Wheat,Durum,"Page, Lewis and Zimmerman",Wholesaler,Brandenburg,Online,2024-06-29,1146.0,1.32,1512.72,45.65,1407.4,59.67,18.52,1.41,-0.09
6220,807,Potato,Red,Sanders PLC,Wholesaler,Saxony,Online,2023-10-08,588.5,1.04,612.04,28.39,492.97,90.68,22.15,1.05,-0.01
6221,14920,Potato,Russet,"Brown, Hardy and Carter",Exporter,Saxony,Cooperative,2025-01-25,1426.2,0.68,969.82,31.99,869.84,67.99,15.53,0.65,0.03
6222,5758,Corn,Dent,Riley-Nguyen,Retailer,Lower Saxony,Cooperative,2023-11-24,1094.9,1.43,1565.71,8.26,1476.75,80.7,6.26,1.46,-0.03
6223,5072,Wheat,Durum,Smith LLC,Retailer,Saxony,Cooperative,2025-03-06,1694.9,0.99,1677.95,14.94,1573.05,89.96,10.18,1.06,-0.07
6224,8643,Potato,Red,Simmons-Scott,Retailer,Bavaria,Direct,2024-10-25,550.2,1.2,660.24,20.97,553.18,86.09,19.39,1.18,0.02
6225,14669,Corn,Dent,Johnson-Hernandez,Retailer,Hesse,Online,2024-12-30,433.1,0.49,212.22,40.03,118.02,54.17,7.34,0.47,0.02
6226,5617,Wheat,Emmer,Rich-Cantrell,Exporter,Brandenburg,Online,2025-03-04,1853.1,1.44,2668.46,24.57,2573.14,70.75,11.8,1.35,0.09
6227,2191,Corn,Sweet,"Charles, Graham and Garrison",Retailer,Hesse,Direct,2024-06-28,938.9,1.05,985.84,33.7,931.0,21.14,20.79,1.03,0.02
6228,9148,Potato,Russet,Griffith-Acevedo,Wholesaler,Brandenburg,Direct,2024-12-11,1273.5,1.03,1311.7,46.22,1222.51,42.97,19.53,0.95,0.08
6229,8857,Potato,Russet,"Hunter, Marshall and Price",Retailer,Lower Saxony,Online,2024-10-31,1595.8,0.46,734.07,31.81,640.04,62.22,5.58,0.45,0.01
6230,4124,Corn,Dent,Russell-Pierce,Exporter,Brandenburg,Direct,2025-04-22,640.0,0.79,505.6,44.05,443.71,17.84,16.4,0.75,0.04
6231,7294,Corn,Dent,"Benjamin, Jackson and Perez",Exporter,Brandenburg,Cooperative,2024-07-12,250.1,1.6,400.16,18.42,345.12,36.62,16.64,1.49,0.11
6232,7523,Potato,Red,Cooper-Stevenson,Exporter,Lower Saxony,Cooperative,2024-04-24,1365.0,0.46,627.9,46.02,523.58,58.3,5.88,0.46,0.0
6233,7646,Potato,Russet,Joseph and Sons,Exporter,Saxony,Online,2025-04-21,1576.3,1.2,1891.56,32.33,1775.12,84.11,19.98,1.2,0.0
6234,9814,Corn,Dent,Johnston LLC,Exporter,Lower Saxony,Direct,2025-01-04,1888.1,0.31,585.31,16.52,469.4,99.39,17.06,0.31,0.0
6235,6355,Barley,Hulless,Yates and Sons,Exporter,Bavaria,Cooperative,2025-04-12,1336.9,0.42,561.5,17.71,506.97,36.82,18.37,0.45,-0.03
6236,5660,Wheat,Durum,Willis Group,Retailer,Saxony,Online,2024-06-17,431.5,0.38,163.97,38.41,75.44,50.12,18.99,0.39,-0.01
6237,13564,Corn,Sweet,Cannon-Barton,Retailer,Hesse,Direct,2024-04-20,1163.1,1.06,1232.89,33.27,1110.34,89.28,24.13,0.98,0.08
6238,11214,Barley,Hulless,Mooney-Sanchez,Exporter,Lower Saxony,Online,2025-03-17,1063.8,0.4,425.52,2.28,385.28,37.96,8.82,0.41,-0.01
6239,2236,Soybean,Black,"Hernandez, Walter and Zamora",Exporter,Bavaria,Online,2024-06-29,1206.4,0.46,554.94,21.62,441.4,91.92,6.23,0.43,0.03
6240,664,Potato,Russet,Garcia Ltd,Retailer,Lower Saxony,Direct,2024-10-13,405.1,0.57,230.91,12.27,170.52,48.12,11.57,0.55,0.02
6241,5727,Potato,Red,Garza Group,Retailer,Bavaria,Online,2025-05-05,1157.4,0.97,1122.68,0.31,1041.08,81.29,12.79,1.06,-0.09
6242,1329,Potato,Red,Carrillo-Best,Wholesaler,Lower Saxony,Cooperative,2024-12-15,832.4,1.27,1057.15,14.06,1003.42,39.67,19.1,1.36,-0.09
6243,11993,Potato,Russet,Martin-Gray,Exporter,Saxony,Direct,2025-05-05,1338.8,1.06,1419.13,41.56,1308.18,69.39,16.99,0.98,0.08
6244,3535,Potato,Red,Brown-Thompson,Wholesaler,Saxony,Online,2025-05-05,1639.5,1.0,1639.5,37.93,1570.16,31.41,5.65,0.93,0.07
6245,8624,Wheat,Emmer,Adams Group,Retailer,Bavaria,Online,2024-10-14,307.9,0.84,258.64,2.15,161.59,94.9,6.42,0.82,0.02
6246,1875,Corn,Sweet,Wells LLC,Retailer,Brandenburg,Online,2025-04-20,1311.1,1.27,1665.1,22.79,1588.51,53.8,20.86,1.4,-0.13
6247,8547,Wheat,Emmer,"Hurst, Contreras and Jenkins",Retailer,Saxony,Online,2025-05-05,1961.6,1.37,2687.39,22.75,2600.66,63.98,11.89,1.44,-0.07
6248,7571,Soybean,Black,"Waters, Cummings and Cohen",Wholesaler,Brandenburg,Direct,2025-03-25,312.8,0.52,162.66,17.42,121.88,23.36,21.68,0.53,-0.01
6249,5710,Barley,Hulless,Cowan Group,Exporter,Hesse,Direct,2025-01-15,527.4,0.54,284.8,30.77,159.33,94.7,8.8,0.53,0.01
6250,7972,Potato,Red,Schwartz LLC,Retailer,Lower Saxony,Cooperative,2024-11-29,1584.6,1.34,2123.36,9.92,2103.33,10.11,22.56,1.25,0.09
6251,2732,Barley,Hulless,Nelson-Flynn,Retailer,Saxony,Direct,2024-09-22,424.7,0.72,305.78,26.34,181.55,97.89,21.29,0.66,0.06
6252,2404,Soybean,Yellow,"Williams, Nguyen and Peterson",Retailer,Bavaria,Cooperative,2024-07-22,768.9,0.39,299.87,25.42,209.23,65.22,14.85,0.39,0.0
6253,1218,Wheat,Durum,Bennett Group,Retailer,Bavaria,Online,2025-04-12,1166.4,1.4,1632.96,16.77,1526.32,89.87,13.34,1.4,0.0
6254,5290,Wheat,Emmer,Brown Group,Retailer,Bavaria,Online,2025-04-30,224.1,1.32,295.81,48.79,236.37,10.65,10.69,1.22,0.1
6255,10331,Potato,Red,Russell-Peterson,Exporter,Bavaria,Cooperative,2025-05-05,1836.5,1.45,2662.92,3.1,2575.73,84.09,15.14,1.39,0.06
6256,12673,Wheat,Durum,Wong Ltd,Wholesaler,Bavaria,Direct,2024-07-15,1667.6,1.25,2084.5,41.72,1992.02,50.76,21.76,1.39,-0.14
6257,851,Corn,Dent,"Jones, Carter and Ray",Retailer,Brandenburg,Direct,2025-05-05,272.6,1.41,384.37,27.71,295.93,60.73,12.58,1.5,-0.09
6258,12894,Barley,Hulled,Cruz Inc,Exporter,Hesse,Direct,2024-06-25,1218.8,0.78,950.66,31.37,895.31,23.98,23.66,0.82,-0.04
6259,11579,Potato,Red,Parks-Yu,Retailer,Brandenburg,Cooperative,2025-01-09,251.4,1.45,364.53,40.42,244.85,79.26,20.07,1.44,0.01
6260,3329,Potato,Red,Dixon-Stafford,Wholesaler,Saxony,Cooperative,2025-05-05,226.0,0.44,99.44,21.74,20.43,57.27,5.87,0.45,-0.01
6261,5808,Wheat,Durum,"Ward, Wood and Smith",Exporter,Saxony,Direct,2025-05-05,1763.7,0.59,1040.58,2.62,996.19,41.77,17.23,0.56,0.03
6262,1939,Wheat,Emmer,Green LLC,Wholesaler,Lower Saxony,Online,2023-11-27,1469.8,1.3,1910.74,26.51,1868.45,15.78,14.41,1.29,0.01
6263,1162,Corn,Sweet,"Wyatt, Meyer and Quinn",Retailer,Hesse,Cooperative,2025-04-08,273.6,0.61,166.9,44.59,46.09,76.22,24.5,0.67,-0.06
6264,12373,Wheat,Durum,Meadows-West,Wholesaler,Bavaria,Direct,2025-05-05,1868.4,0.65,1214.46,34.65,1159.89,19.92,22.09,0.72,-0.07
6265,101,Wheat,Emmer,Hansen-Hutchinson,Retailer,Lower Saxony,Online,2025-05-05,1609.9,1.53,2463.15,40.01,2331.29,91.85,16.91,1.46,0.07
6266,13035,Potato,Russet,"Hansen, Roberson and Lester",Exporter,Saxony,Direct,2025-03-06,1040.3,1.26,1310.78,41.15,1183.31,86.32,24.82,1.3,-0.04
6267,13987,Wheat,Durum,Mcconnell-Santana,Retailer,Hesse,Direct,2025-01-10,1073.9,0.93,998.73,22.14,953.42,23.17,9.29,0.91,0.02
6268,11471,Barley,Hulled,Garcia-Haley,Retailer,Hesse,Cooperative,2025-02-24,1551.1,0.9,1395.99,40.04,1306.99,48.96,19.61,0.91,-0.01
6269,11373,Potato,Russet,"Miller, Pittman and Lucas",Retailer,Saxony,Direct,2025-04-16,899.4,0.48,431.71,5.07,406.76,19.88,16.51,0.46,0.02
6270,4566,Potato,Russet,Oconnor Group,Exporter,Brandenburg,Online,2025-05-04,1746.7,1.29,2253.24,9.99,2150.97,92.28,16.81,1.24,0.05
6271,2915,Potato,Red,Delgado-Delgado,Wholesaler,Bavaria,Direct,2025-01-29,1712.7,0.89,1524.3,12.07,1436.92,75.31,15.89,0.83,0.06
6272,4653,Soybean,Black,Holmes Ltd,Retailer,Lower Saxony,Direct,2024-12-22,1501.4,0.64,960.9,24.68,848.91,87.31,11.61,0.58,0.06
6273,5582,Soybean,Black,Smith LLC,Retailer,Brandenburg,Direct,2024-06-18,1622.9,1.02,1655.36,1.69,1622.16,31.51,23.13,1.01,0.01
6274,2666,Barley,Hulless,Sherman Inc,Retailer,Lower Saxony,Direct,2025-01-16,1444.6,1.43,2065.78,37.08,2010.78,17.92,9.52,1.48,-0.05
6275,14919,Barley,Hulled,Fox and Sons,Wholesaler,Bavaria,Direct,2024-11-04,1851.1,0.9,1665.99,6.38,1623.49,36.12,22.0,1.0,-0.1
6276,12762,Soybean,Yellow,Clayton-Ortiz,Wholesaler,Saxony,Cooperative,2024-05-10,1166.8,1.18,1376.82,43.39,1302.52,30.91,5.93,1.18,0.0
6277,14750,Wheat,Emmer,"Escobar, Young and Gillespie",Exporter,Hesse,Direct,2025-04-26,428.2,0.56,239.79,12.46,158.19,69.14,18.12,0.6,-0.04
6278,2794,Corn,Dent,"Campbell, Hudson and Goodman",Retailer,Lower Saxony,Direct,2025-04-19,457.2,0.68,310.9,9.89,210.02,90.99,5.1,0.66,0.02
6279,5943,Corn,Dent,Montoya PLC,Exporter,Brandenburg,Direct,2024-03-20,470.9,1.43,673.39,26.47,597.23,49.69,8.27,1.46,-0.03
6280,582,Barley,Hulless,"Hernandez, Johnson and Kim",Exporter,Bavaria,Direct,2025-05-05,1979.5,0.93,1840.94,4.06,1773.83,63.05,17.66,0.86,0.07
6281,3975,Corn,Sweet,"Castro, Francis and Williams",Wholesaler,Saxony,Direct,2025-05-05,1306.3,0.51,666.21,34.35,552.97,78.89,21.65,0.47,0.04
6282,5829,Wheat,Emmer,Barr Ltd,Wholesaler,Brandenburg,Online,2024-11-09,1772.5,1.08,1914.3,21.95,1809.07,83.28,7.2,1.19,-0.11
6283,8677,Potato,Russet,Miranda PLC,Wholesaler,Bavaria,Direct,2025-02-16,486.6,0.51,248.17,12.23,195.69,40.25,23.99,0.52,-0.01
6284,3341,Potato,Red,"Durham, Haynes and Marsh",Retailer,Lower Saxony,Online,2025-01-30,1882.4,0.42,790.61,42.1,723.55,24.96,11.91,0.44,-0.02
6285,11876,Wheat,Durum,"Duffy, Arias and Tyler",Wholesaler,Bavaria,Direct,2024-10-12,255.2,0.92,234.78,1.79,137.21,95.78,22.76,0.95,-0.03
6286,3628,Potato,Russet,"Scott, Sanders and Lambert",Exporter,Brandenburg,Cooperative,2024-12-02,1327.7,0.95,1261.32,3.46,1174.73,83.13,18.26,1.02,-0.07
6287,11331,Wheat,Emmer,"Sosa, Hernandez and Davis",Retailer,Bavaria,Direct,2025-05-05,832.1,0.39,324.52,19.95,205.46,99.11,10.18,0.42,-0.03
6288,4901,Potato,Red,Kelly-Martin,Exporter,Brandenburg,Online,2025-05-02,726.1,1.22,885.84,11.36,859.74,14.74,16.88,1.12,0.1
6289,12918,Soybean,Black,Wright-Bailey,Wholesaler,Saxony,Direct,2025-04-28,1843.2,1.29,2377.73,25.29,2273.94,78.5,23.46,1.25,0.04
6290,825,Wheat,Durum,Hill-Shepherd,Retailer,Bavaria,Cooperative,2024-11-04,1526.4,0.73,1114.27,11.86,1045.63,56.78,6.71,0.7,0.03
6291,9720,Potato,Russet,"James, Sosa and Meyers",Wholesaler,Bavaria,Direct,2025-04-18,1883.8,0.97,1827.29,8.06,1739.02,80.21,14.06,0.91,0.06
6292,9307,Potato,Russet,"Clark, Weaver and Ford",Wholesaler,Lower Saxony,Direct,2025-02-11,821.1,0.4,328.44,7.86,241.96,78.62,17.97,0.42,-0.02
6293,2821,Barley,Hulled,"Spencer, Goodwin and Scott",Retailer,Hesse,Online,2025-04-03,819.4,1.51,1237.29,27.2,1126.83,83.26,17.6,1.44,0.07
6294,5696,Barley,Hulless,Wells-Taylor,Wholesaler,Saxony,Cooperative,2025-01-13,1680.0,1.09,1831.2,21.41,1769.75,40.04,20.94,1.13,-0.04
6295,7745,Corn,Sweet,Holland and Sons,Retailer,Bavaria,Cooperative,2024-05-11,1537.1,0.61,937.63,41.87,875.16,20.6,24.23,0.62,-0.01
6296,7481,Corn,Dent,"Wood, Proctor and Smith",Wholesaler,Bavaria,Cooperative,2025-04-06,596.1,0.37,220.56,32.21,168.63,19.72,12.77,0.36,0.01
6297,4156,Soybean,Yellow,Tran-Gregory,Exporter,Bavaria,Cooperative,2025-05-05,1863.8,0.54,1006.45,41.08,922.58,42.79,15.38,0.56,-0.02
6298,8951,Corn,Dent,Baker-Goodwin,Retailer,Lower Saxony,Cooperative,2025-05-05,1915.3,1.25,2394.12,4.52,2377.13,12.47,19.38,1.3,-0.05
6299,9222,Wheat,Emmer,"Allen, Carrillo and Wilkerson",Wholesaler,Bavaria,Cooperative,2024-12-21,1694.8,1.25,2118.5,49.9,2011.89,56.71,16.91,1.38,-0.13
6300,12377,Barley,Hulled,Walker Group,Retailer,Bavaria,Online,2024-10-04,1287.4,0.94,1210.16,27.54,1141.18,41.44,13.4,0.91,0.03
6301,10096,Wheat,Durum,"Reed, Edwards and Lamb",Wholesaler,Brandenburg,Online,2024-02-04,867.5,0.83,720.02,33.91,667.24,18.87,23.66,0.89,-0.06
6302,10454,Wheat,Durum,Garner-Ray,Exporter,Brandenburg,Online,2024-09-24,1878.8,1.07,2010.32,20.42,1916.6,73.3,12.61,1.17,-0.1
6303,3870,Soybean,Black,Bentley and Sons,Wholesaler,Brandenburg,Online,2025-05-03,329.1,0.56,184.3,27.86,121.68,34.76,13.45,0.6,-0.04
6304,14616,Barley,Hulless,Cummings-James,Retailer,Hesse,Direct,2025-05-05,1492.5,0.32,477.6,43.1,343.86,90.64,24.92,0.31,0.01
6305,14946,Barley,Hulless,Tucker-Davis,Exporter,Hesse,Direct,2024-12-18,998.9,1.05,1048.84,24.27,994.38,30.19,12.87,0.98,0.07
6306,4549,Wheat,Durum,Allison Group,Exporter,Bavaria,Online,2025-04-25,1948.5,1.37,2669.44,25.98,2626.56,16.9,16.36,1.35,0.02
6307,2353,Wheat,Durum,Jackson and Sons,Retailer,Hesse,Cooperative,2025-05-05,321.9,0.56,180.26,35.82,57.49,86.95,17.36,0.6,-0.04
6308,3279,Corn,Dent,"Carter, Martinez and Moore",Exporter,Bavaria,Direct,2025-03-11,297.5,0.72,214.2,39.62,128.5,46.08,9.08,0.74,-0.02
6309,9951,Potato,Russet,Scott-Garcia,Retailer,Bavaria,Cooperative,2025-01-18,819.6,0.85,696.66,27.04,593.67,75.95,22.32,0.91,-0.06
6310,9885,Soybean,Black,Davis-Brown,Wholesaler,Bavaria,Cooperative,2024-12-12,1667.4,0.55,917.07,26.7,804.48,85.89,18.35,0.56,-0.01
6311,13854,Potato,Russet,Carter-West,Exporter,Saxony,Cooperative,2024-08-05,667.0,0.89,593.63,36.21,532.5,24.92,16.48,0.9,-0.01
6312,5543,Barley,Hulless,"Wiley, Andrews and Hill",Retailer,Hesse,Direct,2025-05-05,467.1,0.44,205.52,35.43,87.01,83.08,6.99,0.47,-0.03
6313,14963,Soybean,Yellow,"Hernandez, Mcintosh and Thompson",Retailer,Saxony,Online,2023-11-15,1317.2,1.08,1422.58,15.85,1324.08,82.65,10.77,1.13,-0.05
6314,11267,Corn,Sweet,"Dunn, Ellis and Campbell",Exporter,Brandenburg,Direct,2025-05-05,1871.4,0.8,1497.12,3.75,1427.5,65.87,18.0,0.86,-0.06
6315,13724,Wheat,Emmer,Gonzalez-Miller,Wholesaler,Saxony,Cooperative,2025-04-04,1178.9,1.36,1603.3,27.11,1497.97,78.22,8.24,1.27,0.09
6316,11847,Barley,Hulled,"Adams, Smith and Levine",Wholesaler,Hesse,Cooperative,2025-02-13,1322.1,1.17,1546.86,19.69,1489.44,37.73,8.8,1.3,-0.13
6317,7851,Barley,Hulled,"Gonzales, Bailey and Wilson",Retailer,Hesse,Cooperative,2025-04-19,242.0,1.17,283.14,1.15,255.57,26.42,19.84,1.16,0.01
6318,13860,Corn,Sweet,"Price, Henson and Hensley",Retailer,Lower Saxony,Online,2025-02-25,385.3,0.35,134.85,48.73,4.89,81.23,19.68,0.33,0.02
6319,921,Corn,Sweet,"Garza, Ritter and Reese",Exporter,Saxony,Cooperative,2025-03-01,1093.9,0.65,711.04,44.7,653.0,13.34,7.34,0.66,-0.01
6320,9369,Potato,Russet,Love Ltd,Wholesaler,Hesse,Online,2025-01-07,266.8,0.44,117.39,32.82,28.72,55.85,17.68,0.42,0.02
6321,2696,Potato,Russet,Carter Inc,Retailer,Lower Saxony,Direct,2025-05-05,1522.8,0.61,928.91,11.97,905.22,11.72,19.45,0.63,-0.02
6322,3740,Wheat,Emmer,Jordan-Wilson,Exporter,Hesse,Direct,2024-11-15,1692.0,0.72,1218.24,5.28,1195.25,17.71,10.59,0.75,-0.03
6323,8976,Potato,Red,Walters and Sons,Retailer,Brandenburg,Direct,2025-04-16,1038.9,0.56,581.78,16.95,485.55,79.28,5.21,0.55,0.01
6324,3686,Corn,Sweet,Rodriguez Ltd,Wholesaler,Hesse,Online,2025-03-23,1823.2,1.26,2297.23,33.36,2231.91,31.96,12.31,1.17,0.09
6325,7745,Corn,Sweet,"Shaw, Tucker and Dominguez",Wholesaler,Lower Saxony,Cooperative,2024-09-22,649.6,0.56,363.78,20.57,278.59,64.62,21.59,0.62,-0.06
6326,7913,Wheat,Durum,"Rivas, Clark and Curry",Retailer,Bavaria,Cooperative,2024-10-17,492.7,0.62,305.47,36.12,195.71,73.64,7.88,0.68,-0.06
6327,1830,Corn,Dent,Griffin-Knapp,Exporter,Hesse,Online,2025-04-11,1750.2,1.07,1872.71,15.57,1843.52,13.62,17.01,1.1,-0.03
6328,8279,Potato,Russet,"Gonzales, Quinn and Mills",Retailer,Bavaria,Online,2025-05-05,1187.3,1.28,1519.74,38.6,1436.96,44.18,16.94,1.35,-0.07
6329,14802,Barley,Hulless,Adams-Fox,Exporter,Saxony,Cooperative,2025-04-06,1699.2,0.91,1546.27,17.06,1482.2,47.01,6.25,1.0,-0.09
6330,12874,Barley,Hulled,Phillips-Curry,Retailer,Bavaria,Direct,2024-07-10,1381.1,0.56,773.42,31.03,667.93,74.46,5.98,0.55,0.01
6331,8979,Barley,Hulless,Miranda-Foster,Retailer,Bavaria,Direct,2024-11-21,1185.1,0.39,462.19,35.75,369.71,56.73,5.87,0.39,0.0
6332,11817,Potato,Russet,Howard-Miller,Retailer,Saxony,Cooperative,2025-03-23,1773.2,0.47,833.4,25.63,711.51,96.26,24.69,0.47,0.0
6333,2021,Wheat,Durum,Kim-Jennings,Wholesaler,Hesse,Cooperative,2023-10-30,442.6,1.2,531.12,29.72,490.22,11.18,24.33,1.28,-0.08
6334,6321,Wheat,Durum,Shepard and Sons,Retailer,Brandenburg,Online,2024-11-20,270.8,1.56,422.45,17.44,330.92,74.09,10.84,1.48,0.08
6335,7808,Corn,Dent,Torres Group,Wholesaler,Saxony,Cooperative,2025-05-04,1678.1,0.99,1661.32,31.68,1530.88,98.76,7.41,1.02,-0.03
6336,8604,Corn,Sweet,Jones PLC,Wholesaler,Hesse,Online,2024-06-23,1823.4,0.99,1805.17,11.39,1698.02,95.76,15.41,0.98,0.01
6337,14147,Potato,Red,"Kramer, Castillo and Brown",Wholesaler,Hesse,Online,2024-10-09,1965.3,1.17,2299.4,9.15,2228.44,61.81,16.44,1.22,-0.05
6338,14102,Corn,Dent,"Vasquez, Gordon and Sparks",Wholesaler,Hesse,Cooperative,2024-05-12,303.2,1.47,445.7,39.26,385.22,21.22,14.2,1.36,0.11
6339,36,Soybean,Yellow,"Peterson, Wise and Johnson",Wholesaler,Saxony,Cooperative,2024-10-29,1117.1,0.35,390.98,23.35,352.73,14.9,19.64,0.34,0.01
6340,7108,Potato,Red,Webster PLC,Retailer,Brandenburg,Cooperative,2025-03-07,1967.3,0.4,786.92,5.38,702.09,79.45,23.45,0.38,0.02
6341,13876,Soybean,Black,Reid Inc,Wholesaler,Lower Saxony,Direct,2025-01-09,1069.3,1.54,1646.72,8.32,1573.63,64.77,7.43,1.44,0.1
6342,10014,Soybean,Black,"Werner, Martin and Castaneda",Exporter,Bavaria,Online,2025-03-09,1037.2,1.11,1151.29,21.89,1059.02,70.38,12.21,1.2,-0.09
6343,14057,Wheat,Durum,"Mcclain, Bautista and Strickland",Wholesaler,Lower Saxony,Online,2024-11-09,576.0,1.35,777.6,46.91,662.24,68.45,13.88,1.42,-0.07
6344,6048,Corn,Sweet,Andrews-Baldwin,Exporter,Bavaria,Online,2025-03-05,264.7,1.2,317.64,38.09,193.73,85.82,16.3,1.14,0.06
6345,1854,Wheat,Emmer,Vincent Group,Retailer,Bavaria,Online,2024-08-29,268.4,1.22,327.45,30.11,264.87,32.47,19.48,1.2,0.02
6346,1844,Potato,Russet,"Peck, Mclaughlin and Schroeder",Wholesaler,Saxony,Cooperative,2025-02-01,981.3,1.26,1236.44,14.82,1184.87,36.75,16.19,1.32,-0.06
6347,3877,Wheat,Emmer,Mann PLC,Exporter,Saxony,Direct,2025-02-02,791.2,1.15,909.88,4.99,818.33,86.56,18.71,1.26,-0.11
6348,2339,Corn,Sweet,"Smith, Sullivan and Williamson",Retailer,Hesse,Cooperative,2024-09-13,401.9,1.0,401.9,11.95,376.97,12.98,21.95,1.03,-0.03
6349,2394,Wheat,Durum,"Jenkins, Mills and Garrison",Wholesaler,Brandenburg,Online,2024-12-25,1263.8,1.23,1554.47,7.23,1525.05,22.19,24.96,1.22,0.01
6350,9360,Soybean,Black,Turner-Hamilton,Wholesaler,Saxony,Cooperative,2025-01-08,607.0,1.35,819.45,41.72,726.35,51.38,10.75,1.36,-0.01
6351,5406,Soybean,Black,Washington-Price,Retailer,Lower Saxony,Online,2024-09-30,692.5,1.0,692.5,4.29,627.08,61.13,9.86,0.97,0.03
6352,11196,Soybean,Yellow,Walker-Brandt,Exporter,Saxony,Cooperative,2024-07-20,1096.7,1.45,1590.22,40.75,1471.44,78.03,17.66,1.38,0.07
6353,6086,Corn,Sweet,Watson Ltd,Retailer,Brandenburg,Online,2025-05-02,1160.8,1.16,1346.53,12.27,1250.47,83.79,7.42,1.08,0.08
6354,2213,Corn,Dent,Baker Inc,Retailer,Saxony,Cooperative,2025-05-05,532.9,0.97,516.91,28.82,461.41,26.68,21.4,0.91,0.06
6355,13437,Corn,Dent,Gonzalez Group,Exporter,Saxony,Cooperative,2024-08-20,1377.5,1.35,1859.63,19.68,1781.79,58.16,16.3,1.4,-0.05
6356,14015,Wheat,Emmer,Perez PLC,Exporter,Bavaria,Online,2024-11-16,1866.1,0.76,1418.24,7.81,1395.43,15.0,17.28,0.83,-0.07
6357,5939,Soybean,Yellow,Blackwell-Dixon,Exporter,Brandenburg,Direct,2025-05-05,1325.9,1.35,1789.96,46.12,1694.49,49.35,15.58,1.44,-0.09
6358,12649,Barley,Hulless,"Fuller, Smith and Morgan",Retailer,Bavaria,Cooperative,2025-02-11,1513.2,1.07,1619.12,25.9,1582.52,10.7,21.0,1.02,0.05
6359,8764,Potato,Red,Taylor-Daniels,Retailer,Lower Saxony,Direct,2024-12-27,587.5,1.16,681.5,1.7,609.56,70.24,22.89,1.17,-0.01
6360,3569,Corn,Sweet,"Winters, Ritter and Martin",Exporter,Bavaria,Direct,2025-03-23,1970.9,0.59,1162.83,1.43,1139.89,21.51,24.69,0.6,-0.01
6361,13137,Soybean,Yellow,Jackson-Bowman,Wholesaler,Hesse,Online,2024-11-05,1386.4,0.28,388.19,23.43,334.85,29.91,16.95,0.31,-0.03
6362,1386,Corn,Dent,Martinez-Rogers,Retailer,Brandenburg,Cooperative,2024-12-09,1515.0,0.73,1105.95,41.69,967.11,97.15,17.28,0.77,-0.04
6363,5540,Soybean,Yellow,"Gonzalez, Smith and Griffin",Retailer,Bavaria,Direct,2025-05-05,1266.1,0.89,1126.83,19.15,1081.81,25.87,8.37,0.85,0.04
6364,12520,Wheat,Durum,Ruiz-Moreno,Retailer,Saxony,Online,2024-11-20,1236.7,1.44,1780.85,21.25,1719.53,40.07,6.76,1.4,0.04
6365,7213,Corn,Dent,"Hanson, Lee and Miller",Exporter,Bavaria,Online,2024-04-30,1598.9,0.47,751.48,30.25,657.97,63.26,5.55,0.5,-0.03
6366,12214,Potato,Red,Jones-Ho,Retailer,Lower Saxony,Direct,2025-04-06,1039.0,0.76,789.64,21.67,696.04,71.93,15.43,0.82,-0.06
6367,6849,Barley,Hulled,Woods-Lee,Exporter,Hesse,Direct,2024-12-23,1049.2,1.19,1248.55,9.93,1165.49,73.13,17.42,1.16,0.03
6368,2677,Soybean,Yellow,Walters Inc,Wholesaler,Lower Saxony,Direct,2025-01-29,1238.9,0.57,706.17,21.75,674.36,10.06,23.3,0.55,0.02
6369,127,Soybean,Black,Steele-Riggs,Wholesaler,Lower Saxony,Online,2024-11-02,1974.2,0.84,1658.33,22.28,1561.44,74.61,8.24,0.81,0.03
6370,12363,Barley,Hulled,Gordon-Burns,Retailer,Hesse,Cooperative,2024-10-18,435.7,0.38,165.57,22.16,85.64,57.77,16.8,0.36,0.02
6371,2201,Barley,Hulled,"Kelly, Jones and Smith",Retailer,Brandenburg,Online,2025-01-30,435.8,0.52,226.62,32.54,157.73,36.35,19.64,0.5,0.02
6372,3214,Wheat,Emmer,"Rogers, Kelly and Bradford",Retailer,Brandenburg,Cooperative,2024-08-29,1349.4,1.24,1673.26,21.78,1613.69,37.79,22.48,1.26,-0.02
6373,2249,Soybean,Black,"Alexander, Anderson and Hayes",Wholesaler,Bavaria,Cooperative,2024-12-24,717.7,1.57,1126.79,39.36,1043.13,44.3,6.67,1.48,0.09
6374,9270,Corn,Sweet,Thomas Inc,Retailer,Bavaria,Direct,2025-03-20,1855.2,0.33,612.22,16.24,498.53,97.45,7.45,0.31,0.02
6375,14200,Barley,Hulless,Sanchez-Miller,Wholesaler,Lower Saxony,Direct,2025-05-05,950.2,0.49,465.6,20.49,396.93,48.18,10.31,0.53,-0.04
6376,8971,Corn,Dent,Hall-Mitchell,Retailer,Brandenburg,Cooperative,2025-03-26,1133.6,0.99,1122.26,29.26,1033.32,59.68,19.27,0.9,0.09
6377,868,Corn,Sweet,Acosta-Crosby,Retailer,Saxony,Cooperative,2025-02-18,1919.0,0.57,1093.83,44.72,966.57,82.54,18.16,0.6,-0.03
6378,3225,Potato,Russet,Miller-Everett,Exporter,Hesse,Online,2025-05-05,294.7,1.06,312.38,17.56,257.27,37.55,17.64,0.98,0.08
6379,1429,Soybean,Black,Horton-Roberson,Exporter,Brandenburg,Online,2024-03-04,870.4,0.56,487.42,39.69,437.65,10.08,6.73,0.53,0.03
6380,6597,Soybean,Yellow,Ramos-Choi,Retailer,Bavaria,Cooperative,2025-03-17,838.1,0.93,779.43,29.61,677.51,72.31,15.45,0.89,0.04
6381,13457,Barley,Hulless,"Johnson, Williams and Buck",Exporter,Bavaria,Cooperative,2025-04-30,256.7,0.7,179.69,13.91,144.13,21.65,7.4,0.78,-0.08
6382,12848,Barley,Hulled,Moore Inc,Exporter,Brandenburg,Online,2024-12-10,430.7,0.89,383.32,33.13,312.67,37.52,22.98,0.98,-0.09
6383,10446,Corn,Sweet,West Ltd,Wholesaler,Saxony,Cooperative,2025-05-05,1167.6,0.83,969.11,49.8,836.06,83.25,17.83,0.89,-0.06
6384,4173,Corn,Sweet,"Mercer, Reed and Kirk",Exporter,Bavaria,Online,2025-04-18,1737.4,1.4,2432.36,3.05,2382.14,47.17,12.64,1.4,0.0
6385,5385,Soybean,Black,Kim-Schneider,Retailer,Brandenburg,Direct,2024-12-15,657.7,0.29,190.73,45.23,94.58,50.92,17.46,0.31,-0.02
6386,10997,Wheat,Emmer,Taylor Inc,Wholesaler,Lower Saxony,Direct,2025-05-05,952.4,0.55,523.82,2.68,476.39,44.75,19.4,0.59,-0.04
6387,8176,Corn,Dent,"Shaw, Flores and Murray",Retailer,Bavaria,Cooperative,2025-04-09,453.7,1.56,707.77,22.95,645.56,39.26,23.49,1.44,0.12
6388,12053,Soybean,Black,Dalton-Barrett,Wholesaler,Hesse,Direct,2025-01-20,403.7,0.41,165.52,19.97,60.81,84.74,12.04,0.42,-0.01
6389,2302,Soybean,Yellow,Porter-Arnold,Exporter,Brandenburg,Online,2024-11-23,770.5,0.64,493.12,24.08,427.55,41.49,15.14,0.66,-0.02
6390,4793,Soybean,Black,Werner-Marsh,Retailer,Bavaria,Online,2025-01-18,1888.3,0.51,963.03,36.32,893.8,32.91,16.12,0.55,-0.04
6391,7126,Soybean,Yellow,"Martinez, Smith and Sanders",Wholesaler,Brandenburg,Direct,2025-05-05,925.2,0.32,296.06,19.21,258.63,18.22,18.43,0.32,0.0
6392,13801,Wheat,Emmer,Olson-Webb,Wholesaler,Lower Saxony,Direct,2024-12-05,1042.4,1.09,1136.22,36.27,1001.2,98.75,9.37,1.06,0.03
6393,11464,Corn,Dent,"Browning, Nelson and Ferguson",Retailer,Bavaria,Cooperative,2025-01-03,428.2,0.32,137.02,25.57,48.01,63.44,19.23,0.3,0.02
6394,3976,Barley,Hulless,Gilbert and Sons,Retailer,Hesse,Cooperative,2024-05-29,748.9,1.04,778.86,1.51,726.75,50.6,22.22,0.98,0.06
6395,4615,Corn,Dent,Porter-Wilson,Exporter,Bavaria,Cooperative,2025-01-24,1323.0,0.43,568.89,27.51,509.85,31.53,12.83,0.47,-0.04
6396,6396,Corn,Sweet,"Taylor, Miranda and Rivera",Exporter,Brandenburg,Direct,2025-03-09,1054.3,0.82,864.53,24.16,759.48,80.89,19.52,0.91,-0.09
6397,1450,Wheat,Durum,"Richards, Velazquez and Santos",Retailer,Lower Saxony,Direct,2025-01-16,1592.0,0.85,1353.2,17.16,1321.98,14.06,5.58,0.79,0.06
6398,10692,Potato,Red,Fuentes-Hickman,Exporter,Bavaria,Online,2025-02-25,1863.5,0.57,1062.2,14.3,957.38,90.52,8.2,0.56,0.01
6399,10959,Wheat,Emmer,Miller and Sons,Retailer,Lower Saxony,Direct,2025-03-08,538.2,0.6,322.92,42.31,225.95,54.66,6.98,0.65,-0.05
6400,11744,Corn,Dent,Wilson-Hernandez,Exporter,Lower Saxony,Cooperative,2025-05-04,861.3,1.37,1179.98,19.71,1089.61,70.66,7.26,1.32,0.05
6401,13278,Barley,Hulless,"Nguyen, Smith and Lang",Retailer,Lower Saxony,Cooperative,2025-04-22,1260.0,1.2,1512.0,29.44,1383.91,98.65,12.13,1.31,-0.11
6402,11773,Barley,Hulless,"Newman, Carlson and Obrien",Retailer,Bavaria,Cooperative,2024-11-21,1165.4,0.98,1142.09,26.92,1067.53,47.64,19.86,0.89,0.09
6403,1869,Wheat,Durum,Gilbert-Johnson,Retailer,Saxony,Direct,2025-04-20,633.0,0.46,291.18,18.97,186.34,85.87,16.65,0.49,-0.03
6404,1706,Corn,Sweet,"Williams, Harris and Love",Retailer,Bavaria,Cooperative,2024-12-27,1258.3,1.03,1296.05,11.61,1187.85,96.59,23.64,0.97,0.06
6405,7733,Barley,Hulled,Jackson Group,Exporter,Hesse,Cooperative,2025-01-08,313.2,1.01,316.33,3.09,218.61,94.63,10.44,1.06,-0.05
6406,9495,Barley,Hulless,"Archer, Weaver and Davis",Retailer,Saxony,Online,2025-02-15,1730.5,1.34,2318.87,43.47,2217.37,58.03,24.43,1.39,-0.05
6407,4948,Corn,Sweet,Garner-Ochoa,Retailer,Hesse,Direct,2024-07-30,1516.3,1.31,1986.35,3.46,1940.74,42.15,9.88,1.29,0.02
6408,7026,Corn,Dent,Brown-Hall,Exporter,Saxony,Online,2025-04-29,588.1,1.07,629.27,4.67,613.33,11.27,21.8,1.01,0.06
6409,8833,Soybean,Black,Avery-Williams,Wholesaler,Brandenburg,Online,2025-04-02,1478.8,0.41,606.31,41.91,500.63,63.77,13.2,0.44,-0.03
6410,7578,Soybean,Yellow,Clark PLC,Exporter,Saxony,Cooperative,2024-11-27,1165.7,0.38,442.97,45.3,358.63,39.04,24.42,0.38,0.0
6411,6856,Soybean,Black,Flores Inc,Exporter,Brandenburg,Direct,2025-05-04,1789.9,0.39,698.06,40.26,636.86,20.94,12.84,0.39,0.0
6412,6219,Corn,Sweet,"Garcia, Ballard and Ware",Exporter,Lower Saxony,Online,2025-04-01,1637.6,1.07,1752.23,23.63,1637.75,90.85,23.22,1.15,-0.08
6413,5122,Barley,Hulled,"Woodward, Butler and Foster",Retailer,Bavaria,Cooperative,2024-12-10,218.6,0.61,133.35,39.4,22.4,71.55,12.23,0.59,0.02
6414,14132,Corn,Sweet,Andrade PLC,Wholesaler,Saxony,Online,2025-03-28,270.4,0.52,140.61,47.12,7.96,85.53,7.55,0.54,-0.02
6415,3191,Corn,Sweet,Garcia LLC,Wholesaler,Brandenburg,Cooperative,2025-02-15,1512.8,0.37,559.74,43.98,438.62,77.14,8.59,0.41,-0.04
6416,10614,Wheat,Emmer,Boyd and Sons,Retailer,Hesse,Cooperative,2025-02-28,1108.0,0.87,963.96,28.01,896.17,39.78,12.47,0.8,0.07
6417,7235,Soybean,Yellow,Holmes-Ray,Exporter,Hesse,Cooperative,2023-11-11,1095.6,0.84,920.3,22.54,847.77,49.99,15.09,0.81,0.03
6418,10829,Wheat,Emmer,Fuller Ltd,Retailer,Hesse,Cooperative,2024-09-22,317.1,1.16,367.84,20.06,284.79,62.99,10.77,1.23,-0.07
6419,1283,Soybean,Black,"Cruz, Browning and Rivers",Exporter,Lower Saxony,Cooperative,2025-05-05,510.9,1.2,613.08,6.53,506.79,99.76,8.0,1.27,-0.07
6420,14396,Corn,Sweet,Meyer-Adams,Retailer,Brandenburg,Direct,2024-07-14,506.8,1.62,821.02,3.31,751.42,66.29,16.39,1.48,0.14
6421,3317,Soybean,Yellow,"Williams, Johnson and Walker",Exporter,Lower Saxony,Cooperative,2025-04-28,1947.0,1.29,2511.63,32.13,2464.74,14.76,17.87,1.27,0.02
6422,4013,Potato,Red,Wolfe-Barton,Retailer,Saxony,Direct,2025-01-23,575.3,0.88,506.26,27.37,457.5,21.39,19.94,0.81,0.07
6423,9794,Potato,Red,Franklin Inc,Exporter,Hesse,Direct,2024-09-18,1807.6,1.14,2060.66,40.05,1944.4,76.21,22.32,1.18,-0.04
6424,3723,Barley,Hulless,"Stewart, Woods and Shaw",Wholesaler,Brandenburg,Cooperative,2025-04-11,372.7,0.56,208.71,31.02,126.96,50.73,12.46,0.55,0.01
6425,13945,Wheat,Emmer,Clark Inc,Retailer,Bavaria,Online,2024-08-10,878.2,0.73,641.09,12.88,576.41,51.8,19.59,0.72,0.01
6426,9147,Barley,Hulless,"Lewis, Smith and Rivers",Exporter,Saxony,Online,2025-05-05,437.1,1.23,537.63,1.3,517.81,18.52,15.76,1.23,0.0
6427,13994,Potato,Red,Hernandez PLC,Wholesaler,Lower Saxony,Online,2025-04-27,1208.8,1.09,1317.59,8.46,1264.53,44.6,9.91,1.12,-0.03
6428,11570,Soybean,Black,James PLC,Retailer,Lower Saxony,Cooperative,2023-11-02,922.0,1.45,1336.9,36.89,1235.09,64.92,10.0,1.44,0.01
6429,9100,Soybean,Yellow,James LLC,Wholesaler,Hesse,Cooperative,2025-04-15,1948.1,1.09,2123.43,45.52,2048.37,29.54,18.56,1.1,-0.01
6430,9585,Barley,Hulless,"Underwood, Sims and Floyd",Retailer,Bavaria,Direct,2025-01-26,279.8,0.35,97.93,6.94,26.11,64.88,8.48,0.37,-0.02
6431,14720,Corn,Sweet,Williams-Camacho,Wholesaler,Saxony,Cooperative,2025-02-11,1263.0,0.75,947.25,41.61,806.0,99.64,11.85,0.76,-0.01
6432,14076,Barley,Hulless,White-Hunt,Retailer,Saxony,Direct,2024-10-13,1022.9,1.25,1278.62,1.79,1264.27,12.56,7.74,1.17,0.08
6433,1640,Corn,Dent,"Long, Vargas and Potter",Exporter,Saxony,Cooperative,2025-05-05,1032.7,1.04,1074.01,21.92,1017.27,34.82,17.26,0.95,0.09
6434,1911,Wheat,Emmer,"Patterson, Warren and Miller",Exporter,Lower Saxony,Cooperative,2024-12-10,1163.9,1.24,1443.24,37.23,1309.54,96.47,7.04,1.21,0.03
6435,17,Potato,Russet,Duarte-Baker,Retailer,Lower Saxony,Online,2025-04-18,713.0,0.99,705.87,22.22,592.38,91.27,9.54,1.03,-0.04
6436,9515,Barley,Hulled,Guzman-Little,Exporter,Brandenburg,Online,2025-05-05,539.5,0.33,178.04,14.48,65.72,97.84,11.06,0.32,0.01
6437,11550,Barley,Hulless,Cook-Torres,Wholesaler,Hesse,Direct,2024-08-06,680.1,1.04,707.3,31.23,607.99,68.08,19.56,0.98,0.06
6438,7062,Barley,Hulled,Foster-Schmidt,Wholesaler,Brandenburg,Online,2025-03-14,557.1,1.14,635.09,49.31,510.37,75.41,14.87,1.04,0.1
6439,7571,Soybean,Black,Johnson and Sons,Wholesaler,Hesse,Cooperative,2024-12-15,851.6,0.54,459.86,36.28,398.25,25.33,23.26,0.53,0.01
6440,9666,Barley,Hulled,"Williams, Ruiz and Page",Retailer,Brandenburg,Cooperative,2024-04-21,951.7,1.23,1170.59,16.25,1078.73,75.61,10.76,1.23,0.0
6441,7841,Barley,Hulled,"Carter, Ramirez and Shelton",Exporter,Lower Saxony,Online,2024-12-20,839.5,1.46,1225.67,12.75,1122.38,90.54,5.2,1.43,0.03
6442,3905,Soybean,Yellow,Benson LLC,Wholesaler,Saxony,Online,2025-04-14,854.9,0.97,829.25,48.31,681.07,99.87,18.28,0.91,0.06
6443,9347,Wheat,Durum,Pena Inc,Exporter,Saxony,Online,2024-12-20,1040.8,1.08,1124.06,4.19,1077.96,41.91,24.99,1.09,-0.01
6444,6137,Corn,Sweet,Glass-Brandt,Retailer,Hesse,Online,2025-04-23,607.1,0.66,400.69,46.0,310.92,43.77,21.8,0.68,-0.02
6445,12105,Corn,Sweet,"Wells, Williams and Holland",Exporter,Lower Saxony,Online,2024-10-24,1999.4,0.73,1459.56,10.64,1387.23,61.69,15.01,0.77,-0.04
6446,14609,Corn,Sweet,Perez and Sons,Wholesaler,Bavaria,Direct,2024-12-24,1364.8,1.18,1610.46,32.5,1545.22,32.74,6.63,1.3,-0.12
6447,12203,Corn,Sweet,"Norton, Mckay and Hines",Exporter,Hesse,Direct,2024-01-13,1643.4,0.51,838.13,17.63,729.04,91.46,16.51,0.49,0.02
6448,3810,Barley,Hulled,Castillo-Jordan,Wholesaler,Lower Saxony,Online,2025-02-22,361.5,0.82,296.43,23.37,203.59,69.47,10.21,0.81,0.01
6449,2080,Potato,Russet,"Arnold, Harris and Reed",Retailer,Brandenburg,Online,2025-04-29,1822.0,1.38,2514.36,44.88,2403.3,66.18,23.39,1.27,0.11
6450,10981,Corn,Dent,"Gonzalez, Martinez and Weaver",Retailer,Hesse,Direct,2025-01-03,1442.6,0.55,793.43,37.77,698.51,57.15,23.79,0.56,-0.01
6451,12923,Potato,Russet,"Kelley, Patel and Jordan",Exporter,Bavaria,Cooperative,2025-05-03,1484.4,1.49,2211.76,41.52,2137.77,32.47,13.04,1.44,0.05
6452,14214,Potato,Russet,"Bennett, Mccall and Taylor",Wholesaler,Hesse,Cooperative,2025-05-05,1433.2,0.94,1347.21,0.56,1335.29,11.36,15.87,0.98,-0.04
6453,6183,Potato,Red,"Chavez, Hale and Gonzalez",Exporter,Bavaria,Cooperative,2025-05-05,1840.3,1.49,2742.05,8.08,2687.46,46.51,13.62,1.44,0.05
6454,9559,Soybean,Yellow,Taylor-Henry,Exporter,Saxony,Cooperative,2023-11-19,1130.6,0.82,927.09,18.33,880.71,28.05,12.88,0.89,-0.07
6455,4330,Corn,Dent,Mckenzie-Reeves,Retailer,Lower Saxony,Cooperative,2024-02-13,216.8,0.71,153.93,30.21,102.25,21.47,7.8,0.77,-0.06
6456,2517,Soybean,Yellow,Torres Ltd,Wholesaler,Bavaria,Online,2025-03-24,599.7,1.21,725.64,7.03,696.94,21.67,8.87,1.13,0.08
6457,13427,Corn,Sweet,Day and Sons,Exporter,Bavaria,Online,2024-12-29,269.9,0.84,226.72,10.07,138.26,78.39,9.05,0.84,0.0
6458,14864,Barley,Hulless,Howe Inc,Wholesaler,Hesse,Online,2025-01-20,1714.7,0.91,1560.38,17.32,1525.63,17.43,23.94,1.01,-0.1
6459,14147,Potato,Red,Smith Group,Retailer,Hesse,Direct,2025-02-05,1191.0,1.24,1476.84,35.0,1396.32,45.52,7.28,1.22,0.02
6460,3211,Barley,Hulless,Buchanan-Kemp,Retailer,Lower Saxony,Direct,2024-05-11,901.1,1.23,1108.35,29.96,989.5,88.89,20.83,1.31,-0.08
6461,14618,Corn,Dent,"Craig, Anderson and Palmer",Exporter,Saxony,Direct,2024-09-11,1871.5,1.26,2358.09,27.59,2244.25,86.25,13.92,1.28,-0.02
6462,2480,Wheat,Emmer,"Fletcher, Knapp and Rojas",Retailer,Hesse,Online,2025-01-03,322.6,1.48,477.45,36.03,409.38,32.04,8.68,1.37,0.11
6463,1304,Soybean,Black,"Ruiz, Bean and Hughes",Wholesaler,Hesse,Online,2025-05-05,667.0,0.49,326.83,22.62,282.11,22.1,16.94,0.54,-0.05
6464,3262,Soybean,Yellow,Vasquez-Wagner,Retailer,Hesse,Direct,2025-04-05,915.1,0.75,686.32,20.52,623.63,42.17,12.89,0.7,0.05
6465,7173,Soybean,Black,Taylor Inc,Exporter,Hesse,Cooperative,2025-03-21,1754.2,0.61,1070.06,15.54,966.37,88.15,20.47,0.63,-0.02
6466,8685,Corn,Dent,Williams Inc,Retailer,Saxony,Direct,2024-09-14,1243.2,0.86,1069.15,33.71,977.68,57.76,12.08,0.89,-0.03
6467,9411,Wheat,Durum,Sherman LLC,Exporter,Bavaria,Direct,2025-05-05,943.2,0.36,339.55,43.37,265.87,30.31,12.03,0.39,-0.03
6468,4476,Wheat,Emmer,Franco Ltd,Exporter,Hesse,Online,2025-05-01,1562.3,0.68,1062.36,13.68,1025.25,23.43,24.64,0.63,0.05
6469,4338,Potato,Russet,Ortiz Ltd,Wholesaler,Bavaria,Direct,2024-12-20,801.5,1.03,825.54,48.92,694.46,82.16,23.0,1.01,0.02
6470,9619,Soybean,Yellow,"Berger, Wood and Leblanc",Exporter,Brandenburg,Direct,2024-09-16,572.6,1.16,664.22,18.72,609.73,35.77,5.2,1.1,0.06
6471,702,Barley,Hulled,"Pacheco, Hoffman and Owens",Retailer,Hesse,Direct,2025-01-17,300.0,0.32,96.0,0.76,45.29,49.95,21.12,0.31,0.01
6472,7677,Wheat,Emmer,"Skinner, White and Alexander",Retailer,Lower Saxony,Cooperative,2025-05-05,1191.7,0.5,595.85,37.13,492.37,66.35,17.98,0.47,0.03
6473,5655,Soybean,Yellow,"Garcia, Murphy and Jones",Exporter,Brandenburg,Online,2024-07-30,1327.2,0.62,822.86,3.31,736.83,82.72,20.58,0.62,0.0
6474,3877,Wheat,Emmer,Green and Sons,Retailer,Lower Saxony,Online,2025-02-13,1302.6,1.3,1693.38,11.34,1654.24,27.8,17.77,1.26,0.04
6475,14687,Soybean,Yellow,"Simmons, Osborn and Atkins",Wholesaler,Lower Saxony,Online,2025-01-21,1464.5,1.33,1947.78,42.25,1862.96,42.57,15.69,1.26,0.07
6476,2734,Potato,Red,Ochoa Inc,Retailer,Brandenburg,Online,2024-10-08,333.9,1.55,517.54,45.54,435.43,36.57,7.65,1.46,0.09
6477,11306,Potato,Red,"Martin, Clark and Rios",Wholesaler,Hesse,Online,2023-12-29,985.3,0.95,936.04,43.67,851.78,40.59,13.57,0.86,0.09
6478,14722,Wheat,Durum,"Cook, Duran and Hendricks",Exporter,Hesse,Cooperative,2025-04-07,532.8,1.4,745.92,20.09,703.76,22.07,17.33,1.41,-0.01
6479,5660,Wheat,Durum,Nguyen-Santiago,Wholesaler,Lower Saxony,Direct,2025-04-30,1056.0,0.39,411.84,27.16,344.1,40.58,5.18,0.39,0.0
6480,2901,Corn,Sweet,"Horn, Porter and Thomas",Exporter,Brandenburg,Online,2025-01-12,294.9,0.61,179.89,27.17,123.06,29.66,6.06,0.62,-0.01
6481,13549,Soybean,Yellow,"Mendez, Aguilar and Martinez",Retailer,Lower Saxony,Online,2025-04-23,1385.9,1.09,1510.63,41.45,1374.27,94.91,20.17,1.04,0.05
6482,8802,Corn,Dent,Rodriguez PLC,Retailer,Hesse,Direct,2025-05-05,1303.3,0.92,1199.04,37.14,1107.18,54.72,13.03,0.96,-0.04
6483,8891,Soybean,Black,"Shelton, Mcclain and Bell",Exporter,Bavaria,Cooperative,2025-02-12,530.7,1.3,689.91,15.17,583.52,91.22,14.19,1.18,0.12
6484,8383,Wheat,Emmer,"Turner, Williams and Gonzalez",Wholesaler,Brandenburg,Cooperative,2025-03-02,1893.3,1.3,2461.29,19.7,2361.22,80.37,12.36,1.19,0.11
6485,10408,Corn,Sweet,Jones-Williams,Retailer,Lower Saxony,Direct,2025-05-05,1202.4,1.27,1527.05,49.5,1431.47,46.08,5.69,1.29,-0.02
6486,9308,Wheat,Durum,"Dominguez, Gardner and Alvarado",Exporter,Brandenburg,Direct,2025-02-01,215.0,0.9,193.5,3.55,156.25,33.7,10.65,0.83,0.07
6487,3634,Corn,Sweet,Frazier Inc,Exporter,Lower Saxony,Cooperative,2025-01-01,1459.3,0.89,1298.78,42.83,1168.43,87.52,14.5,0.97,-0.08
6488,7097,Potato,Red,"Brooks, Mckenzie and Hamilton",Retailer,Hesse,Online,2025-05-05,521.4,1.32,688.25,46.81,599.56,41.88,24.12,1.27,0.05
6489,814,Potato,Red,Russell LLC,Wholesaler,Hesse,Cooperative,2024-09-06,785.6,0.94,738.46,24.51,643.58,70.37,5.95,0.93,0.01
6490,12460,Potato,Russet,Hahn LLC,Exporter,Bavaria,Cooperative,2025-04-06,875.0,1.0,875.0,12.62,807.75,54.63,15.1,1.01,-0.01
6491,12431,Barley,Hulless,Wolf-Frost,Wholesaler,Bavaria,Cooperative,2024-12-26,1281.7,1.22,1563.67,0.12,1539.06,24.49,10.17,1.32,-0.1
6492,10558,Barley,Hulless,Kim and Sons,Wholesaler,Bavaria,Direct,2024-11-01,779.0,0.39,303.81,8.99,211.4,83.42,17.71,0.4,-0.01
6493,12902,Wheat,Durum,"Nguyen, Horton and Adkins",Wholesaler,Brandenburg,Online,2024-10-31,1584.7,0.97,1537.16,34.71,1445.14,57.31,18.36,0.92,0.05
6494,9873,Wheat,Emmer,"Scott, Smith and West",Wholesaler,Saxony,Direct,2025-05-05,855.8,0.39,333.76,31.94,236.7,65.12,22.67,0.41,-0.02
6495,13228,Potato,Red,Harrison Inc,Exporter,Hesse,Online,2025-05-05,1796.3,0.98,1760.37,42.46,1632.54,85.37,17.63,0.94,0.04
6496,2623,Barley,Hulless,Schroeder-Coffey,Wholesaler,Lower Saxony,Cooperative,2025-05-05,297.3,0.87,258.65,11.31,217.37,29.97,19.28,0.84,0.03
6497,12614,Barley,Hulless,"Miller, Massey and Walker",Retailer,Brandenburg,Cooperative,2024-12-28,934.2,0.56,523.15,0.52,506.41,16.22,17.99,0.57,-0.01
6498,11292,Soybean,Black,"Ochoa, Lane and Jackson",Exporter,Lower Saxony,Direct,2025-05-05,1879.1,1.12,2104.59,39.11,2024.14,41.34,22.51,1.15,-0.03
6499,3092,Corn,Dent,"Reyes, Cook and Gonzalez",Wholesaler,Lower Saxony,Cooperative,2025-05-05,1397.9,1.09,1523.71,25.67,1443.06,54.98,15.58,1.03,0.06
6500,9165,Wheat,Durum,"Elliott, Jones and Miller",Wholesaler,Bavaria,Direct,2025-05-05,1368.2,0.68,930.38,32.12,836.92,61.34,9.33,0.68,0.0
6501,13564,Corn,Sweet,"Alvarez, Weber and Holmes",Wholesaler,Hesse,Cooperative,2024-03-27,339.6,1.04,353.18,38.28,217.9,97.0,11.58,0.98,0.06
6502,13298,Barley,Hulled,Reyes-Bowen,Wholesaler,Saxony,Direct,2025-04-20,1574.6,1.27,1999.74,14.52,1927.12,58.1,13.01,1.4,-0.13
6503,11161,Soybean,Yellow,Diaz Ltd,Retailer,Saxony,Cooperative,2025-05-05,1300.8,0.55,715.44,4.13,683.65,27.66,20.97,0.6,-0.05
6504,6143,Corn,Dent,Torres and Sons,Retailer,Brandenburg,Direct,2025-05-05,429.9,1.07,459.99,18.5,344.82,96.67,6.87,1.04,0.03
6505,3714,Barley,Hulless,Maldonado-Miller,Wholesaler,Lower Saxony,Direct,2024-09-10,1644.8,0.36,592.13,11.16,505.01,75.96,17.86,0.33,0.03
6506,1409,Barley,Hulled,"Walter, Fox and Young",Wholesaler,Hesse,Direct,2024-09-13,1541.0,1.07,1648.87,49.43,1577.64,21.8,12.6,1.08,-0.01
6507,10639,Wheat,Emmer,Edwards-Holland,Exporter,Brandenburg,Direct,2024-03-14,721.7,0.66,476.32,13.32,381.89,81.11,15.19,0.62,0.04
6508,8677,Potato,Russet,"Davis, Bartlett and Rivera",Wholesaler,Lower Saxony,Direct,2025-04-06,623.4,0.51,317.93,28.65,243.75,45.53,14.25,0.52,-0.01
6509,11083,Barley,Hulled,Simmons Ltd,Retailer,Brandenburg,Online,2025-04-29,1357.8,0.84,1140.55,16.54,1110.29,13.72,24.22,0.86,-0.02
6510,7506,Potato,Red,"Chapman, Davis and Bowman",Exporter,Bavaria,Direct,2025-04-02,1459.5,0.86,1255.17,29.87,1177.76,47.54,14.04,0.95,-0.09
6511,13633,Corn,Sweet,Davis-Anderson,Retailer,Hesse,Online,2025-04-27,1953.4,0.69,1347.85,20.72,1239.64,87.49,12.9,0.7,-0.01
6512,478,Wheat,Durum,"Fisher, Howell and Davis",Exporter,Bavaria,Direct,2024-09-08,1103.9,1.27,1401.95,9.47,1341.23,51.25,20.87,1.23,0.04
6513,276,Barley,Hulled,"Martin, Wood and Brown",Exporter,Lower Saxony,Cooperative,2024-10-04,531.4,0.97,515.46,7.1,461.48,46.88,24.93,0.98,-0.01
6514,9552,Corn,Dent,Patterson-Martinez,Retailer,Lower Saxony,Online,2025-02-13,1223.2,0.52,636.06,0.85,540.72,94.49,21.28,0.48,0.04
6515,6542,Barley,Hulled,"Erickson, Richards and Carrillo",Retailer,Bavaria,Direct,2025-05-05,563.2,0.28,157.7,35.55,45.61,76.54,19.1,0.31,-0.03
6516,13174,Barley,Hulless,Merritt-Shah,Exporter,Hesse,Online,2025-05-05,788.9,0.79,623.23,32.97,511.56,78.7,22.46,0.73,0.06
6517,9930,Potato,Russet,"Chavez, Yates and Jones",Exporter,Brandenburg,Cooperative,2024-11-29,329.9,0.95,313.4,6.15,244.81,62.44,15.95,0.95,0.0
6518,9781,Corn,Sweet,"Horn, Reilly and Johnson",Wholesaler,Saxony,Direct,2024-05-31,837.8,1.36,1139.41,30.47,1077.15,31.79,7.92,1.27,0.09
6519,907,Wheat,Durum,Pope Ltd,Wholesaler,Brandenburg,Direct,2024-04-13,588.0,0.62,364.56,43.03,285.4,36.13,23.94,0.58,0.04
6520,8684,Wheat,Durum,Powers Ltd,Wholesaler,Hesse,Online,2025-05-05,913.6,1.02,931.87,28.73,873.29,29.85,10.38,1.13,-0.11
6521,1142,Wheat,Emmer,Stevenson-Lopez,Wholesaler,Bavaria,Direct,2024-08-05,696.6,1.44,1003.1,18.42,887.25,97.43,21.6,1.35,0.09
6522,13208,Barley,Hulled,Smith-Price,Retailer,Brandenburg,Cooperative,2025-03-14,218.5,0.99,216.32,32.78,139.19,44.35,21.3,0.9,0.09
6523,8290,Potato,Russet,Martinez Inc,Retailer,Saxony,Cooperative,2024-11-02,1217.0,0.46,559.82,0.63,520.93,38.26,13.82,0.47,-0.01
6524,3831,Corn,Dent,"Gonzalez, Phillips and Long",Retailer,Brandenburg,Cooperative,2025-05-02,1261.2,0.74,933.29,21.93,861.21,50.15,6.06,0.69,0.05
6525,11651,Corn,Dent,"Parker, Reyes and Johnson",Retailer,Hesse,Online,2024-07-25,416.3,0.47,195.66,40.69,89.32,65.65,23.63,0.45,0.02
6526,4685,Soybean,Yellow,Scott-Koch,Retailer,Hesse,Direct,2025-05-05,604.2,1.28,773.38,18.2,686.98,68.2,20.29,1.16,0.12
6527,14214,Potato,Russet,Bentley Inc,Wholesaler,Hesse,Cooperative,2025-05-05,1152.1,1.08,1244.27,3.39,1216.85,24.03,20.12,0.98,0.1
6528,8911,Wheat,Emmer,"Bridges, Mata and Joseph",Exporter,Saxony,Direct,2025-04-16,665.1,1.02,678.4,21.26,573.03,84.11,23.65,1.07,-0.05
6529,13422,Potato,Red,Butler-Robbins,Exporter,Brandenburg,Online,2024-11-19,1679.5,0.52,873.34,9.73,794.26,69.35,6.13,0.58,-0.06
6530,13539,Potato,Russet,Scott LLC,Exporter,Hesse,Cooperative,2025-02-01,213.6,1.1,234.96,34.85,115.47,84.64,11.27,1.03,0.07
6531,2276,Soybean,Yellow,"Smith, Rocha and Reyes",Wholesaler,Hesse,Online,2025-05-01,1355.9,0.74,1003.37,21.49,883.16,98.72,16.44,0.71,0.03
6532,5889,Barley,Hulless,"Sims, Martinez and Trujillo",Retailer,Hesse,Direct,2024-05-24,1071.6,1.21,1296.64,29.85,1224.75,42.04,5.08,1.16,0.05
6533,5096,Corn,Sweet,Meyer-Bailey,Exporter,Hesse,Direct,2025-02-03,1442.3,1.2,1730.76,33.64,1610.4,86.72,6.4,1.19,0.01
6534,7889,Soybean,Yellow,"Miller, Castro and Malone",Retailer,Lower Saxony,Cooperative,2025-05-05,259.6,1.17,303.73,39.25,233.75,30.73,22.8,1.3,-0.13
6535,9990,Potato,Red,Williams Ltd,Retailer,Saxony,Cooperative,2025-01-16,1292.7,1.49,1926.12,10.47,1902.59,13.06,10.01,1.36,0.13
6536,7349,Wheat,Durum,"Terrell, Le and Garrett",Wholesaler,Brandenburg,Online,2025-03-30,289.5,0.65,188.18,26.88,120.3,41.0,7.96,0.66,-0.01
6537,6707,Potato,Russet,Brooks-Mcfarland,Wholesaler,Saxony,Direct,2024-03-22,720.9,0.7,504.63,17.03,441.11,46.49,23.28,0.78,-0.08
6538,6705,Corn,Sweet,"Alvarez, Scott and Bishop",Retailer,Saxony,Online,2023-10-02,709.2,1.24,879.41,14.69,820.64,44.08,16.66,1.3,-0.06
6539,14211,Corn,Dent,Reed-Ross,Wholesaler,Bavaria,Online,2025-04-15,1265.5,1.04,1316.12,30.0,1258.8,27.32,10.4,0.95,0.09
6540,14353,Potato,Russet,"Mccoy, Brown and Cooke",Exporter,Bavaria,Cooperative,2025-05-05,1099.3,1.48,1626.96,31.89,1568.32,26.75,18.07,1.47,0.01
6541,3972,Wheat,Durum,Robinson-Lowe,Exporter,Bavaria,Online,2025-05-05,1548.6,1.34,2075.12,23.3,2012.45,39.37,10.51,1.4,-0.06
6542,13529,Corn,Sweet,Williams-Beck,Retailer,Hesse,Online,2025-04-12,513.4,1.21,621.21,1.99,606.68,12.54,22.26,1.14,0.07
6543,154,Barley,Hulled,Ramirez Ltd,Exporter,Bavaria,Direct,2025-05-05,347.5,0.34,118.15,38.17,41.46,38.52,17.7,0.37,-0.03
6544,7072,Barley,Hulless,"Wheeler, Davis and Dawson",Exporter,Bavaria,Direct,2025-02-23,356.7,1.44,513.65,3.21,454.49,55.95,20.59,1.49,-0.05
6545,3309,Potato,Red,Hartman-Thomas,Wholesaler,Bavaria,Cooperative,2025-01-03,985.7,1.16,1143.41,14.64,1108.03,20.74,23.55,1.17,-0.01
6546,11539,Soybean,Yellow,Jensen-Ochoa,Exporter,Saxony,Cooperative,2025-03-23,892.2,0.92,820.82,14.0,716.61,90.21,17.87,0.9,0.02
6547,301,Potato,Red,"Ware, Jenkins and Walker",Exporter,Lower Saxony,Online,2024-09-16,787.8,0.58,456.92,26.05,390.81,40.06,13.97,0.58,0.0
6548,11361,Corn,Sweet,Monroe LLC,Retailer,Brandenburg,Direct,2025-01-07,1428.4,0.62,885.61,24.88,847.26,13.47,14.51,0.59,0.03
6549,14597,Soybean,Yellow,Lara Group,Exporter,Saxony,Cooperative,2025-05-05,951.6,1.36,1294.18,34.47,1193.82,65.89,13.81,1.36,0.0
6550,4912,Barley,Hulled,Thompson and Sons,Wholesaler,Bavaria,Online,2025-04-22,1085.3,0.74,803.12,40.3,704.24,58.58,16.52,0.8,-0.06
6551,2364,Potato,Russet,Bailey Ltd,Retailer,Bavaria,Direct,2024-08-13,659.8,0.7,461.86,36.45,403.22,22.19,14.05,0.72,-0.02
6552,12511,Corn,Sweet,"Sexton, Griffin and Sheppard",Wholesaler,Lower Saxony,Online,2024-07-05,1837.7,0.33,606.44,29.43,529.43,47.58,7.85,0.36,-0.03
6553,11979,Barley,Hulled,George-Sherman,Wholesaler,Saxony,Direct,2024-06-23,410.3,1.22,500.57,20.33,430.22,50.02,14.38,1.19,0.03
6554,3951,Barley,Hulless,Allen and Sons,Wholesaler,Brandenburg,Direct,2025-05-05,1464.6,0.94,1376.72,47.33,1283.17,46.22,18.46,0.98,-0.04
6555,12777,Potato,Red,"Griffin, Reynolds and Herrera",Retailer,Brandenburg,Direct,2025-03-16,1176.8,1.19,1400.39,38.98,1268.37,93.04,19.88,1.18,0.01
6556,5502,Soybean,Yellow,Montgomery-Harmon,Exporter,Hesse,Online,2025-04-12,1875.0,0.35,656.25,22.23,576.14,57.88,8.02,0.34,0.01
6557,14068,Potato,Red,"Roberts, Daniels and Ruiz",Retailer,Saxony,Direct,2025-02-22,1040.3,0.69,717.81,46.6,609.36,61.85,8.8,0.69,0.0
6558,10790,Soybean,Yellow,Davis LLC,Exporter,Hesse,Online,2025-01-21,1725.8,0.98,1691.28,36.42,1578.12,76.74,19.08,0.97,0.01
6559,9603,Wheat,Emmer,"Moore, Miles and Hurley",Retailer,Saxony,Cooperative,2025-03-04,914.2,1.36,1243.31,25.66,1174.21,43.44,18.65,1.37,-0.01
6560,10682,Corn,Sweet,House Group,Wholesaler,Lower Saxony,Cooperative,2024-12-31,519.1,0.78,404.9,18.49,288.62,97.79,12.85,0.8,-0.02
6561,7328,Potato,Russet,Monroe-Watson,Exporter,Saxony,Online,2025-03-30,1103.3,0.93,1026.07,30.62,960.66,34.79,10.79,0.96,-0.03
6562,6268,Corn,Dent,Clements PLC,Wholesaler,Brandenburg,Online,2025-05-05,961.5,1.51,1451.86,10.42,1367.02,74.42,7.95,1.47,0.04
6563,12841,Wheat,Durum,"Mcconnell, Miller and Villegas",Retailer,Lower Saxony,Cooperative,2024-01-24,202.3,1.24,250.85,31.53,121.21,98.11,21.16,1.35,-0.11
6564,6244,Soybean,Black,Castro-Rasmussen,Exporter,Lower Saxony,Cooperative,2024-09-06,1895.8,0.66,1251.23,26.66,1163.48,61.09,6.44,0.68,-0.02
6565,7715,Corn,Dent,"Gibson, Mooney and King",Retailer,Lower Saxony,Cooperative,2025-03-31,553.6,0.97,536.99,32.18,449.37,55.44,21.48,0.96,0.01
6566,4114,Barley,Hulless,Harris Group,Exporter,Brandenburg,Online,2025-03-24,1882.7,0.81,1524.99,22.64,1443.87,58.48,8.73,0.89,-0.08
6567,7595,Wheat,Durum,Rodriguez Ltd,Exporter,Brandenburg,Cooperative,2024-12-22,393.2,1.26,495.43,21.09,384.58,89.76,17.97,1.18,0.08
6568,3963,Potato,Russet,Brown-Hood,Retailer,Brandenburg,Cooperative,2024-09-22,996.3,0.38,378.59,2.73,317.79,58.07,18.19,0.36,0.02
6569,7246,Wheat,Emmer,Miller-Mason,Retailer,Brandenburg,Direct,2024-03-10,903.2,0.45,406.44,4.33,377.15,24.96,21.2,0.46,-0.01
6570,8649,Soybean,Black,"Smith, Hunter and Poole",Retailer,Bavaria,Cooperative,2024-08-11,1521.3,1.4,2129.82,5.88,2051.22,72.72,8.97,1.4,0.0
6571,10850,Wheat,Emmer,Turner-Mason,Retailer,Bavaria,Online,2024-09-10,607.1,0.62,376.4,21.47,308.81,46.12,16.11,0.59,0.03
6572,7655,Soybean,Yellow,Holmes-Gonzalez,Exporter,Bavaria,Online,2024-02-23,1430.8,0.73,1044.48,39.48,909.78,95.22,15.79,0.81,-0.08
6573,165,Potato,Russet,"Schaefer, Lynn and Sherman",Retailer,Bavaria,Online,2025-02-02,1916.8,0.3,575.04,5.45,470.18,99.41,20.01,0.33,-0.03
6574,12635,Barley,Hulless,Thomas Group,Retailer,Saxony,Direct,2024-11-15,1986.1,1.03,2045.68,33.29,1963.76,48.63,24.59,1.08,-0.05
6575,496,Soybean,Yellow,Thomas PLC,Exporter,Lower Saxony,Direct,2025-03-15,1809.0,0.58,1049.22,7.92,1007.25,34.05,12.02,0.59,-0.01
6576,2161,Wheat,Durum,Olson and Sons,Wholesaler,Brandenburg,Direct,2025-04-16,732.3,0.69,505.29,6.16,414.14,84.99,9.33,0.75,-0.06
6577,6552,Potato,Red,Bowen Ltd,Retailer,Brandenburg,Online,2025-05-05,1534.5,1.25,1918.12,36.37,1838.81,42.94,14.81,1.14,0.11
6578,1783,Barley,Hulless,Petersen Ltd,Exporter,Saxony,Online,2024-11-16,690.4,1.39,959.66,23.14,871.71,64.81,24.7,1.43,-0.04
6579,7634,Corn,Dent,Stevens-Cruz,Retailer,Hesse,Direct,2025-04-23,239.0,0.75,179.25,31.03,114.77,33.45,11.55,0.83,-0.08
6580,10299,Corn,Dent,Fernandez-Cox,Retailer,Bavaria,Online,2024-11-04,1645.0,0.7,1151.5,16.14,1036.83,98.53,23.03,0.76,-0.06
6581,9290,Corn,Dent,Johnson LLC,Wholesaler,Hesse,Online,2024-09-10,629.4,0.55,346.17,24.5,274.82,46.85,12.28,0.6,-0.05
6582,13069,Barley,Hulless,Sparks-Brooks,Retailer,Lower Saxony,Direct,2025-02-08,944.4,0.86,812.18,6.12,736.35,69.71,9.9,0.86,0.0
6583,9138,Barley,Hulled,"Ross, Brown and Nash",Wholesaler,Bavaria,Cooperative,2024-09-17,964.5,0.75,723.38,0.31,696.06,27.01,8.33,0.81,-0.06
6584,12842,Wheat,Durum,"Stevenson, Wright and Jones",Wholesaler,Lower Saxony,Cooperative,2023-12-09,1268.4,0.96,1217.66,43.63,1145.25,28.78,17.3,0.92,0.04
6585,13105,Potato,Russet,"Hawkins, Jacobs and Johnson",Wholesaler,Lower Saxony,Online,2024-08-05,1573.0,1.17,1840.41,36.33,1764.41,39.67,17.19,1.3,-0.13
6586,9799,Wheat,Emmer,"Myers, Snyder and Rice",Exporter,Bavaria,Cooperative,2025-04-11,1084.5,0.75,813.38,41.93,692.5,78.95,17.8,0.8,-0.05
6587,11198,Potato,Russet,"Padilla, Lewis and Dean",Wholesaler,Bavaria,Online,2025-03-16,296.5,0.33,97.84,5.19,77.15,15.5,20.67,0.33,0.0
6588,6424,Wheat,Emmer,Brandt-Ramirez,Exporter,Lower Saxony,Online,2024-09-12,877.2,1.44,1263.17,28.18,1149.79,85.2,16.26,1.44,0.0
6589,8432,Corn,Sweet,"Coleman, Campbell and Bennett",Retailer,Bavaria,Online,2024-09-19,1415.9,0.5,707.95,1.9,689.03,17.02,19.38,0.52,-0.02
6590,3303,Wheat,Durum,Rhodes-Dixon,Retailer,Brandenburg,Online,2025-04-15,936.5,0.67,627.46,11.84,599.72,15.9,14.35,0.72,-0.05
6591,2685,Corn,Sweet,Myers-Bradley,Retailer,Lower Saxony,Direct,2025-05-05,365.0,0.55,200.75,11.07,92.3,97.38,19.07,0.53,0.02
6592,7529,Soybean,Black,"Roberson, Roy and Flynn",Retailer,Brandenburg,Online,2024-04-13,555.1,0.62,344.16,40.89,208.87,94.4,9.41,0.59,0.03
6593,6129,Potato,Red,Morales-Ward,Wholesaler,Saxony,Online,2024-09-10,202.5,0.39,78.98,0.92,-4.37,82.43,6.93,0.37,0.02
6594,2108,Potato,Red,Myers PLC,Retailer,Lower Saxony,Direct,2024-08-07,1507.5,1.48,2231.1,22.45,2163.35,45.3,5.87,1.49,-0.01
6595,12389,Corn,Dent,Hansen LLC,Retailer,Saxony,Cooperative,2025-04-13,955.9,1.34,1280.91,35.41,1210.11,35.39,14.03,1.26,0.08
6596,7177,Wheat,Durum,Mosley PLC,Exporter,Lower Saxony,Direct,2025-04-24,1364.5,0.89,1214.4,2.32,1118.94,93.14,15.34,0.97,-0.08
6597,12932,Wheat,Emmer,Perkins-Perry,Wholesaler,Saxony,Cooperative,2024-12-29,1396.1,0.8,1116.88,19.97,999.89,97.02,22.48,0.78,0.02
6598,2369,Barley,Hulless,Watkins-Roth,Wholesaler,Hesse,Cooperative,2025-04-22,1300.6,1.04,1352.62,32.12,1230.39,90.11,12.72,1.05,-0.01
6599,13590,Corn,Dent,Jones PLC,Wholesaler,Saxony,Direct,2025-04-01,1532.0,0.57,873.24,43.6,777.11,52.53,22.65,0.52,0.05
6600,2525,Soybean,Yellow,"Martin, Brady and Cummings",Wholesaler,Brandenburg,Cooperative,2025-05-05,1345.8,0.52,699.82,31.31,569.27,99.24,13.71,0.54,-0.02
6601,4737,Wheat,Emmer,Wise-Smith,Wholesaler,Lower Saxony,Direct,2025-05-05,1836.3,0.93,1707.76,7.84,1606.3,93.62,7.45,0.94,-0.01
6602,14050,Potato,Red,Jenkins-Stewart,Wholesaler,Bavaria,Online,2025-05-02,844.3,0.73,616.34,23.52,517.88,74.94,12.58,0.78,-0.05
6603,7514,Soybean,Yellow,"Love, Greene and Mckinney",Wholesaler,Saxony,Cooperative,2024-01-22,826.4,0.69,570.22,44.1,432.44,93.68,12.57,0.76,-0.07
6604,3813,Barley,Hulless,Russo Inc,Exporter,Bavaria,Cooperative,2025-05-04,1869.0,1.18,2205.42,35.9,2114.02,55.5,20.25,1.12,0.06
6605,7359,Wheat,Emmer,Cruz LLC,Wholesaler,Saxony,Online,2024-12-20,1801.3,0.69,1242.9,4.99,1198.12,39.79,6.3,0.74,-0.05
6606,11112,Corn,Sweet,Smith PLC,Retailer,Brandenburg,Cooperative,2025-01-04,373.1,1.08,402.95,49.83,334.11,19.01,20.83,1.14,-0.06
6607,7807,Corn,Dent,"Washington, Salinas and Le",Exporter,Hesse,Online,2024-09-28,373.0,0.38,141.74,3.81,85.55,52.38,11.02,0.38,0.0
6608,8692,Wheat,Emmer,Bailey-Lee,Exporter,Brandenburg,Direct,2024-12-23,547.6,1.37,750.21,37.65,656.95,55.61,18.42,1.48,-0.11
6609,9145,Barley,Hulless,Conway LLC,Retailer,Saxony,Direct,2024-04-24,544.4,0.83,451.85,19.2,393.93,38.72,15.46,0.82,0.01
6610,11247,Wheat,Durum,Patel LLC,Wholesaler,Saxony,Online,2025-05-05,241.7,0.85,205.44,40.42,147.96,17.06,22.33,0.81,0.04
6611,11069,Wheat,Durum,"Webb, Caldwell and Clements",Exporter,Saxony,Online,2025-03-04,1012.2,0.36,364.39,28.23,310.34,25.82,10.2,0.36,0.0
6612,4056,Potato,Russet,Jones-Hardy,Wholesaler,Brandenburg,Cooperative,2025-04-16,1880.4,1.53,2877.01,31.32,2822.4,23.29,16.7,1.48,0.05
6613,13814,Potato,Russet,"Williams, Edwards and Campbell",Wholesaler,Brandenburg,Cooperative,2025-04-06,509.0,0.61,310.49,45.71,246.3,18.48,17.0,0.64,-0.03
6614,4698,Corn,Sweet,"Barrett, Pope and Harris",Exporter,Saxony,Cooperative,2024-12-06,722.2,0.47,339.43,10.7,313.76,14.97,24.89,0.43,0.04
6615,5260,Corn,Dent,Gonzales-Boyd,Retailer,Saxony,Online,2024-08-13,847.0,1.21,1024.87,38.23,935.37,51.27,18.67,1.19,0.02
6616,5256,Soybean,Yellow,Robinson-Parker,Exporter,Bavaria,Online,2024-11-02,1751.9,1.23,2154.84,20.8,2115.46,18.58,21.29,1.33,-0.1
6617,12002,Potato,Red,Johnson-Mclaughlin,Wholesaler,Saxony,Online,2025-04-13,1238.5,0.67,829.8,27.52,773.23,29.05,23.46,0.61,0.06
6618,899,Barley,Hulled,"Wilson, Morgan and Phelps",Exporter,Saxony,Direct,2024-10-03,1655.7,1.61,2665.68,44.34,2573.59,47.75,22.17,1.47,0.14
6619,5911,Barley,Hulless,"West, Mcdaniel and Ramos",Wholesaler,Brandenburg,Direct,2025-03-04,649.0,0.85,551.65,27.09,465.03,59.53,14.01,0.79,0.06
6620,11676,Wheat,Durum,Palmer Ltd,Retailer,Brandenburg,Cooperative,2024-09-21,871.8,1.4,1220.52,36.5,1153.88,30.14,11.57,1.28,0.12
6621,6511,Corn,Dent,Larsen-Valdez,Exporter,Brandenburg,Online,2025-05-05,1968.1,1.43,2814.38,41.39,2722.74,50.25,23.69,1.39,0.04
6622,11166,Barley,Hulless,Jefferson Ltd,Retailer,Hesse,Direct,2025-03-21,1831.5,0.9,1648.35,2.65,1604.58,41.12,19.13,0.98,-0.08
6623,696,Barley,Hulless,Perez-Brown,Exporter,Brandenburg,Cooperative,2024-10-01,1876.3,1.24,2326.61,37.77,2202.13,86.71,7.16,1.25,-0.01
6624,8300,Barley,Hulless,Jones-Ali,Exporter,Saxony,Online,2025-05-05,271.2,0.53,143.74,42.68,14.69,86.37,21.84,0.58,-0.05
6625,7330,Soybean,Black,Nguyen PLC,Exporter,Bavaria,Online,2025-05-05,1095.8,1.38,1512.2,37.51,1381.61,93.08,10.99,1.36,0.02
6626,9068,Corn,Dent,Sanders Ltd,Wholesaler,Hesse,Cooperative,2025-03-14,1160.7,0.7,812.49,28.51,715.09,68.89,9.11,0.72,-0.02
6627,4451,Soybean,Yellow,Brown-Burke,Wholesaler,Saxony,Direct,2025-04-29,361.9,1.03,372.76,34.61,281.5,56.65,13.96,1.14,-0.11
6628,8409,Wheat,Durum,Smith PLC,Retailer,Lower Saxony,Online,2025-04-05,1142.8,1.18,1348.5,42.09,1287.64,18.77,23.93,1.15,0.03
6629,8001,Corn,Dent,"Lin, Mosley and Kaiser",Retailer,Hesse,Online,2024-02-24,1239.4,0.48,594.91,41.38,462.29,91.24,10.34,0.52,-0.04
6630,7094,Barley,Hulled,Schmitt-Dougherty,Wholesaler,Bavaria,Online,2025-05-05,1531.0,0.96,1469.76,15.67,1358.96,95.13,21.32,1.03,-0.07
6631,14999,Corn,Dent,Jones-Sims,Wholesaler,Saxony,Direct,2025-05-05,1007.3,1.1,1108.03,14.18,1042.83,51.02,22.37,1.15,-0.05
6632,11912,Soybean,Yellow,Carter and Sons,Retailer,Lower Saxony,Cooperative,2025-04-15,1813.3,1.12,2030.9,43.98,1925.06,61.86,12.58,1.04,0.08
6633,4300,Soybean,Yellow,Martin LLC,Exporter,Lower Saxony,Cooperative,2024-10-19,684.1,0.33,225.75,23.09,111.6,91.06,5.52,0.31,0.02
6634,14909,Barley,Hulless,"Henderson, Davidson and Schroeder",Exporter,Lower Saxony,Online,2024-10-29,999.3,0.59,589.59,0.33,564.82,24.44,6.55,0.57,0.02
6635,8688,Barley,Hulled,"Patel, Walker and Roberts",Retailer,Hesse,Online,2025-04-23,1496.9,0.75,1122.68,41.88,1057.6,23.2,24.65,0.79,-0.04
6636,2362,Corn,Sweet,"Moore, Brennan and Moore",Retailer,Brandenburg,Direct,2025-05-05,1714.3,1.09,1868.59,1.92,1775.36,91.31,12.0,1.05,0.04
6637,11426,Potato,Red,Green-Smith,Exporter,Hesse,Direct,2025-04-27,1822.1,0.99,1803.88,16.25,1746.08,41.55,10.99,0.98,0.01
6638,9256,Soybean,Yellow,"White, Carson and Cox",Wholesaler,Lower Saxony,Online,2025-01-19,326.8,1.33,434.64,22.47,376.44,35.73,7.77,1.22,0.11
6639,6333,Potato,Russet,"Goodman, Macdonald and Lozano",Exporter,Brandenburg,Direct,2024-11-30,687.2,1.02,700.94,39.14,626.83,34.97,13.41,1.07,-0.05
6640,5219,Barley,Hulled,Levy Group,Exporter,Bavaria,Direct,2024-10-02,211.0,0.33,69.63,21.55,-32.84,80.92,23.03,0.3,0.03
6641,2090,Wheat,Durum,Hernandez-Guerrero,Wholesaler,Bavaria,Cooperative,2025-04-29,1335.1,1.44,1922.54,10.16,1894.33,18.05,23.31,1.34,0.1
6642,4500,Corn,Dent,Glenn-Hansen,Wholesaler,Hesse,Cooperative,2025-04-01,1079.3,1.23,1327.54,47.75,1193.72,86.07,14.77,1.32,-0.09
6643,1451,Potato,Russet,Bennett-Watkins,Exporter,Lower Saxony,Direct,2024-06-21,213.1,0.42,89.5,47.18,8.72,33.6,13.77,0.4,0.02
6644,4613,Wheat,Emmer,Steele-Campos,Exporter,Lower Saxony,Direct,2024-12-21,272.2,0.83,225.93,18.54,144.5,62.89,18.34,0.87,-0.04
6645,271,Wheat,Durum,"Morris, Morris and Curtis",Exporter,Brandenburg,Cooperative,2025-04-12,1329.2,0.97,1289.32,20.6,1204.83,63.89,23.67,1.0,-0.03
6646,756,Barley,Hulless,"Walker, Williams and Mullins",Wholesaler,Bavaria,Online,2025-03-20,1603.2,1.13,1811.62,5.87,1754.35,51.4,7.2,1.25,-0.12
6647,9022,Barley,Hulless,"Weiss, Flynn and White",Retailer,Saxony,Cooperative,2024-04-08,1867.0,0.97,1810.99,17.45,1757.83,35.71,13.42,1.06,-0.09
6648,14033,Soybean,Yellow,Arellano-Ball,Wholesaler,Bavaria,Online,2024-12-21,1960.9,1.29,2529.56,4.22,2480.46,44.88,9.46,1.33,-0.04
6649,6938,Wheat,Durum,Valentine-Wilson,Retailer,Saxony,Online,2024-07-14,986.7,0.67,661.09,25.03,594.19,41.87,24.7,0.65,0.02
6650,13806,Barley,Hulled,"Barton, Wilkins and Norton",Wholesaler,Bavaria,Online,2025-02-28,1153.4,1.31,1510.95,38.11,1405.13,67.71,11.31,1.37,-0.06
6651,6865,Corn,Sweet,Ruiz-Johnson,Wholesaler,Bavaria,Online,2024-09-25,839.6,1.11,931.96,36.5,800.1,95.36,12.38,1.2,-0.09
6652,11466,Potato,Russet,Hammond-Scott,Retailer,Lower Saxony,Cooperative,2024-10-12,594.6,0.28,166.49,17.42,129.17,19.9,7.68,0.3,-0.02
6653,3027,Potato,Red,Johnson Inc,Wholesaler,Lower Saxony,Online,2025-04-18,305.4,1.07,326.78,21.27,253.05,52.46,14.35,1.13,-0.06
6654,2347,Wheat,Emmer,Romero-Carter,Exporter,Saxony,Online,2024-12-31,522.0,1.13,589.86,2.0,530.34,57.52,7.88,1.13,0.0
6655,14715,Soybean,Black,"Moses, Lane and Rogers",Exporter,Bavaria,Direct,2024-10-16,679.7,0.64,435.01,22.57,379.73,32.71,6.17,0.59,0.05
6656,8000,Wheat,Emmer,"Cook, Aguilar and Guerra",Wholesaler,Hesse,Direct,2025-01-05,1222.6,0.41,501.27,37.64,410.79,52.84,13.18,0.39,0.02
6657,11852,Soybean,Yellow,Smith-Jackson,Retailer,Hesse,Cooperative,2025-05-05,218.3,1.27,277.24,43.68,175.93,57.63,16.28,1.3,-0.03
6658,13668,Potato,Russet,Knight PLC,Retailer,Lower Saxony,Direct,2023-12-26,1497.6,0.62,928.51,46.98,798.22,83.31,22.01,0.58,0.04
6659,632,Soybean,Yellow,Davis-Evans,Exporter,Lower Saxony,Cooperative,2025-01-21,1480.8,0.62,918.1,43.49,807.07,67.54,5.63,0.67,-0.05
6660,3810,Barley,Hulled,Baxter-Johnson,Retailer,Brandenburg,Cooperative,2024-11-04,1970.8,0.75,1478.1,35.35,1354.98,87.77,14.96,0.81,-0.06
6661,987,Soybean,Black,Mitchell PLC,Retailer,Lower Saxony,Cooperative,2024-12-02,1239.6,0.93,1152.83,2.31,1138.96,11.56,10.23,0.97,-0.04
6662,2867,Soybean,Yellow,Freeman and Sons,Exporter,Saxony,Direct,2025-03-08,565.1,0.33,186.48,49.8,78.08,58.6,19.24,0.33,0.0
6663,4178,Corn,Dent,Vargas-Calhoun,Retailer,Bavaria,Online,2025-05-05,1924.2,1.19,2289.8,7.75,2219.76,62.29,21.29,1.12,0.07
6664,14975,Wheat,Durum,Brown-Zuniga,Retailer,Bavaria,Online,2025-05-05,1276.2,0.35,446.67,44.41,358.71,43.55,24.25,0.38,-0.03
6665,129,Wheat,Emmer,Kidd LLC,Wholesaler,Hesse,Direct,2024-04-28,1845.7,1.02,1882.61,29.05,1756.69,96.87,23.34,0.96,0.06
6666,4023,Corn,Dent,"Allen, Young and Harvey",Wholesaler,Hesse,Cooperative,2025-05-05,933.5,0.27,252.04,6.84,170.32,74.88,17.58,0.3,-0.03
6667,11601,Corn,Sweet,"Russell, Cantu and Villarreal",Wholesaler,Brandenburg,Direct,2024-02-23,1087.5,1.38,1500.75,3.19,1417.32,80.24,7.41,1.49,-0.11
6668,12928,Potato,Russet,Hernandez Group,Wholesaler,Lower Saxony,Direct,2025-04-05,969.5,1.3,1260.35,33.49,1160.84,66.02,10.63,1.27,0.03
6669,13908,Soybean,Black,"Nunez, Ford and Evans",Exporter,Saxony,Direct,2024-12-04,1473.0,1.59,2342.07,42.44,2235.55,64.08,5.35,1.48,0.11
6670,1999,Wheat,Emmer,"Finley, Ruiz and Boyle",Exporter,Saxony,Online,2025-02-02,916.9,0.54,495.13,31.29,386.26,77.58,5.21,0.59,-0.05
6671,7982,Wheat,Durum,Shelton LLC,Retailer,Hesse,Online,2025-05-05,585.5,1.0,585.5,27.77,459.22,98.51,7.09,0.98,0.02
6672,7497,Corn,Dent,Benton-Mann,Wholesaler,Brandenburg,Direct,2025-04-13,1004.4,0.53,532.33,25.46,492.51,14.36,23.81,0.49,0.04
6673,5419,Soybean,Yellow,"Tyler, Gates and Roberts",Wholesaler,Bavaria,Cooperative,2025-02-16,1442.3,0.9,1298.07,20.26,1185.5,92.31,21.93,0.88,0.02
6674,8094,Potato,Russet,Werner-Villa,Wholesaler,Bavaria,Online,2025-03-26,480.9,0.61,293.35,1.06,217.03,75.26,16.47,0.56,0.05
6675,2379,Wheat,Durum,Diaz-Lambert,Wholesaler,Brandenburg,Online,2025-03-08,1993.6,1.33,2651.49,23.26,2587.12,41.11,16.9,1.29,0.04
6676,12947,Soybean,Black,Harper and Sons,Wholesaler,Brandenburg,Online,2024-12-14,961.1,0.41,394.05,27.55,278.98,87.52,13.9,0.4,0.01
6677,14641,Barley,Hulled,"Hernandez, Flores and Orozco",Retailer,Hesse,Online,2025-03-12,1326.1,1.55,2055.46,28.73,1992.34,34.39,22.32,1.45,0.1
6678,14208,Barley,Hulless,Rasmussen Group,Wholesaler,Bavaria,Online,2025-02-11,1470.3,1.08,1587.92,14.05,1480.37,93.5,13.89,0.99,0.09
6679,12424,Wheat,Emmer,Harris-Reed,Exporter,Bavaria,Online,2025-01-20,1566.2,0.67,1049.35,24.92,968.92,55.51,8.58,0.7,-0.03
6680,11568,Barley,Hulled,Serrano LLC,Retailer,Saxony,Direct,2025-03-29,1585.8,0.48,761.18,14.98,664.65,81.55,15.28,0.51,-0.03
6681,12561,Soybean,Yellow,Steele LLC,Retailer,Bavaria,Direct,2025-05-04,843.7,1.02,860.57,40.89,744.55,75.13,11.47,1.07,-0.05
6682,2012,Soybean,Yellow,Smith PLC,Exporter,Saxony,Direct,2025-03-09,1433.2,0.65,931.58,14.76,847.96,68.86,6.62,0.6,0.05
6683,13705,Potato,Russet,Morris-Jackson,Retailer,Brandenburg,Cooperative,2025-04-29,1709.0,0.55,939.95,42.99,875.8,21.16,7.33,0.5,0.05
6684,6057,Barley,Hulless,Serrano-Hart,Exporter,Lower Saxony,Cooperative,2025-04-16,1753.8,0.67,1175.05,34.74,1115.97,24.34,6.97,0.66,0.01
6685,13743,Soybean,Yellow,Ellis Ltd,Wholesaler,Saxony,Cooperative,2025-02-01,1265.8,0.72,911.38,12.65,837.26,61.47,20.62,0.72,0.0
6686,5664,Soybean,Black,Murphy Ltd,Exporter,Bavaria,Cooperative,2024-11-06,942.8,0.37,348.84,16.84,303.16,28.84,15.77,0.36,0.01
6687,1541,Corn,Sweet,Jones PLC,Exporter,Lower Saxony,Online,2024-05-26,605.7,0.86,520.9,9.2,427.76,83.94,6.21,0.86,0.0
6688,5680,Corn,Sweet,Moss and Sons,Exporter,Hesse,Direct,2025-04-01,1183.7,1.63,1929.43,8.66,1901.78,18.99,21.17,1.49,0.14
6689,7514,Soybean,Yellow,Hill-Zuniga,Exporter,Lower Saxony,Cooperative,2024-03-18,751.3,0.74,555.96,19.07,505.23,31.66,10.86,0.76,-0.02
6690,10732,Wheat,Durum,"Garcia, Frost and Turner",Wholesaler,Saxony,Cooperative,2025-05-03,622.2,0.9,559.98,23.6,443.34,93.04,23.75,0.98,-0.08
6691,6486,Wheat,Durum,"Brown, Vasquez and Weiss",Exporter,Lower Saxony,Cooperative,2025-05-05,1005.1,1.03,1035.25,19.28,930.51,85.46,24.15,1.12,-0.09
6692,14696,Wheat,Durum,Long-Martinez,Wholesaler,Saxony,Online,2025-05-05,1187.4,0.92,1092.41,15.89,1025.49,51.03,23.86,0.9,0.02
6693,1581,Soybean,Yellow,Walker-Hunter,Wholesaler,Bavaria,Online,2025-05-05,1546.1,1.62,2504.68,34.88,2418.0,51.8,8.94,1.48,0.14
6694,8615,Barley,Hulless,"Sanchez, Simpson and Henry",Exporter,Hesse,Direct,2025-03-24,1584.2,0.37,586.15,11.47,533.66,41.02,20.33,0.38,-0.01
6695,5691,Wheat,Emmer,"Logan, Perez and Hall",Wholesaler,Lower Saxony,Cooperative,2025-05-05,1981.1,0.78,1545.26,9.43,1457.83,78.0,7.56,0.85,-0.07
6696,10848,Corn,Sweet,Pratt-Patrick,Retailer,Brandenburg,Direct,2024-12-31,1676.1,0.84,1407.92,1.04,1382.06,24.82,9.53,0.91,-0.07
6697,4829,Soybean,Yellow,Bailey LLC,Exporter,Bavaria,Direct,2025-05-05,807.0,0.42,338.94,17.36,233.42,88.16,11.03,0.41,0.01
6698,14616,Barley,Hulless,Ward Inc,Retailer,Lower Saxony,Direct,2025-05-05,369.1,0.28,103.35,43.05,-17.52,77.82,18.46,0.31,-0.03
6699,14082,Wheat,Emmer,Reese LLC,Exporter,Hesse,Cooperative,2025-03-08,1234.7,1.07,1321.13,38.53,1185.88,96.72,22.59,1.14,-0.07
6700,8389,Corn,Sweet,Knapp Inc,Retailer,Saxony,Cooperative,2025-04-10,829.4,0.88,729.87,31.63,652.3,45.94,12.81,0.9,-0.02
6701,123,Potato,Red,"Miller, Richardson and Henry",Wholesaler,Hesse,Cooperative,2025-05-05,1823.6,0.87,1586.53,33.57,1528.04,24.92,6.51,0.89,-0.02
6702,8486,Corn,Dent,Gibson-Cortez,Retailer,Bavaria,Cooperative,2024-12-08,1722.2,1.05,1808.31,10.42,1747.3,50.59,8.58,1.13,-0.08
6703,7925,Corn,Sweet,Thomas-Hernandez,Wholesaler,Brandenburg,Cooperative,2025-05-05,704.4,0.55,387.42,41.95,263.05,82.42,12.81,0.52,0.03
6704,13966,Potato,Red,Osborne LLC,Wholesaler,Brandenburg,Online,2024-06-25,695.9,1.47,1022.97,42.8,928.08,52.09,20.18,1.42,0.05
6705,6408,Soybean,Yellow,Moore-Williams,Retailer,Brandenburg,Online,2025-04-22,1711.0,0.99,1693.89,16.24,1651.68,25.97,12.35,0.9,0.09
6706,7939,Corn,Dent,Bell-Garcia,Wholesaler,Hesse,Direct,2025-05-05,268.2,1.14,305.75,41.38,253.55,10.82,11.84,1.21,-0.07
6707,1834,Corn,Dent,"Whitehead, Turner and Logan",Exporter,Hesse,Direct,2024-06-06,488.3,1.36,664.09,1.93,567.68,94.48,13.96,1.27,0.09
6708,5716,Wheat,Emmer,"Small, Robinson and Jenkins",Exporter,Bavaria,Cooperative,2024-12-16,386.0,0.69,266.34,47.5,143.45,75.39,22.95,0.63,0.06
6709,7147,Corn,Sweet,Spence-Warner,Wholesaler,Saxony,Cooperative,2025-05-05,1781.3,1.4,2493.82,6.64,2445.76,41.42,23.29,1.29,0.11
6710,462,Soybean,Yellow,Meza-Cline,Exporter,Saxony,Cooperative,2025-04-04,566.3,0.56,317.13,12.86,206.56,97.71,7.5,0.54,0.02
6711,783,Barley,Hulless,Peters PLC,Retailer,Lower Saxony,Direct,2024-02-22,511.2,0.54,276.05,22.57,211.77,41.71,21.48,0.52,0.02
6712,11754,Corn,Dent,Mitchell-Alvarez,Retailer,Hesse,Online,2025-04-03,1647.5,0.93,1532.18,41.69,1468.46,22.03,11.04,0.87,0.06
6713,6100,Soybean,Yellow,"Gomez, Henson and Greene",Wholesaler,Bavaria,Cooperative,2024-07-31,665.3,0.97,645.34,34.99,532.72,77.63,7.21,1.06,-0.09
6714,14035,Corn,Dent,Robinson and Sons,Exporter,Hesse,Cooperative,2024-12-15,379.3,0.54,204.82,39.66,136.36,28.8,5.31,0.53,0.01
6715,1722,Soybean,Black,Medina Inc,Retailer,Brandenburg,Cooperative,2025-03-07,1824.6,1.48,2700.41,41.55,2597.36,61.5,24.76,1.46,0.02
6716,390,Corn,Dent,Hill-Peterson,Retailer,Brandenburg,Direct,2025-05-02,1697.0,0.96,1629.12,37.65,1536.37,55.1,19.22,0.89,0.07
6717,3421,Barley,Hulless,Hampton-Diaz,Retailer,Lower Saxony,Cooperative,2025-03-21,1197.0,0.85,1017.45,32.46,930.87,54.12,7.6,0.84,0.01
6718,536,Wheat,Durum,"Johnson, Martin and Gallagher",Wholesaler,Brandenburg,Cooperative,2024-08-13,907.8,1.21,1098.44,33.9,976.5,88.04,11.66,1.23,-0.02
6719,11375,Corn,Dent,"Martin, Park and Robbins",Wholesaler,Lower Saxony,Direct,2024-12-31,1341.2,1.47,1971.56,13.24,1864.25,94.07,5.76,1.36,0.11
6720,11422,Wheat,Durum,"Peterson, Hanson and Bernard",Retailer,Brandenburg,Direct,2025-03-08,473.7,1.13,535.28,23.85,463.63,47.8,9.11,1.25,-0.12
6721,10705,Corn,Dent,"Elliott, Willis and Cross",Exporter,Bavaria,Direct,2025-01-28,206.9,1.35,279.32,39.16,190.45,49.71,23.7,1.33,0.02
6722,11397,Potato,Russet,Barker-Watson,Exporter,Lower Saxony,Direct,2024-01-28,1886.4,1.55,2923.92,33.06,2827.5,63.36,8.11,1.46,0.09
6723,2408,Soybean,Black,Cox Inc,Wholesaler,Saxony,Online,2025-02-01,604.9,0.6,362.94,38.74,288.88,35.32,19.27,0.61,-0.01
6724,999,Corn,Sweet,Marshall Ltd,Exporter,Bavaria,Cooperative,2025-03-22,477.0,0.9,429.3,32.55,351.49,45.26,24.85,0.84,0.06
6725,6982,Potato,Russet,"Medina, Lowery and Ware",Wholesaler,Bavaria,Direct,2025-05-05,955.9,1.37,1309.58,32.79,1212.34,64.45,22.34,1.36,0.01
6726,3494,Soybean,Yellow,"Smith, Ellis and Ward",Retailer,Brandenburg,Cooperative,2024-09-27,373.4,0.71,265.11,17.57,225.53,22.01,24.25,0.76,-0.05
6727,12307,Soybean,Yellow,Martinez-Vasquez,Wholesaler,Lower Saxony,Direct,2025-04-22,1162.1,1.1,1278.31,6.83,1240.97,30.51,9.28,1.16,-0.06
6728,9585,Barley,Hulless,"Perez, Ramos and Lee",Wholesaler,Brandenburg,Cooperative,2023-12-04,645.9,0.4,258.36,5.58,168.76,84.02,23.23,0.37,0.03
6729,9852,Soybean,Yellow,"Miller, Dennis and Shaw",Exporter,Bavaria,Cooperative,2025-05-02,1591.5,1.41,2244.02,45.16,2117.87,80.99,6.72,1.4,0.01
6730,9285,Potato,Red,"Alexander, Glenn and Delacruz",Wholesaler,Saxony,Direct,2025-05-05,1873.1,0.85,1592.14,19.11,1528.69,44.34,16.18,0.91,-0.06
6731,12385,Soybean,Black,White Ltd,Exporter,Lower Saxony,Online,2025-05-05,413.3,0.32,132.26,20.78,69.09,42.39,19.1,0.35,-0.03
6732,12489,Barley,Hulless,Duffy-Turner,Exporter,Hesse,Online,2024-05-19,258.1,0.46,118.73,5.09,61.66,51.98,15.91,0.42,0.04
6733,8372,Wheat,Emmer,"Miller, Underwood and Robinson",Retailer,Lower Saxony,Online,2024-12-30,1270.7,0.5,635.35,22.24,597.69,15.42,12.21,0.52,-0.02
6734,15000,Corn,Dent,White Inc,Retailer,Hesse,Direct,2024-12-08,408.1,1.02,416.26,8.7,323.82,83.74,22.63,0.98,0.04
6735,632,Soybean,Yellow,Riley Ltd,Wholesaler,Hesse,Direct,2023-09-11,1172.9,0.66,774.11,9.47,680.26,84.38,15.55,0.67,-0.01
6736,14341,Corn,Sweet,"Horn, Gomez and Gomez",Retailer,Lower Saxony,Cooperative,2024-10-20,1747.2,1.4,2446.08,41.58,2354.09,50.41,16.9,1.31,0.09
6737,9303,Barley,Hulless,Griffin-Henderson,Exporter,Bavaria,Direct,2024-09-09,1630.5,0.61,994.6,30.59,913.01,51.0,17.19,0.67,-0.06
6738,7739,Potato,Red,Burgess Ltd,Wholesaler,Hesse,Direct,2024-07-20,354.4,1.07,379.21,30.89,315.35,32.97,20.11,1.08,-0.01
6739,860,Corn,Dent,King LLC,Retailer,Bavaria,Online,2025-03-27,1180.2,0.58,684.52,23.04,603.91,57.57,9.74,0.53,0.05
6740,9838,Wheat,Durum,Murray and Sons,Wholesaler,Lower Saxony,Online,2025-05-05,365.2,1.32,482.06,39.26,407.41,35.39,10.54,1.45,-0.13
6741,7433,Wheat,Durum,Allen Inc,Wholesaler,Saxony,Cooperative,2025-03-13,1470.2,1.13,1661.33,27.42,1584.36,49.55,13.45,1.19,-0.06
6742,9908,Potato,Red,Acosta-Luna,Exporter,Saxony,Online,2025-04-29,1652.6,1.0,1652.6,4.74,1585.26,62.6,6.92,1.04,-0.04
6743,9346,Wheat,Durum,Welch and Sons,Exporter,Bavaria,Online,2024-08-06,1784.3,1.28,2283.9,10.66,2191.92,81.32,5.74,1.37,-0.09
6744,101,Wheat,Emmer,Dyer Ltd,Retailer,Lower Saxony,Cooperative,2025-05-05,1349.3,1.5,2023.95,28.6,1960.26,35.09,20.03,1.46,0.04
6745,2551,Potato,Russet,Myers-Johnson,Retailer,Bavaria,Cooperative,2024-08-05,551.1,0.44,242.48,41.56,168.52,32.4,17.52,0.44,0.0
6746,8589,Soybean,Yellow,Nguyen PLC,Wholesaler,Hesse,Direct,2025-05-02,880.9,0.39,343.55,47.95,213.77,81.83,22.88,0.36,0.03
6747,10708,Barley,Hulled,Valdez-Crawford,Exporter,Lower Saxony,Online,2025-05-05,518.9,0.39,202.37,35.96,135.07,31.34,5.64,0.4,-0.01
6748,780,Wheat,Emmer,"Booth, Montoya and Jenkins",Wholesaler,Lower Saxony,Cooperative,2025-05-05,303.6,0.53,160.91,33.17,37.34,90.4,10.25,0.49,0.04
6749,5740,Barley,Hulled,Middleton-Jones,Retailer,Hesse,Online,2024-11-28,1365.6,1.02,1392.91,21.0,1347.46,24.45,15.74,1.01,0.01
6750,14062,Wheat,Durum,"Gomez, Romero and Garcia",Retailer,Hesse,Online,2023-11-19,200.2,1.39,278.28,31.62,213.64,33.02,18.01,1.34,0.05
6751,10077,Potato,Red,Bailey PLC,Retailer,Hesse,Direct,2024-12-03,1511.2,0.79,1193.85,43.3,1094.77,55.78,11.92,0.77,0.02
6752,8942,Soybean,Black,"Adams, Wright and Lee",Retailer,Brandenburg,Online,2024-10-20,1509.4,1.55,2339.57,38.13,2245.14,56.3,5.7,1.41,0.14
6753,5957,Potato,Red,Brooks Inc,Wholesaler,Saxony,Cooperative,2025-05-05,545.1,1.16,632.32,18.78,568.6,44.94,16.53,1.26,-0.1
6754,10609,Wheat,Emmer,"Smith, Harvey and Kim",Wholesaler,Saxony,Cooperative,2025-04-20,1757.6,1.52,2671.55,4.2,2611.96,55.39,15.0,1.44,0.08
6755,5057,Potato,Russet,Harris-Sanchez,Exporter,Hesse,Online,2025-04-22,487.1,1.12,545.55,9.95,471.66,63.94,14.32,1.07,0.05
6756,4251,Potato,Russet,Peterson-Pena,Exporter,Lower Saxony,Cooperative,2025-03-11,1153.0,1.26,1452.78,38.83,1328.96,84.99,10.5,1.28,-0.02
6757,12710,Corn,Sweet,Pineda-Bond,Retailer,Hesse,Online,2025-02-09,910.7,0.92,837.84,12.02,774.03,51.79,21.13,0.99,-0.07
6758,8313,Potato,Russet,Rodgers-Stuart,Wholesaler,Brandenburg,Cooperative,2025-04-13,1966.4,1.03,2025.39,30.79,1895.26,99.34,5.8,1.05,-0.02
6759,1411,Potato,Red,"Avila, Miller and Hernandez",Wholesaler,Lower Saxony,Cooperative,2025-01-15,1880.1,0.54,1015.25,10.14,916.43,88.68,16.65,0.58,-0.04
6760,2657,Wheat,Durum,Wyatt-Banks,Exporter,Hesse,Cooperative,2024-12-01,887.1,0.87,771.78,24.48,721.78,25.52,5.59,0.91,-0.04
6761,6644,Soybean,Yellow,Keith-King,Wholesaler,Brandenburg,Cooperative,2025-02-01,867.5,1.15,997.62,3.18,896.65,97.79,12.69,1.08,0.07
6762,12453,Potato,Red,Wilson-Pope,Wholesaler,Lower Saxony,Online,2025-02-12,1492.0,0.61,910.12,31.63,828.62,49.87,12.54,0.66,-0.05
6763,10993,Soybean,Yellow,"Pennington, Gregory and Miller",Wholesaler,Bavaria,Online,2025-03-25,709.7,1.16,823.25,39.31,685.09,98.85,10.24,1.15,0.01
6764,5344,Potato,Russet,"Miles, Davis and Rice",Retailer,Bavaria,Direct,2023-12-23,1045.0,1.31,1368.95,2.82,1327.77,38.36,23.62,1.39,-0.08
6765,10915,Barley,Hulled,"Perry, Palmer and Anderson",Retailer,Bavaria,Online,2025-01-30,877.8,1.22,1070.92,22.15,971.15,77.62,18.41,1.24,-0.02
6766,14920,Potato,Russet,Carter Inc,Exporter,Saxony,Direct,2024-06-11,1171.9,0.59,691.42,26.52,574.91,89.99,16.65,0.65,-0.06
6767,12393,Barley,Hulless,Oconnor Ltd,Wholesaler,Lower Saxony,Online,2025-05-05,922.8,0.85,784.38,0.68,687.68,96.02,22.78,0.82,0.03
6768,13338,Soybean,Black,Stafford LLC,Retailer,Bavaria,Direct,2025-04-12,894.9,0.84,751.72,40.24,675.49,35.99,21.23,0.93,-0.09
6769,3342,Soybean,Yellow,Brown and Sons,Retailer,Saxony,Direct,2023-12-22,1771.7,0.71,1257.91,12.73,1174.39,70.79,13.94,0.77,-0.06
6770,2801,Barley,Hulled,"Beard, Fox and Todd",Retailer,Brandenburg,Direct,2025-03-21,1649.3,1.2,1979.16,36.94,1922.07,20.15,19.04,1.14,0.06
6771,4676,Soybean,Yellow,"Rodriguez, Miller and Braun",Wholesaler,Lower Saxony,Direct,2025-03-08,1298.9,1.0,1298.9,10.18,1260.64,28.08,18.36,0.96,0.04
6772,9546,Potato,Red,Martin-Clarke,Retailer,Lower Saxony,Direct,2025-03-31,1175.5,0.99,1163.74,37.74,1032.41,93.59,24.48,0.96,0.03
6773,13501,Barley,Hulled,Johnson-Ferrell,Wholesaler,Lower Saxony,Online,2025-02-03,1624.9,1.32,2144.87,40.79,2053.18,50.9,20.35,1.44,-0.12
6774,14366,Potato,Russet,"Perkins, Carr and Payne",Retailer,Bavaria,Direct,2025-05-05,1675.9,1.36,2279.22,18.65,2235.6,24.97,8.57,1.35,0.01
6775,10581,Potato,Russet,"French, Pennington and Benjamin",Wholesaler,Saxony,Direct,2024-02-23,1421.1,1.18,1676.9,47.14,1573.24,56.52,7.01,1.28,-0.1
6776,3334,Soybean,Black,Allen-Mason,Wholesaler,Hesse,Cooperative,2024-10-20,827.8,0.41,339.4,47.7,277.88,13.82,21.19,0.4,0.01
6777,10097,Potato,Red,Harris and Sons,Wholesaler,Saxony,Online,2025-04-06,560.7,0.92,515.84,47.96,415.22,52.66,19.72,0.92,0.0
6778,5589,Corn,Dent,"Ball, Mcdaniel and Anthony",Exporter,Lower Saxony,Online,2025-03-10,1141.8,0.89,1016.2,18.66,963.29,34.25,20.88,0.9,-0.01
6779,6917,Corn,Dent,Walker-Cook,Wholesaler,Brandenburg,Direct,2024-01-07,1307.5,0.81,1059.08,3.54,1005.0,50.54,11.62,0.77,0.04
6780,8371,Corn,Dent,White-Bell,Retailer,Bavaria,Online,2025-04-29,1222.8,0.3,366.84,19.94,332.13,14.77,12.18,0.32,-0.02
6781,4262,Corn,Dent,Sandoval and Sons,Wholesaler,Bavaria,Online,2025-04-27,612.9,1.26,772.25,41.1,649.62,81.53,17.38,1.3,-0.04
6782,11790,Soybean,Black,Smith Ltd,Retailer,Lower Saxony,Cooperative,2025-05-05,1010.5,0.68,687.14,32.46,556.46,98.22,6.12,0.73,-0.05
6783,10183,Corn,Dent,"Mcintyre, Scott and Burgess",Retailer,Bavaria,Direct,2024-02-21,863.1,1.13,975.3,34.64,921.95,18.71,11.38,1.08,0.05
6784,1448,Wheat,Durum,Flynn-Scott,Retailer,Hesse,Online,2025-01-27,1626.2,0.72,1170.86,15.79,1058.91,96.16,7.89,0.76,-0.04
6785,398,Soybean,Yellow,Bishop LLC,Retailer,Brandenburg,Direct,2025-04-11,1234.5,1.08,1333.26,18.02,1273.36,41.88,16.44,1.12,-0.04
6786,2248,Barley,Hulless,Russell-Burns,Retailer,Hesse,Direct,2025-05-05,273.2,0.67,183.04,24.19,70.79,88.06,9.54,0.67,0.0
6787,5058,Barley,Hulless,"Munoz, Wyatt and Clark",Exporter,Lower Saxony,Cooperative,2024-08-10,1086.4,0.81,879.98,22.85,803.38,53.75,16.97,0.81,0.0
6788,4943,Wheat,Durum,Long-Martin,Retailer,Lower Saxony,Online,2025-05-05,232.4,1.38,320.71,17.51,214.87,88.33,7.66,1.47,-0.09
6789,2144,Potato,Russet,Potts and Sons,Wholesaler,Brandenburg,Direct,2025-05-02,1335.7,0.59,788.06,29.22,677.31,81.53,14.92,0.64,-0.05
6790,13473,Potato,Russet,Diaz-Colon,Exporter,Hesse,Direct,2024-07-08,1594.4,1.34,2136.5,14.03,2077.82,44.65,9.87,1.4,-0.06
6791,8922,Corn,Dent,"Jackson, Velez and Glass",Wholesaler,Brandenburg,Online,2024-04-29,315.2,1.1,346.72,4.37,262.01,80.34,10.55,1.01,0.09
6792,2046,Soybean,Yellow,Conrad-Marks,Exporter,Saxony,Direct,2025-05-05,1770.4,1.33,2354.63,31.15,2270.68,52.8,5.69,1.34,-0.01
6793,8640,Potato,Russet,Mitchell-Sandoval,Exporter,Saxony,Online,2025-03-29,268.6,0.84,225.62,17.14,162.14,46.34,18.79,0.82,0.02
6794,11561,Barley,Hulled,"Holloway, Villarreal and Lang",Retailer,Saxony,Cooperative,2024-12-03,1883.0,1.58,2975.14,19.65,2937.02,18.47,6.24,1.46,0.12
6795,14312,Barley,Hulled,Perry and Sons,Retailer,Hesse,Direct,2024-09-09,1047.9,0.33,345.81,4.0,244.76,97.05,21.17,0.31,0.02
6796,2469,Corn,Sweet,Kelly Group,Exporter,Brandenburg,Direct,2024-12-02,1469.3,1.36,1998.25,28.81,1872.54,96.9,16.36,1.32,0.04
6797,1958,Corn,Sweet,"Holmes, Hutchinson and Hayes",Wholesaler,Brandenburg,Online,2024-09-27,1898.0,1.25,2372.5,16.18,2262.2,94.12,19.69,1.33,-0.08
6798,12676,Corn,Dent,Green and Sons,Retailer,Saxony,Online,2025-01-01,818.1,0.39,319.06,29.19,222.01,67.86,16.84,0.37,0.02
6799,14686,Soybean,Yellow,Becker PLC,Retailer,Saxony,Cooperative,2025-03-10,1864.8,0.63,1174.82,49.73,1107.81,17.28,9.89,0.59,0.04
6800,853,Corn,Dent,Wilson Inc,Wholesaler,Brandenburg,Direct,2024-11-15,1049.6,0.32,335.87,7.61,254.56,73.7,16.11,0.31,0.01
6801,1008,Wheat,Emmer,"Combs, Tucker and Caldwell",Retailer,Hesse,Cooperative,2025-04-01,1116.9,0.94,1049.89,38.74,945.43,65.72,12.84,0.96,-0.02
6802,12433,Corn,Sweet,Hudson Inc,Wholesaler,Hesse,Online,2024-10-19,845.6,0.68,575.01,36.48,505.66,32.87,13.37,0.69,-0.01
6803,4063,Potato,Red,"Haynes, Lyons and Olson",Retailer,Saxony,Direct,2025-05-05,257.9,1.14,294.01,49.15,167.07,77.79,20.31,1.24,-0.1
6804,13277,Potato,Red,Rogers-Sullivan,Wholesaler,Hesse,Online,2025-05-02,1072.6,0.92,986.79,49.13,901.42,36.24,22.96,0.89,0.03
6805,6402,Soybean,Black,"Nunez, Ward and Heath",Retailer,Hesse,Cooperative,2024-05-12,1052.7,1.23,1294.82,10.0,1250.63,34.19,10.55,1.19,0.04
6806,1281,Potato,Russet,Garza-Mendoza,Retailer,Lower Saxony,Direct,2024-07-21,1845.7,0.72,1328.9,27.97,1268.28,32.65,21.8,0.72,0.0
6807,11187,Corn,Dent,"Lane, Anderson and Green",Wholesaler,Bavaria,Cooperative,2025-03-18,1837.8,0.49,900.52,45.09,788.25,67.18,17.78,0.48,0.01
6808,4324,Corn,Dent,Holmes-Graves,Retailer,Brandenburg,Direct,2025-03-11,316.2,0.9,284.58,36.6,202.84,45.14,7.05,0.86,0.04
6809,6735,Potato,Red,"Barton, Montes and Edwards",Wholesaler,Brandenburg,Online,2024-12-22,889.4,1.34,1191.8,16.16,1114.39,61.25,21.95,1.39,-0.05
6810,5937,Wheat,Emmer,Thompson-Rodriguez,Wholesaler,Hesse,Cooperative,2025-04-20,1116.7,0.33,368.51,40.65,296.27,31.59,16.37,0.33,0.0
6811,3312,Wheat,Durum,"Cunningham, Stanley and Yu",Retailer,Brandenburg,Direct,2025-03-23,785.3,0.96,753.89,13.03,669.02,71.84,11.65,1.0,-0.04
6812,12315,Corn,Sweet,"Perez, Williams and Lopez",Retailer,Bavaria,Cooperative,2025-04-18,343.6,0.79,271.44,25.1,197.9,48.44,17.45,0.79,0.0
6813,3499,Potato,Red,Wilson-Ford,Retailer,Bavaria,Direct,2025-01-10,1421.9,0.64,910.02,24.27,873.97,11.78,12.06,0.65,-0.01
6814,9066,Wheat,Emmer,Clayton-Evans,Exporter,Hesse,Online,2025-02-01,1500.4,0.31,465.12,12.22,403.76,49.14,17.52,0.32,-0.01
6815,4958,Barley,Hulled,Davis LLC,Wholesaler,Saxony,Cooperative,2025-04-24,946.2,1.22,1154.36,3.39,1138.7,12.27,16.36,1.18,0.04
6816,2275,Soybean,Yellow,Williams LLC,Wholesaler,Hesse,Cooperative,2024-03-30,1642.5,1.46,2398.05,13.36,2320.02,64.67,23.56,1.33,0.13
6817,6170,Soybean,Yellow,Lopez-Carey,Wholesaler,Hesse,Cooperative,2025-04-29,1443.7,0.82,1183.83,49.91,1043.62,90.3,6.96,0.82,0.0
6818,12256,Barley,Hulless,Hawkins PLC,Retailer,Lower Saxony,Cooperative,2025-01-12,1511.8,0.54,816.37,12.83,786.96,16.58,12.08,0.55,-0.01
6819,5646,Potato,Russet,"Wall, Payne and Cooper",Wholesaler,Saxony,Online,2025-05-05,1320.2,0.46,607.29,8.29,524.04,74.96,23.23,0.48,-0.02
6820,10206,Potato,Russet,Carson-Barnett,Wholesaler,Saxony,Direct,2025-05-05,1412.6,1.06,1497.36,5.21,1402.02,90.13,5.24,1.01,0.05
6821,13783,Soybean,Yellow,Fischer Group,Wholesaler,Hesse,Direct,2025-01-20,858.0,0.84,720.72,46.49,621.77,52.46,5.18,0.77,0.07
6822,4181,Soybean,Black,Cobb-Fleming,Wholesaler,Saxony,Online,2024-12-31,1004.8,0.91,914.37,11.23,889.52,13.62,16.27,0.85,0.06
6823,13645,Wheat,Emmer,Mcclure-Hernandez,Wholesaler,Hesse,Online,2025-01-27,731.3,0.76,555.79,17.64,499.75,38.4,5.11,0.79,-0.03
6824,3617,Potato,Russet,Harrison-Jones,Retailer,Hesse,Cooperative,2025-05-05,1812.6,1.04,1885.1,28.25,1837.25,19.6,21.03,1.02,0.02
6825,10370,Soybean,Yellow,Ayers-Anderson,Retailer,Saxony,Online,2024-12-14,1359.9,1.36,1849.46,8.89,1746.64,93.93,10.12,1.44,-0.08
6826,12097,Potato,Red,White Ltd,Exporter,Bavaria,Online,2025-05-01,1097.3,1.44,1580.11,43.22,1473.58,63.31,13.98,1.32,0.12
6827,6135,Barley,Hulled,Stephens and Sons,Wholesaler,Hesse,Direct,2024-07-17,502.7,0.37,186.0,5.88,98.68,81.44,7.56,0.37,0.0
6828,4397,Soybean,Yellow,"Dennis, Olson and Howard",Exporter,Hesse,Online,2025-02-05,971.6,0.34,330.34,26.04,212.45,91.85,21.02,0.33,0.01
6829,8925,Soybean,Black,Douglas LLC,Wholesaler,Saxony,Direct,2025-05-05,861.3,1.2,1033.56,32.28,989.16,12.12,8.12,1.1,0.1
6830,586,Potato,Red,Davis Ltd,Retailer,Saxony,Online,2025-05-05,713.3,0.99,706.17,22.39,648.56,35.22,17.3,0.95,0.04
6831,4860,Wheat,Durum,Williams Ltd,Exporter,Brandenburg,Cooperative,2025-04-25,754.3,0.83,626.07,46.13,522.16,57.78,14.17,0.86,-0.03
6832,1080,Potato,Red,Perez-Ruiz,Retailer,Lower Saxony,Direct,2024-12-12,1671.7,0.32,534.94,23.77,486.66,24.51,10.55,0.32,0.0
6833,2489,Corn,Sweet,Davis and Sons,Retailer,Lower Saxony,Online,2024-03-01,705.6,1.32,931.39,1.6,913.72,16.07,6.68,1.46,-0.14
6834,9031,Barley,Hulled,"Reeves, Smith and Reed",Retailer,Hesse,Direct,2025-05-05,453.0,0.79,357.87,16.39,320.37,21.11,14.27,0.78,0.01
6835,2336,Wheat,Emmer,"Ruiz, Powers and Rogers",Wholesaler,Hesse,Direct,2025-01-27,1771.2,0.95,1682.64,1.93,1629.0,51.71,24.13,1.01,-0.06
6836,2916,Soybean,Black,"Gomez, Thomas and Lambert",Wholesaler,Saxony,Direct,2025-01-05,243.9,1.09,265.85,45.6,181.28,38.97,7.35,1.15,-0.06
6837,1454,Corn,Dent,"Snyder, Martin and Lewis",Retailer,Lower Saxony,Direct,2025-01-15,1255.9,0.63,791.22,21.6,750.22,19.4,18.18,0.59,0.04
6838,14190,Corn,Sweet,"Long, Mueller and Thomas",Wholesaler,Brandenburg,Online,2025-04-10,705.5,1.45,1022.98,12.85,936.39,73.74,14.28,1.48,-0.03
6839,2560,Potato,Red,"Rivera, Newton and Sanchez",Retailer,Bavaria,Online,2025-02-25,1527.2,0.55,839.96,29.29,726.13,84.54,11.84,0.57,-0.02
6840,4593,Soybean,Yellow,Prince Inc,Wholesaler,Bavaria,Direct,2025-01-30,261.7,0.31,81.13,49.38,-22.57,54.32,16.72,0.32,-0.01
6841,6916,Wheat,Durum,Martin-Hendrix,Wholesaler,Saxony,Online,2025-03-21,593.2,1.45,860.14,16.86,819.63,23.65,16.85,1.43,0.02
6842,7356,Potato,Red,"Banks, Pope and Walker",Exporter,Lower Saxony,Direct,2025-03-07,1953.4,1.19,2324.55,33.62,2205.88,85.05,5.26,1.12,0.07
6843,2176,Soybean,Black,Davis-Lee,Wholesaler,Brandenburg,Direct,2025-01-24,1224.0,1.24,1517.76,17.04,1411.27,89.45,12.48,1.34,-0.1
6844,9187,Corn,Dent,Sanchez PLC,Wholesaler,Brandenburg,Direct,2025-05-05,1000.2,0.86,860.17,38.3,776.07,45.8,21.42,0.95,-0.09
6845,13011,Potato,Russet,Johnson Ltd,Exporter,Lower Saxony,Online,2025-05-05,1859.7,0.82,1524.95,41.8,1384.12,99.03,18.2,0.82,0.0
6846,2257,Soybean,Yellow,"Trevino, Alvarez and Gray",Retailer,Hesse,Cooperative,2025-05-05,1317.3,1.42,1870.57,31.25,1787.53,51.79,23.94,1.43,-0.01
6847,3014,Potato,Russet,Ellis Ltd,Retailer,Bavaria,Online,2025-04-10,1349.7,0.79,1066.26,40.72,957.91,67.63,23.32,0.84,-0.05
6848,2357,Soybean,Yellow,Moore-Davis,Exporter,Brandenburg,Cooperative,2024-03-10,292.2,0.63,184.09,22.34,85.16,76.59,14.07,0.59,0.04
6849,14930,Barley,Hulled,Griffin-Medina,Retailer,Brandenburg,Cooperative,2025-05-05,1142.5,1.04,1188.2,30.64,1062.18,95.38,16.37,1.07,-0.03
6850,13797,Soybean,Yellow,Johnston-Harris,Wholesaler,Hesse,Cooperative,2024-10-25,664.1,0.88,584.41,33.45,460.44,90.52,11.5,0.82,0.06
6851,12014,Barley,Hulless,"Thomas, Buck and Scott",Retailer,Saxony,Online,2025-04-14,838.4,0.74,620.42,11.68,513.66,95.08,12.83,0.76,-0.02
6852,5021,Potato,Russet,"Bernard, Diaz and Herrera",Exporter,Lower Saxony,Direct,2025-01-19,725.8,1.58,1146.76,45.15,1067.48,34.13,7.58,1.44,0.14
6853,11006,Corn,Dent,"Lewis, Moore and Becker",Wholesaler,Saxony,Cooperative,2025-04-28,893.9,0.33,294.99,46.58,182.2,66.21,18.86,0.34,-0.01
6854,1235,Corn,Sweet,Young-Davis,Wholesaler,Hesse,Cooperative,2025-02-10,1727.8,1.06,1831.47,29.57,1759.05,42.85,20.07,1.05,0.01
6855,12609,Barley,Hulled,Williams-Walker,Retailer,Brandenburg,Direct,2024-10-20,893.2,0.58,518.06,25.64,418.13,74.29,18.46,0.56,0.02
6856,3991,Wheat,Durum,"Cannon, Hendrix and Lloyd",Exporter,Saxony,Cooperative,2025-01-30,1173.7,0.85,997.64,38.55,900.07,59.02,9.56,0.8,0.05
6857,3011,Wheat,Emmer,"Ramos, Massey and Smith",Wholesaler,Brandenburg,Direct,2025-05-05,1386.1,1.1,1524.71,26.04,1479.91,18.76,13.65,1.14,-0.04
6858,12718,Wheat,Emmer,"Martinez, Owens and Barnett",Wholesaler,Hesse,Online,2025-04-30,1207.4,1.17,1412.66,40.49,1303.04,69.13,11.45,1.09,0.08
6859,1483,Wheat,Emmer,Coleman-Butler,Retailer,Brandenburg,Online,2025-03-23,1005.3,0.68,683.6,0.95,629.65,53.0,11.72,0.7,-0.02
6860,5270,Potato,Russet,Stone Ltd,Exporter,Lower Saxony,Cooperative,2025-04-28,457.7,1.06,485.16,23.29,383.64,78.23,22.65,1.17,-0.11
6861,3281,Corn,Sweet,"Ayala, Hodges and Fitzgerald",Retailer,Bavaria,Online,2025-03-14,772.8,0.34,262.75,26.3,142.73,93.72,10.9,0.34,0.0
6862,13855,Potato,Red,"Andrade, Mendoza and Johnson",Exporter,Bavaria,Direct,2024-10-19,240.9,1.02,245.72,24.58,183.21,37.93,13.99,1.03,-0.01
6863,10760,Barley,Hulled,Ward-Haynes,Wholesaler,Bavaria,Online,2025-01-28,821.9,0.57,468.48,15.05,410.25,43.18,8.57,0.54,0.03
6864,6644,Soybean,Yellow,Allen-Wood,Exporter,Saxony,Direct,2024-02-22,1360.7,1.06,1442.34,10.72,1368.94,62.68,22.39,1.08,-0.02
6865,2952,Wheat,Emmer,"Sparks, Maxwell and Mitchell",Wholesaler,Lower Saxony,Direct,2025-03-06,890.6,1.06,944.04,48.71,884.28,11.05,21.33,1.12,-0.06
6866,9931,Soybean,Yellow,Hoffman LLC,Wholesaler,Saxony,Direct,2024-07-30,1610.9,0.94,1514.25,6.48,1451.93,55.84,14.78,0.96,-0.02
6867,7053,Potato,Red,Moss PLC,Retailer,Lower Saxony,Direct,2025-04-27,602.5,1.16,698.9,2.63,621.13,75.14,23.41,1.2,-0.04
6868,4500,Corn,Dent,Davis-King,Exporter,Brandenburg,Online,2025-01-19,1326.4,1.29,1711.06,18.49,1665.14,27.43,15.55,1.32,-0.03
6869,14492,Soybean,Yellow,Day Group,Wholesaler,Lower Saxony,Direct,2025-05-02,859.9,1.32,1135.07,6.17,1117.99,10.91,7.6,1.46,-0.14
6870,11247,Wheat,Durum,Davis LLC,Wholesaler,Saxony,Online,2025-05-05,488.5,0.84,410.34,31.83,308.54,69.97,6.6,0.81,0.03
6871,12733,Potato,Red,Giles-Mitchell,Exporter,Bavaria,Direct,2024-12-20,1610.7,1.37,2206.66,45.43,2082.27,78.96,7.47,1.45,-0.08
6872,10894,Barley,Hulless,Boyer Inc,Exporter,Lower Saxony,Cooperative,2024-12-07,1195.9,0.43,514.24,0.77,448.82,64.65,20.01,0.47,-0.04
6873,1825,Corn,Dent,Williams-Brock,Wholesaler,Brandenburg,Online,2025-04-29,1071.7,0.38,407.25,21.2,293.89,92.16,24.21,0.42,-0.04
6874,8994,Corn,Sweet,"Rodriguez, Lopez and Bush",Exporter,Bavaria,Direct,2024-05-25,657.5,1.25,821.88,35.32,699.56,87.0,24.7,1.2,0.05
6875,9165,Wheat,Durum,"Jackson, Galvan and Copeland",Exporter,Lower Saxony,Cooperative,2025-05-05,1770.0,0.68,1203.6,47.18,1063.25,93.17,16.69,0.68,0.0
6876,1197,Soybean,Yellow,Mason-Best,Exporter,Bavaria,Cooperative,2024-06-09,1408.2,0.92,1295.54,15.13,1267.74,12.67,7.94,0.98,-0.06
6877,1391,Barley,Hulless,"Branch, Wells and Maynard",Wholesaler,Saxony,Online,2024-02-14,1075.3,0.65,698.94,24.94,655.55,18.45,23.2,0.67,-0.02
6878,12404,Soybean,Yellow,Parker-Bailey,Wholesaler,Lower Saxony,Direct,2025-02-25,407.0,0.56,227.92,19.96,187.12,20.84,17.15,0.62,-0.06
6879,11885,Corn,Dent,Williams-Moon,Retailer,Bavaria,Online,2024-07-03,1758.6,1.36,2391.7,39.76,2315.25,36.69,21.17,1.28,0.08
6880,14865,Soybean,Black,Thompson-Mcguire,Exporter,Brandenburg,Direct,2024-03-12,1996.9,1.11,2216.56,9.22,2126.57,80.77,13.96,1.15,-0.04
6881,11147,Soybean,Yellow,"Olson, Burke and Shaw",Exporter,Hesse,Direct,2025-03-22,1285.3,0.85,1092.5,25.64,982.08,84.78,10.18,0.85,0.0
6882,13147,Corn,Sweet,Golden-Holland,Exporter,Saxony,Online,2025-04-28,821.0,1.27,1042.67,47.44,908.98,86.25,15.14,1.18,0.09
6883,10257,Soybean,Black,"Mccoy, Bradley and Moore",Retailer,Hesse,Cooperative,2025-05-05,206.0,0.37,76.22,19.26,15.68,41.28,7.95,0.4,-0.03
6884,4622,Corn,Dent,Cortez-Morales,Retailer,Lower Saxony,Online,2025-04-06,1637.8,0.4,655.12,29.74,570.66,54.72,6.39,0.42,-0.02
6885,12753,Corn,Dent,Johnson LLC,Retailer,Lower Saxony,Direct,2025-04-11,1685.6,1.32,2224.99,0.58,2169.58,54.83,7.87,1.22,0.1
6886,2764,Soybean,Yellow,"Barnes, Smith and Williams",Exporter,Brandenburg,Direct,2025-05-05,1793.8,1.0,1793.8,20.02,1755.79,17.99,11.08,0.96,0.04
6887,8782,Wheat,Emmer,"Campbell, Yoder and Campos",Wholesaler,Hesse,Online,2025-05-05,998.5,0.47,469.29,33.23,391.28,44.78,7.71,0.49,-0.02
6888,2478,Corn,Sweet,Ward Group,Retailer,Lower Saxony,Direct,2025-01-20,900.7,0.84,756.59,3.03,655.0,98.56,12.15,0.81,0.03
6889,4392,Soybean,Black,"Wilson, Wilson and Benton",Exporter,Hesse,Cooperative,2025-05-05,1665.3,1.16,1931.75,27.13,1816.83,87.79,7.11,1.23,-0.07
6890,3061,Corn,Dent,Harris-George,Exporter,Saxony,Online,2025-02-01,1372.1,0.72,987.91,36.79,875.54,75.58,22.96,0.68,0.04
6891,5304,Wheat,Durum,Hall Inc,Retailer,Brandenburg,Online,2024-12-17,1845.6,0.49,904.34,27.28,808.9,68.16,6.2,0.51,-0.02
6892,10059,Wheat,Durum,Anderson-Perry,Retailer,Saxony,Direct,2025-03-01,1195.1,0.48,573.65,11.42,505.79,56.44,15.31,0.5,-0.02
6893,12458,Corn,Dent,Thomas-Sanders,Wholesaler,Brandenburg,Direct,2025-03-05,1997.6,1.26,2516.98,25.79,2425.56,65.63,6.95,1.19,0.07
6894,1362,Corn,Sweet,"Miller, Sampson and Rodriguez",Retailer,Lower Saxony,Online,2024-07-17,1758.2,1.42,2496.64,35.67,2424.79,36.18,22.76,1.38,0.04
6895,13791,Barley,Hulless,"Lee, Bailey and Lewis",Wholesaler,Lower Saxony,Cooperative,2025-04-08,824.3,0.81,667.68,2.54,592.21,72.93,9.42,0.84,-0.03
6896,11591,Wheat,Emmer,Giles-Chambers,Retailer,Lower Saxony,Cooperative,2025-01-07,499.7,0.61,304.82,46.28,195.92,62.62,16.31,0.57,0.04
6897,1230,Barley,Hulled,Weber-Schmidt,Retailer,Hesse,Online,2025-04-20,384.9,0.81,311.77,49.42,177.5,84.85,22.71,0.77,0.04
6898,3037,Potato,Red,Perry Group,Retailer,Hesse,Direct,2025-04-17,1636.9,1.38,2258.92,9.15,2182.87,66.9,14.09,1.28,0.1
6899,5005,Barley,Hulless,Key LLC,Retailer,Brandenburg,Cooperative,2024-12-19,757.4,1.29,977.05,16.51,945.05,15.49,10.63,1.3,-0.01
6900,14250,Wheat,Durum,Rose and Sons,Retailer,Saxony,Online,2025-04-05,1159.2,0.29,336.17,29.4,263.33,43.44,13.37,0.31,-0.02
6901,8170,Potato,Russet,White-Garcia,Exporter,Saxony,Direct,2024-01-31,1091.3,0.46,502.0,28.68,420.75,52.57,16.91,0.44,0.02
6902,13361,Soybean,Yellow,Bradshaw Inc,Wholesaler,Brandenburg,Cooperative,2025-05-01,214.6,1.25,268.25,22.08,154.66,91.51,21.4,1.2,0.05
6903,5268,Potato,Red,Hall Group,Wholesaler,Brandenburg,Online,2024-12-21,1044.5,1.13,1180.28,6.27,1147.84,26.17,7.63,1.25,-0.12
6904,10518,Potato,Russet,"Burgess, Lewis and Frost",Exporter,Lower Saxony,Online,2025-02-20,873.3,0.49,427.92,31.12,352.73,44.07,16.51,0.53,-0.04
6905,2640,Corn,Dent,Hernandez-Montoya,Wholesaler,Saxony,Cooperative,2025-02-09,735.6,1.2,882.72,2.94,809.83,69.95,7.73,1.14,0.06
6906,10002,Barley,Hulled,Garner Group,Wholesaler,Saxony,Online,2025-03-24,805.2,1.13,909.88,37.4,823.9,48.58,7.69,1.13,0.0
6907,13511,Wheat,Emmer,Russell Inc,Exporter,Lower Saxony,Direct,2025-04-03,1168.1,1.36,1588.62,2.48,1494.36,91.78,12.42,1.26,0.1
6908,8398,Soybean,Black,Rodriguez Ltd,Wholesaler,Saxony,Online,2024-09-19,1460.0,1.48,2160.8,47.8,2061.92,51.08,24.38,1.42,0.06
6909,14649,Wheat,Emmer,Bryan Group,Exporter,Hesse,Online,2023-12-12,1982.7,0.5,991.35,18.07,902.15,71.13,15.87,0.5,0.0
6910,14005,Wheat,Emmer,Whitehead-Graham,Wholesaler,Brandenburg,Cooperative,2025-05-05,327.9,0.56,183.62,16.28,149.06,18.28,24.95,0.52,0.04
6911,6671,Soybean,Black,Burns LLC,Exporter,Saxony,Direct,2025-04-11,839.9,1.18,991.08,22.48,912.82,55.78,21.75,1.3,-0.12
6912,824,Barley,Hulled,Skinner-Coleman,Wholesaler,Lower Saxony,Online,2024-09-26,954.4,1.23,1173.91,9.84,1069.45,94.62,11.74,1.2,0.03
6913,2444,Potato,Red,"Huerta, Richardson and Morris",Exporter,Lower Saxony,Online,2024-12-21,349.7,1.21,423.14,20.56,369.06,33.52,10.36,1.2,0.01
6914,3326,Soybean,Yellow,Wilson-Lopez,Retailer,Lower Saxony,Cooperative,2024-11-16,317.6,0.65,206.44,40.45,94.79,71.2,23.75,0.68,-0.03
6915,2552,Wheat,Durum,Dillon-Paul,Retailer,Hesse,Direct,2024-06-27,1969.8,1.12,2206.18,4.84,2119.85,81.49,24.0,1.05,0.07
6916,10532,Corn,Sweet,"Reid, Clarke and Gordon",Exporter,Bavaria,Cooperative,2024-10-17,1800.3,0.76,1368.23,22.76,1251.26,94.21,22.02,0.74,0.02
6917,4538,Soybean,Black,"Miller, Foster and Murray",Exporter,Brandenburg,Online,2025-04-21,1832.0,0.73,1337.36,10.92,1246.53,79.91,23.6,0.68,0.05
6918,11629,Wheat,Emmer,Gomez-Ware,Wholesaler,Brandenburg,Direct,2025-04-29,997.9,0.38,379.2,46.86,239.31,93.03,10.29,0.35,0.03
6919,10520,Potato,Red,Duran-Curry,Wholesaler,Hesse,Online,2025-05-01,940.2,0.66,620.53,45.43,530.61,44.49,12.46,0.71,-0.05
6920,739,Barley,Hulless,"Robinson, Hawkins and Richards",Wholesaler,Hesse,Online,2025-01-09,1678.7,0.55,923.29,33.9,839.6,49.79,15.21,0.51,0.04
6921,12935,Corn,Sweet,Williams-Hernandez,Exporter,Lower Saxony,Online,2025-04-22,1722.4,0.54,930.1,24.08,835.61,70.41,5.41,0.49,0.05
6922,12351,Corn,Sweet,Bishop Ltd,Exporter,Bavaria,Direct,2025-05-05,964.1,1.28,1234.05,48.24,1156.81,29.0,24.68,1.17,0.11
6923,4493,Soybean,Yellow,Kennedy-Lane,Wholesaler,Saxony,Online,2025-05-05,1015.5,0.99,1005.34,20.96,929.42,54.96,22.15,1.04,-0.05
6924,13875,Barley,Hulless,Adkins-Forbes,Exporter,Brandenburg,Online,2024-12-04,1913.5,0.97,1856.1,49.02,1739.17,67.91,11.2,0.96,0.01
6925,2154,Potato,Russet,Lopez-Martin,Exporter,Lower Saxony,Direct,2024-11-28,911.4,1.33,1212.16,48.35,1149.2,14.61,23.16,1.28,0.05
6926,9373,Corn,Dent,"Lowe, Lopez and Allen",Retailer,Brandenburg,Cooperative,2024-07-23,878.2,0.63,553.27,12.62,487.79,52.86,22.4,0.68,-0.05
6927,3048,Potato,Russet,Hampton-Pratt,Retailer,Hesse,Cooperative,2025-03-11,782.3,0.58,453.73,39.43,356.52,57.78,22.93,0.64,-0.06
6928,14332,Barley,Hulled,Kim-Jordan,Retailer,Bavaria,Cooperative,2025-05-05,870.4,0.6,522.24,4.11,425.83,92.3,18.32,0.55,0.05
6929,1544,Barley,Hulless,Barton Inc,Exporter,Saxony,Direct,2025-01-14,1952.1,1.4,2732.94,49.74,2656.58,26.62,22.8,1.28,0.12
6930,5440,Potato,Russet,"Hamilton, Barnes and Simpson",Retailer,Hesse,Cooperative,2024-08-30,728.2,0.79,575.28,31.49,445.02,98.77,11.25,0.79,0.0
6931,949,Soybean,Yellow,Fletcher Ltd,Retailer,Bavaria,Online,2025-01-27,1490.6,0.41,611.15,27.67,493.6,89.88,24.71,0.4,0.01
6932,9380,Soybean,Yellow,Miller Group,Retailer,Saxony,Cooperative,2025-05-03,384.2,0.74,284.31,21.57,217.95,44.79,10.81,0.82,-0.08
6933,6199,Wheat,Durum,Walker-Contreras,Exporter,Saxony,Cooperative,2024-12-17,428.7,0.49,210.06,25.28,135.2,49.58,21.88,0.53,-0.04
6934,4067,Barley,Hulled,Lewis-Gilbert,Retailer,Lower Saxony,Online,2025-05-05,1290.0,0.84,1083.6,42.11,970.55,70.94,18.82,0.77,0.07
6935,14104,Barley,Hulled,Clark-Hartman,Exporter,Lower Saxony,Online,2025-05-05,1383.2,0.98,1355.54,42.51,1237.53,75.5,15.6,1.03,-0.05
6936,3507,Potato,Russet,Johnson-Thomas,Retailer,Saxony,Direct,2025-04-24,1678.3,1.49,2500.67,47.28,2358.85,94.54,21.85,1.42,0.07
6937,2050,Potato,Russet,Martinez-Cunningham,Exporter,Saxony,Cooperative,2025-05-05,503.2,1.39,699.45,47.02,623.37,29.06,11.31,1.32,0.07
6938,10538,Corn,Sweet,Weaver-Frederick,Exporter,Brandenburg,Online,2024-07-14,676.2,1.39,939.92,3.44,848.1,88.38,17.1,1.49,-0.1
6939,4587,Barley,Hulled,"Perez, Cunningham and Patel",Exporter,Saxony,Online,2024-08-03,1761.9,0.41,722.38,35.65,632.88,53.85,10.27,0.42,-0.01
6940,1764,Barley,Hulled,"Solis, Hensley and Calderon",Wholesaler,Saxony,Cooperative,2025-04-23,1008.0,1.39,1401.12,10.44,1355.51,35.17,21.06,1.48,-0.09
6941,7168,Soybean,Yellow,"Knapp, Carter and Booth",Wholesaler,Lower Saxony,Cooperative,2024-08-25,1174.5,1.13,1327.18,21.28,1252.05,53.85,8.12,1.14,-0.01
6942,5953,Potato,Russet,Williams Inc,Wholesaler,Lower Saxony,Cooperative,2025-05-05,1175.4,0.71,834.53,42.46,737.66,54.41,10.29,0.66,0.05
6943,8822,Corn,Dent,Ford-Russo,Wholesaler,Lower Saxony,Online,2024-12-14,1546.0,1.06,1638.76,41.81,1585.48,11.47,7.74,1.16,-0.1
6944,829,Soybean,Black,Mills-Jarvis,Retailer,Bavaria,Online,2025-04-21,294.8,0.95,280.06,5.72,191.68,82.66,24.46,0.99,-0.04
6945,4111,Potato,Russet,"Lin, Flores and Adkins",Exporter,Hesse,Online,2025-04-11,371.5,0.9,334.35,39.97,259.91,34.47,20.4,0.99,-0.09
6946,5323,Corn,Sweet,Duarte Ltd,Wholesaler,Hesse,Direct,2025-05-05,1811.8,0.98,1775.56,19.54,1707.96,48.06,11.89,1.08,-0.1
6947,12063,Barley,Hulled,Collier and Sons,Retailer,Saxony,Online,2025-03-15,218.4,1.02,222.77,23.53,182.63,16.61,8.85,0.96,0.06
6948,11158,Wheat,Durum,Paul Ltd,Exporter,Bavaria,Online,2025-05-03,654.3,0.65,425.29,43.52,298.33,83.44,7.5,0.6,0.05
6949,8625,Barley,Hulless,Brown PLC,Wholesaler,Hesse,Online,2025-01-13,1348.1,1.14,1536.83,25.09,1424.17,87.57,18.25,1.18,-0.04
6950,14400,Wheat,Emmer,Nguyen-Adams,Wholesaler,Bavaria,Cooperative,2024-05-12,618.5,1.1,680.35,1.71,650.98,27.66,10.73,1.06,0.04
6951,10771,Barley,Hulless,Brown PLC,Retailer,Hesse,Cooperative,2024-08-27,647.8,0.9,583.02,26.62,467.22,89.18,18.8,0.91,-0.01
6952,2659,Corn,Dent,Johnson-Barton,Wholesaler,Saxony,Direct,2025-03-17,1835.0,0.54,990.9,30.09,897.86,62.95,21.69,0.56,-0.02
6953,6287,Corn,Sweet,Wright-Anderson,Retailer,Brandenburg,Online,2024-08-15,1789.6,1.16,2075.94,25.69,1991.74,58.51,8.91,1.17,-0.01
6954,1846,Wheat,Emmer,Carroll PLC,Wholesaler,Bavaria,Cooperative,2025-04-01,498.6,0.87,433.78,11.67,381.66,40.45,7.21,0.97,-0.1
6955,5347,Wheat,Emmer,Rogers-Lozano,Wholesaler,Lower Saxony,Direct,2024-09-18,1932.1,0.5,966.05,46.87,821.07,98.11,11.83,0.54,-0.04
6956,6929,Barley,Hulless,Smith LLC,Wholesaler,Saxony,Cooperative,2025-02-15,1714.1,1.14,1954.07,11.0,1932.97,10.1,12.53,1.05,0.09
6957,10262,Soybean,Black,Rosales Group,Wholesaler,Brandenburg,Online,2024-10-18,1781.8,1.01,1799.62,24.89,1678.21,96.52,16.08,1.11,-0.1
6958,2058,Wheat,Durum,Garcia Ltd,Retailer,Lower Saxony,Cooperative,2025-04-01,970.2,1.51,1465.0,44.39,1391.54,29.07,8.11,1.41,0.1
6959,3819,Wheat,Emmer,Hernandez-Peterson,Retailer,Hesse,Online,2025-05-05,965.6,1.06,1023.54,21.9,948.73,52.91,13.6,1.18,-0.12
6960,5317,Corn,Sweet,"Johnson, Dixon and Taylor",Exporter,Hesse,Direct,2024-09-07,1953.0,1.0,1953.0,9.25,1920.63,23.12,13.94,1.05,-0.05
6961,2296,Wheat,Emmer,"Serrano, Gray and Lee",Wholesaler,Bavaria,Online,2025-02-22,1723.0,0.57,982.11,35.33,925.12,21.66,6.21,0.57,0.0
6962,2419,Wheat,Durum,"Anderson, Smith and Simpson",Retailer,Bavaria,Cooperative,2025-03-18,1826.5,0.86,1570.79,16.96,1464.99,88.84,19.36,0.89,-0.03
6963,767,Corn,Sweet,"Mills, Underwood and Moreno",Exporter,Bavaria,Cooperative,2024-02-15,832.1,1.05,873.7,22.87,767.91,82.92,24.91,1.0,0.05
6964,6277,Potato,Red,"Perez, Anderson and Keith",Wholesaler,Saxony,Online,2025-05-05,912.1,1.24,1131.0,49.41,1042.1,39.49,8.31,1.13,0.11
6965,390,Corn,Dent,Jones-Wagner,Retailer,Lower Saxony,Direct,2024-03-23,1074.2,0.97,1041.97,21.42,987.76,32.79,5.14,0.89,0.08
6966,4410,Potato,Russet,Jones LLC,Wholesaler,Saxony,Online,2025-05-03,1543.3,1.24,1913.69,7.81,1855.05,50.83,12.92,1.25,-0.01
6967,13575,Corn,Dent,Johnson PLC,Retailer,Bavaria,Direct,2025-02-15,901.8,0.93,838.67,5.8,768.35,64.52,24.15,1.01,-0.08
6968,5734,Corn,Sweet,Carrillo-Roth,Retailer,Brandenburg,Online,2025-05-05,1820.7,1.22,2221.25,23.73,2168.66,28.86,22.8,1.3,-0.08
6969,8378,Soybean,Black,Stark and Sons,Wholesaler,Brandenburg,Cooperative,2025-03-18,1693.6,1.23,2083.13,49.13,1992.12,41.88,21.35,1.33,-0.1
6970,2773,Corn,Dent,Mcdonald Ltd,Retailer,Brandenburg,Online,2025-03-14,451.2,1.18,532.42,35.74,429.07,67.61,17.31,1.07,0.11
6971,14435,Corn,Dent,Sharp-Horn,Wholesaler,Saxony,Cooperative,2024-09-18,732.3,0.37,270.95,18.3,219.59,33.06,14.61,0.38,-0.01
6972,13815,Potato,Russet,Cook-Chen,Exporter,Brandenburg,Direct,2025-04-16,1943.7,1.36,2643.43,24.77,2592.82,25.84,20.94,1.44,-0.08
6973,12828,Wheat,Emmer,Brown Ltd,Exporter,Hesse,Online,2025-05-02,486.0,0.41,199.26,21.53,124.38,53.35,20.7,0.41,0.0
6974,13732,Barley,Hulless,Brown-Jackson,Retailer,Bavaria,Online,2025-05-04,1008.0,1.14,1149.12,14.4,1040.9,93.82,23.42,1.12,0.02
6975,7390,Barley,Hulless,Lewis Group,Exporter,Bavaria,Direct,2024-06-10,1844.6,0.32,590.27,39.49,526.67,24.11,24.83,0.34,-0.02
6976,6313,Wheat,Emmer,Chavez-Smith,Wholesaler,Hesse,Direct,2025-01-19,1874.0,0.5,937.0,33.27,825.31,78.42,21.68,0.5,0.0
6977,510,Potato,Russet,Mclean-Fisher,Wholesaler,Hesse,Direct,2024-10-08,840.7,1.31,1101.32,14.28,1066.85,20.19,18.18,1.29,0.02
6978,3098,Corn,Sweet,Brown-Case,Retailer,Brandenburg,Direct,2025-01-28,799.2,0.48,383.62,34.72,269.69,79.21,18.13,0.49,-0.01
6979,4751,Soybean,Black,Morales-Hamilton,Exporter,Bavaria,Cooperative,2025-05-04,749.2,1.17,876.56,18.64,794.29,63.63,22.63,1.07,0.1
6980,13129,Barley,Hulless,"Marshall, Roth and Perry",Retailer,Hesse,Direct,2025-04-30,1109.4,0.63,698.92,3.03,650.87,45.02,20.31,0.68,-0.05
6981,8161,Potato,Red,Jones LLC,Wholesaler,Saxony,Direct,2025-02-25,559.9,0.37,207.16,17.3,172.94,16.92,22.17,0.35,0.02
6982,7918,Wheat,Durum,Cummings-Martinez,Exporter,Saxony,Direct,2024-06-29,215.3,1.01,217.45,8.07,141.17,68.21,14.41,0.94,0.07
6983,13047,Wheat,Emmer,Parker and Sons,Wholesaler,Brandenburg,Online,2025-02-10,1181.9,0.56,661.86,8.43,576.06,77.37,6.61,0.61,-0.05
6984,316,Barley,Hulless,"Myers, Gray and Kaiser",Exporter,Brandenburg,Online,2025-02-14,664.9,1.17,777.93,8.33,671.21,98.39,10.86,1.09,0.08
6985,5112,Wheat,Durum,West PLC,Wholesaler,Brandenburg,Online,2024-05-02,238.0,0.47,111.86,44.91,-10.86,77.81,23.06,0.46,0.01
6986,10406,Barley,Hulless,"Cook, Garcia and Edwards",Exporter,Lower Saxony,Online,2024-09-16,256.1,0.59,151.1,43.56,49.99,57.55,9.53,0.57,0.02
6987,8845,Wheat,Durum,Mcclain PLC,Wholesaler,Saxony,Direct,2024-10-24,1994.7,1.36,2712.79,29.97,2655.18,27.64,15.54,1.34,0.02
6988,5295,Corn,Sweet,Sims-Lawson,Wholesaler,Bavaria,Cooperative,2024-03-24,333.2,1.18,393.18,19.55,338.05,35.58,19.61,1.22,-0.04
6989,8524,Potato,Red,Cooper-Cook,Exporter,Brandenburg,Cooperative,2025-04-14,1022.4,0.59,603.22,31.47,505.42,66.33,10.31,0.57,0.02
6990,6925,Corn,Dent,"Sullivan, Collins and Mosley",Exporter,Saxony,Online,2024-07-01,661.1,0.65,429.72,47.42,325.84,56.46,8.94,0.62,0.03
6991,5778,Potato,Red,"Nichols, Colon and Rogers",Wholesaler,Brandenburg,Online,2025-03-27,1023.9,1.27,1300.35,41.66,1247.28,11.41,21.37,1.23,0.04
6992,10474,Soybean,Black,"Taylor, Cunningham and Abbott",Exporter,Bavaria,Online,2025-04-07,1823.1,1.29,2351.8,22.01,2238.4,91.39,16.99,1.43,-0.14
6993,7134,Potato,Red,Knight PLC,Exporter,Hesse,Online,2025-04-01,1802.2,1.39,2505.06,3.73,2444.88,56.45,5.73,1.34,0.05
6994,13674,Wheat,Emmer,"Shields, Willis and Townsend",Wholesaler,Brandenburg,Cooperative,2024-11-10,1877.3,1.23,2309.08,40.23,2225.9,42.95,15.57,1.21,0.02
6995,3442,Wheat,Durum,Goodwin PLC,Wholesaler,Hesse,Cooperative,2025-05-05,964.1,1.55,1494.36,38.94,1372.13,83.29,8.6,1.41,0.14
6996,1265,Wheat,Emmer,"Stevens, Brown and Ellis",Exporter,Saxony,Cooperative,2024-12-29,896.9,0.51,457.42,16.11,416.75,24.56,21.72,0.52,-0.01
6997,6776,Barley,Hulless,"Hale, Henderson and Huang",Wholesaler,Lower Saxony,Online,2025-01-01,1358.2,0.44,597.61,22.81,558.4,16.4,18.38,0.44,0.0
6998,12437,Barley,Hulless,"Johnson, Richmond and Case",Exporter,Hesse,Online,2024-09-09,1567.8,0.67,1050.43,16.9,1015.34,18.19,11.25,0.64,0.03
6999,1129,Potato,Russet,Walsh-Powell,Exporter,Hesse,Direct,2024-09-09,1899.9,0.94,1785.91,31.12,1680.93,73.86,16.3,0.99,-0.05
7000,12451,Wheat,Emmer,Lewis-Adams,Retailer,Saxony,Online,2024-12-05,622.3,0.71,441.83,2.21,355.44,84.18,16.66,0.65,0.06
7001,3821,Soybean,Black,Patrick Inc,Wholesaler,Hesse,Cooperative,2024-05-05,1616.7,1.44,2328.05,28.46,2239.86,59.73,21.74,1.38,0.06
7002,12398,Potato,Russet,Johnson-Yu,Exporter,Hesse,Direct,2025-05-05,799.3,0.62,495.57,17.23,382.77,95.57,13.92,0.65,-0.03
7003,13526,Potato,Red,Ramirez-Warren,Wholesaler,Brandenburg,Online,2024-09-24,1468.5,1.11,1630.04,44.64,1536.89,48.51,7.95,1.16,-0.05
7004,5943,Corn,Dent,Campbell-Brown,Exporter,Hesse,Online,2024-05-14,1862.1,1.55,2886.26,27.1,2782.6,76.56,11.2,1.46,0.09
7005,3856,Soybean,Yellow,"Smith, Wheeler and Melton",Exporter,Bavaria,Direct,2025-04-20,1144.9,0.31,354.92,3.79,330.69,20.44,7.44,0.34,-0.03
7006,8510,Corn,Dent,Davis Group,Wholesaler,Brandenburg,Cooperative,2025-05-05,469.6,0.39,183.14,7.67,86.8,88.67,12.45,0.42,-0.03
7007,12435,Wheat,Durum,Santos-Montes,Wholesaler,Saxony,Direct,2024-11-16,1393.8,0.47,655.09,4.94,562.87,87.28,5.28,0.45,0.02
7008,5588,Soybean,Yellow,Moran Ltd,Wholesaler,Brandenburg,Online,2024-11-14,1010.8,0.34,343.67,17.64,314.72,11.31,5.5,0.36,-0.02
7009,13318,Corn,Dent,"Garcia, Johnson and Williams",Exporter,Lower Saxony,Cooperative,2024-04-30,606.1,0.91,551.55,1.51,469.3,80.74,24.46,0.84,0.07
7010,7267,Soybean,Yellow,"Wolfe, Thomas and Howard",Wholesaler,Brandenburg,Online,2024-05-10,949.7,1.21,1149.14,43.59,1076.83,28.72,7.14,1.23,-0.02
7011,613,Potato,Russet,Caldwell Group,Wholesaler,Hesse,Online,2024-09-10,1403.9,0.95,1333.7,10.81,1292.47,30.42,17.9,1.03,-0.08
7012,12559,Potato,Red,"Williams, Sullivan and Gordon",Retailer,Hesse,Direct,2025-04-08,582.2,0.32,186.3,9.99,155.38,20.93,8.17,0.35,-0.03
7013,8138,Barley,Hulled,"Velasquez, Landry and Richard",Exporter,Brandenburg,Direct,2024-01-07,375.9,1.08,405.97,19.38,351.0,35.59,10.59,1.12,-0.04
7014,3740,Wheat,Emmer,"Mills, Nguyen and Campbell",Wholesaler,Saxony,Direct,2024-12-26,1088.5,0.75,816.38,46.93,711.61,57.84,21.02,0.75,0.0
7015,136,Corn,Dent,Carter-Williams,Exporter,Brandenburg,Online,2025-04-30,1168.9,0.54,631.21,18.15,533.45,79.61,11.2,0.54,0.0
7016,9545,Wheat,Durum,"Dawson, Chandler and Wright",Exporter,Lower Saxony,Cooperative,2025-04-23,981.0,1.27,1245.87,31.7,1148.85,65.32,8.25,1.21,0.06
7017,13279,Barley,Hulled,Brown Group,Exporter,Lower Saxony,Online,2025-03-27,992.5,1.26,1250.55,8.47,1154.46,87.62,23.84,1.38,-0.12
7018,14845,Potato,Red,"Patton, Holland and Garcia",Exporter,Saxony,Online,2024-10-31,556.6,0.77,428.58,49.44,285.26,93.88,24.33,0.84,-0.07
7019,11208,Soybean,Black,Mullins LLC,Wholesaler,Hesse,Direct,2025-05-05,1438.8,0.82,1179.82,42.64,1088.23,48.95,12.42,0.76,0.06
7020,9555,Barley,Hulless,Gibson Group,Wholesaler,Hesse,Direct,2025-04-20,1661.9,0.32,531.81,24.06,479.36,28.39,10.95,0.3,0.02
7021,1694,Wheat,Durum,"Boyd, Villarreal and Moore",Exporter,Hesse,Online,2025-04-23,599.3,1.5,898.95,39.78,772.59,86.58,19.1,1.44,0.06
7022,930,Potato,Russet,Heath LLC,Retailer,Bavaria,Direct,2024-06-08,393.1,0.8,314.48,24.58,212.9,77.0,6.13,0.83,-0.03
7023,1043,Corn,Sweet,"Mccarthy, Le and Gonzalez",Retailer,Lower Saxony,Online,2025-03-20,905.3,0.61,552.23,22.68,479.51,50.04,9.36,0.64,-0.03
7024,988,Barley,Hulled,"Wilson, Chavez and Reyes",Exporter,Saxony,Cooperative,2025-05-05,1622.7,0.57,924.94,37.36,843.92,43.66,23.71,0.62,-0.05
7025,3968,Soybean,Black,"Jones, Parker and Sanchez",Exporter,Lower Saxony,Online,2024-01-03,271.2,1.07,290.18,43.02,216.57,30.59,24.74,1.14,-0.07
7026,10333,Soybean,Yellow,Rich-Yang,Exporter,Saxony,Cooperative,2025-03-14,471.8,0.66,311.39,23.15,244.51,43.73,14.17,0.7,-0.04
7027,1875,Corn,Sweet,Powers PLC,Retailer,Bavaria,Direct,2024-10-19,367.3,1.54,565.64,27.07,456.33,82.24,13.36,1.4,0.14
7028,9663,Potato,Red,Romero Ltd,Wholesaler,Saxony,Online,2024-10-09,1327.0,1.06,1406.62,40.99,1303.81,61.82,11.71,1.01,0.05
7029,9817,Wheat,Emmer,Williams Ltd,Retailer,Hesse,Cooperative,2025-04-28,1802.8,0.76,1370.13,34.6,1307.49,28.04,8.32,0.82,-0.06
7030,112,Corn,Sweet,"Murphy, Estrada and Harris",Wholesaler,Hesse,Online,2024-05-29,1345.4,0.99,1331.95,7.01,1305.98,18.96,21.43,1.03,-0.04
7031,12913,Wheat,Emmer,Maynard-Reyes,Retailer,Lower Saxony,Direct,2025-05-05,931.9,0.53,493.91,28.78,412.26,52.87,16.24,0.55,-0.02
7032,10788,Wheat,Emmer,"Ford, Hancock and Hamilton",Wholesaler,Lower Saxony,Online,2024-09-28,654.0,1.35,882.9,48.47,738.72,95.71,19.88,1.47,-0.12
7033,11610,Wheat,Emmer,"Bailey, Cruz and Collins",Exporter,Hesse,Direct,2025-02-18,1455.2,1.14,1658.93,8.16,1603.09,47.68,8.97,1.11,0.03
7034,13286,Barley,Hulless,"Levy, Davis and Mullins",Exporter,Lower Saxony,Cooperative,2024-06-12,1366.3,1.51,2063.11,16.32,2023.22,23.57,6.84,1.41,0.1
7035,6071,Corn,Sweet,Beard-Miller,Retailer,Hesse,Direct,2024-09-20,1133.7,0.38,430.81,15.53,316.48,98.8,10.29,0.35,0.03
7036,11851,Barley,Hulless,Allen-Pratt,Exporter,Hesse,Cooperative,2024-05-12,714.3,0.47,335.72,18.12,269.23,48.37,15.48,0.52,-0.05
7037,5575,Potato,Red,Fernandez Group,Exporter,Bavaria,Cooperative,2024-10-25,1291.5,0.75,968.62,33.22,849.71,85.69,20.15,0.74,0.01
7038,12056,Corn,Sweet,Golden-Brown,Exporter,Saxony,Direct,2025-05-05,1667.3,0.79,1317.17,39.96,1213.01,64.2,13.63,0.8,-0.01
7039,6949,Corn,Dent,"Chang, Reilly and Franklin",Retailer,Brandenburg,Direct,2024-11-13,766.2,0.32,245.18,15.46,162.25,67.47,21.97,0.35,-0.03
7040,2877,Corn,Dent,Livingston Ltd,Wholesaler,Bavaria,Cooperative,2025-05-05,1229.1,0.96,1179.94,34.8,1078.32,66.82,22.43,0.92,0.04
7041,2811,Barley,Hulled,Brooks Inc,Exporter,Brandenburg,Online,2024-10-26,1389.9,0.85,1181.42,46.91,1048.07,86.44,9.71,0.81,0.04
7042,10705,Corn,Dent,"Collins, Fuller and Colon",Exporter,Brandenburg,Online,2025-02-25,1963.3,1.32,2591.56,30.0,2538.19,23.37,6.02,1.33,-0.01
7043,809,Potato,Red,Valdez-Michael,Wholesaler,Saxony,Cooperative,2025-01-09,1252.6,0.42,526.09,32.92,449.74,43.43,8.56,0.38,0.04
7044,7597,Corn,Sweet,"Jackson, Nguyen and Perez",Wholesaler,Lower Saxony,Cooperative,2024-11-13,909.0,1.13,1027.17,43.11,917.77,66.29,11.5,1.07,0.06
7045,9185,Wheat,Emmer,Brown Inc,Wholesaler,Lower Saxony,Cooperative,2024-11-05,1589.7,1.36,2161.99,4.03,2102.71,55.25,6.16,1.24,0.12
7046,3637,Soybean,Black,"Smith, Davis and Andrade",Exporter,Brandenburg,Online,2024-10-14,1535.8,1.29,1981.18,31.29,1935.47,14.42,21.1,1.18,0.11
7047,10947,Soybean,Yellow,Campbell Ltd,Exporter,Brandenburg,Direct,2025-05-05,1913.3,0.59,1128.85,8.18,1060.93,59.74,7.21,0.6,-0.01
7048,11631,Potato,Red,"Garcia, Burch and Cox",Wholesaler,Bavaria,Direct,2024-05-24,391.9,0.76,297.84,45.71,234.67,17.46,9.26,0.8,-0.04
7049,14607,Corn,Dent,Ward LLC,Exporter,Lower Saxony,Direct,2025-04-23,468.7,0.32,149.98,32.26,86.28,31.44,11.91,0.32,0.0
7050,2734,Potato,Red,Garcia-George,Exporter,Saxony,Direct,2024-12-26,633.7,1.43,906.19,14.86,843.06,48.27,8.56,1.46,-0.03
7051,608,Potato,Red,"Moore, Hayes and Hobbs",Exporter,Hesse,Cooperative,2024-06-16,708.3,1.18,835.79,6.33,809.3,20.16,17.85,1.25,-0.07
7052,9469,Barley,Hulled,Collins-Hall,Wholesaler,Hesse,Cooperative,2025-05-05,1485.3,0.43,638.68,23.4,575.13,40.15,10.48,0.39,0.04
7053,3542,Soybean,Black,"Carter, Crawford and Lewis",Wholesaler,Saxony,Cooperative,2025-04-08,1005.4,1.09,1095.89,25.01,997.56,73.32,9.64,1.02,0.07
7054,5775,Barley,Hulless,Riley-Walker,Wholesaler,Bavaria,Online,2024-02-16,1862.9,0.65,1210.88,39.72,1138.84,32.32,18.2,0.72,-0.07
7055,184,Barley,Hulless,"Turner, Rodriguez and Macias",Wholesaler,Hesse,Cooperative,2025-05-05,820.2,0.45,369.09,12.06,303.59,53.44,5.86,0.41,0.04
7056,7735,Barley,Hulless,Mayo Inc,Wholesaler,Hesse,Online,2025-05-05,1582.7,1.08,1709.32,27.37,1586.36,95.59,23.55,1.1,-0.02
7057,2031,Barley,Hulless,"Smith, Banks and Monroe",Retailer,Lower Saxony,Direct,2025-05-05,1517.6,1.45,2200.52,19.34,2103.68,77.5,9.72,1.47,-0.02
7058,2186,Corn,Dent,Williams PLC,Retailer,Hesse,Cooperative,2024-12-23,402.9,1.28,515.71,38.23,459.37,18.11,6.24,1.18,0.1
7059,14512,Wheat,Emmer,Dalton PLC,Wholesaler,Bavaria,Online,2025-03-23,795.6,0.46,365.98,30.85,255.38,79.75,14.4,0.42,0.04
7060,11442,Potato,Russet,Smith-Olsen,Wholesaler,Saxony,Online,2024-12-14,777.8,1.56,1213.37,22.42,1127.12,63.83,12.51,1.45,0.11
7061,2359,Potato,Russet,Wilson-Howell,Exporter,Saxony,Online,2025-05-05,1768.6,0.44,778.18,32.09,680.64,65.45,11.1,0.42,0.02
7062,839,Soybean,Yellow,Pena PLC,Exporter,Saxony,Direct,2024-04-07,296.3,0.31,91.85,15.02,9.88,66.95,23.7,0.34,-0.03
7063,13265,Barley,Hulled,Jensen Inc,Retailer,Bavaria,Cooperative,2024-11-17,647.2,1.09,705.45,0.86,605.39,99.2,14.78,0.99,0.1
7064,11849,Potato,Red,Contreras Inc,Wholesaler,Hesse,Direct,2025-02-08,915.8,0.95,870.01,5.53,794.71,69.77,23.28,0.93,0.02
7065,10405,Wheat,Durum,Freeman-Taylor,Wholesaler,Lower Saxony,Cooperative,2024-06-05,1951.6,0.58,1131.93,15.13,1051.27,65.53,19.26,0.61,-0.03
7066,8798,Soybean,Black,Boyd-Brooks,Retailer,Brandenburg,Cooperative,2024-09-08,1944.0,0.67,1302.48,13.13,1254.23,35.12,5.29,0.64,0.03
7067,19,Soybean,Black,Roberts-Love,Wholesaler,Brandenburg,Direct,2024-08-27,277.4,0.41,113.73,7.57,61.73,44.43,19.86,0.41,0.0
7068,7512,Wheat,Durum,Brooks LLC,Wholesaler,Hesse,Direct,2024-04-24,1285.9,1.18,1517.36,27.46,1449.94,39.96,17.24,1.17,0.01
7069,6918,Barley,Hulled,Oneal Ltd,Wholesaler,Hesse,Online,2023-10-31,1395.5,1.29,1800.2,7.24,1712.93,80.03,17.12,1.34,-0.05
7070,1345,Soybean,Yellow,Kline-Harris,Wholesaler,Bavaria,Online,2024-04-23,307.0,1.43,439.01,6.09,341.35,91.57,8.34,1.32,0.11
7071,6789,Barley,Hulless,Graves-Miller,Retailer,Lower Saxony,Online,2025-04-03,1530.1,0.71,1086.37,42.42,1022.98,20.97,16.04,0.77,-0.06
7072,10335,Soybean,Yellow,Huber Group,Wholesaler,Brandenburg,Online,2025-04-04,460.9,0.55,253.5,35.52,118.65,99.33,16.84,0.53,0.02
7073,14225,Corn,Dent,Ellis Ltd,Retailer,Bavaria,Cooperative,2025-01-15,1274.8,1.3,1657.24,39.82,1579.77,37.65,17.19,1.31,-0.01
7074,1451,Potato,Russet,White PLC,Exporter,Hesse,Cooperative,2025-03-13,1750.1,0.39,682.54,15.18,633.09,34.27,18.86,0.4,-0.01
7075,8450,Wheat,Emmer,Contreras-Brown,Exporter,Hesse,Online,2024-08-18,993.4,0.68,675.51,35.95,546.14,93.42,19.26,0.68,0.0
7076,12162,Soybean,Yellow,Hamilton-Beck,Retailer,Bavaria,Direct,2024-06-22,1345.7,0.8,1076.56,8.75,980.7,87.11,23.96,0.74,0.06
7077,8584,Soybean,Yellow,Green-Solis,Wholesaler,Bavaria,Online,2025-05-05,456.6,0.47,214.6,9.06,159.76,45.78,20.75,0.46,0.01
7078,8612,Corn,Sweet,"Williams, Gibson and Doyle",Exporter,Lower Saxony,Direct,2025-03-28,1821.0,0.35,637.35,32.63,525.87,78.85,22.7,0.36,-0.01
7079,9705,Corn,Dent,Diaz Group,Wholesaler,Hesse,Cooperative,2025-03-16,1463.1,0.98,1433.84,37.43,1362.78,33.63,18.93,0.91,0.07
7080,10875,Barley,Hulless,Chan-Andrade,Retailer,Lower Saxony,Online,2024-12-31,989.2,0.72,712.22,48.74,593.66,69.82,16.12,0.74,-0.02
7081,5670,Wheat,Emmer,Proctor-Gutierrez,Retailer,Lower Saxony,Online,2024-03-09,819.4,1.31,1073.41,39.26,1012.74,21.41,18.3,1.45,-0.14
7082,137,Corn,Dent,"Dean, Mejia and Gallagher",Retailer,Brandenburg,Online,2025-04-04,501.2,0.98,491.18,33.75,360.73,96.7,15.55,0.95,0.03
7083,6249,Soybean,Black,Hall Group,Wholesaler,Brandenburg,Direct,2024-07-27,1660.8,0.52,863.62,38.65,773.82,51.15,10.96,0.48,0.04
7084,2878,Soybean,Black,Oconnor-Mills,Wholesaler,Hesse,Online,2025-04-07,1137.1,1.14,1296.29,36.05,1201.35,58.89,8.26,1.06,0.08
7085,8297,Wheat,Durum,Williams Ltd,Wholesaler,Brandenburg,Direct,2025-05-04,1256.8,1.46,1834.93,3.06,1763.03,68.84,9.44,1.48,-0.02
7086,4567,Wheat,Durum,Taylor-Miller,Wholesaler,Hesse,Online,2023-12-18,1166.4,1.18,1376.35,19.73,1257.89,98.73,9.1,1.14,0.04
7087,8420,Barley,Hulled,Garcia-Sanchez,Exporter,Lower Saxony,Online,2025-01-21,1913.3,0.89,1702.84,36.5,1583.14,83.2,13.82,0.92,-0.03
7088,3983,Barley,Hulled,Estrada Inc,Wholesaler,Bavaria,Direct,2025-01-31,309.4,0.47,145.42,27.16,101.5,16.76,19.15,0.43,0.04
7089,5796,Potato,Red,Brown LLC,Exporter,Hesse,Online,2024-12-14,828.4,1.34,1110.06,6.29,1053.32,50.45,17.49,1.32,0.02
7090,2840,Wheat,Emmer,Barrett-Williams,Exporter,Lower Saxony,Cooperative,2025-05-05,292.0,0.37,108.04,11.41,62.86,33.77,10.33,0.41,-0.04
7091,1857,Soybean,Black,Gross-Stephens,Retailer,Saxony,Direct,2025-04-20,334.4,1.24,414.66,34.34,326.48,53.84,8.74,1.16,0.08
7092,5592,Wheat,Durum,Hartman Ltd,Retailer,Hesse,Direct,2025-04-27,932.1,0.73,680.43,7.56,576.2,96.67,18.31,0.71,0.02
7093,6491,Corn,Dent,Foster Ltd,Retailer,Hesse,Direct,2025-02-05,1302.4,0.55,716.32,38.82,628.91,48.59,19.38,0.51,0.04
7094,5029,Barley,Hulled,Hernandez-Castillo,Wholesaler,Lower Saxony,Cooperative,2025-05-03,428.8,0.99,424.51,1.6,386.45,36.46,15.16,0.91,0.08
7095,1186,Barley,Hulled,Harper and Sons,Exporter,Bavaria,Direct,2024-07-03,806.8,0.53,427.6,4.43,377.07,46.1,10.81,0.55,-0.02
7096,656,Potato,Red,Holmes-Campbell,Exporter,Hesse,Online,2025-05-05,1950.2,1.13,2203.73,35.17,2117.89,50.67,21.31,1.12,0.01
7097,8869,Barley,Hulless,Acosta-Thompson,Wholesaler,Saxony,Direct,2025-03-10,1185.0,1.12,1327.2,38.37,1229.28,59.55,9.76,1.19,-0.07
7098,3749,Corn,Sweet,Rogers Inc,Wholesaler,Hesse,Cooperative,2025-05-05,1888.4,0.71,1340.76,24.3,1261.91,54.55,16.34,0.71,0.0
7099,12693,Soybean,Black,Conner and Sons,Retailer,Hesse,Cooperative,2024-11-11,1715.6,0.6,1029.36,24.6,970.92,33.84,8.04,0.59,0.01
7100,13197,Wheat,Durum,Gomez PLC,Wholesaler,Bavaria,Cooperative,2025-05-05,1718.9,1.39,2389.27,15.53,2351.54,22.2,11.64,1.27,0.12
7101,67,Wheat,Emmer,Davis-Rodriguez,Retailer,Bavaria,Direct,2025-03-16,393.1,0.65,255.52,12.74,223.1,19.68,15.61,0.65,0.0
7102,3813,Barley,Hulless,Gonzales Inc,Retailer,Bavaria,Direct,2025-04-23,1078.0,1.04,1121.12,0.53,1031.46,89.13,16.87,1.12,-0.08
7103,13599,Corn,Sweet,"Johnson, Jones and Bean",Exporter,Bavaria,Online,2025-02-11,1201.0,1.41,1693.41,30.21,1570.72,92.48,23.63,1.3,0.11
7104,4833,Wheat,Emmer,Taylor PLC,Retailer,Saxony,Online,2025-05-04,1264.1,0.68,859.59,29.26,776.64,53.69,14.93,0.68,0.0
7105,5998,Corn,Dent,"Baldwin, Jones and Johnson",Exporter,Lower Saxony,Cooperative,2025-03-18,354.5,1.49,528.21,5.21,475.51,47.49,14.42,1.37,0.12
7106,6874,Potato,Russet,"Ho, Jones and Wiley",Exporter,Lower Saxony,Cooperative,2025-05-05,1028.5,0.39,401.12,45.91,296.44,58.77,21.3,0.36,0.03
7107,760,Corn,Sweet,Wallace-Gonzalez,Exporter,Saxony,Cooperative,2025-05-05,1958.0,1.42,2780.36,45.65,2638.15,96.56,21.71,1.35,0.07
7108,8172,Wheat,Emmer,Ayala Inc,Retailer,Hesse,Direct,2025-02-15,855.8,0.44,376.55,12.33,302.95,61.27,10.51,0.41,0.03
7109,10304,Barley,Hulled,Houston-Griffith,Retailer,Lower Saxony,Online,2024-07-02,360.0,0.93,334.8,46.1,220.41,68.29,7.45,0.96,-0.03
7110,3635,Potato,Russet,"Pham, Williams and Lawson",Wholesaler,Lower Saxony,Direct,2025-05-05,908.0,0.74,671.92,46.96,575.16,49.8,22.3,0.8,-0.06
7111,6171,Wheat,Emmer,"Leblanc, Burgess and Rodriguez",Wholesaler,Hesse,Cooperative,2025-03-11,1565.1,1.25,1956.38,35.35,1879.17,41.86,10.35,1.29,-0.04
7112,7240,Barley,Hulless,Braun-Wilson,Wholesaler,Lower Saxony,Direct,2024-06-18,1082.9,1.51,1635.18,20.09,1534.34,80.75,7.21,1.4,0.11
7113,2570,Barley,Hulless,"Soto, Perez and Lawson",Retailer,Saxony,Direct,2024-04-21,1264.7,0.55,695.58,49.91,591.89,53.78,15.76,0.56,-0.01
7114,1404,Soybean,Black,"Ochoa, Hall and Miller",Exporter,Hesse,Direct,2025-04-26,598.8,0.62,371.26,25.84,298.88,46.54,24.94,0.6,0.02
7115,5073,Barley,Hulless,King-Maynard,Exporter,Bavaria,Online,2024-09-29,1691.2,1.41,2384.59,3.71,2310.87,70.01,13.64,1.49,-0.08
7116,9680,Wheat,Durum,Richardson-Adams,Exporter,Lower Saxony,Direct,2024-12-30,1459.8,1.12,1634.98,0.46,1547.55,86.97,16.49,1.05,0.07
7117,6562,Soybean,Black,Roberts-Shelton,Wholesaler,Bavaria,Online,2024-04-23,226.7,1.2,272.04,20.95,179.09,72.0,23.86,1.28,-0.08
7118,12264,Barley,Hulless,"Morris, Jacobson and Nichols",Wholesaler,Saxony,Cooperative,2024-02-05,544.7,1.28,697.22,45.12,631.54,20.56,21.28,1.36,-0.08
7119,800,Wheat,Durum,"Soto, Thompson and Brown",Retailer,Hesse,Cooperative,2025-03-17,1647.3,0.33,543.61,3.65,472.38,67.58,9.99,0.31,0.02
7120,10822,Soybean,Black,"Murphy, Johnson and Lang",Wholesaler,Hesse,Online,2025-04-15,1666.0,0.8,1332.8,15.64,1227.07,90.09,20.07,0.88,-0.08
7121,632,Soybean,Yellow,Clark-Gibbs,Exporter,Hesse,Direct,2024-01-08,1796.2,0.61,1095.68,20.89,979.05,95.74,23.46,0.67,-0.06
7122,13802,Soybean,Yellow,Gonzalez Group,Retailer,Lower Saxony,Direct,2025-03-07,1153.3,0.5,576.65,21.34,461.85,93.46,8.75,0.49,0.01
7123,1084,Corn,Dent,Parker-Beard,Retailer,Brandenburg,Cooperative,2025-04-15,848.6,1.25,1060.75,33.11,1008.21,19.43,17.9,1.17,0.08
7124,10242,Barley,Hulless,"Wheeler, Hall and Phillips",Exporter,Saxony,Cooperative,2025-02-09,1592.2,1.44,2292.77,41.8,2228.17,22.8,22.71,1.42,0.02
7125,10607,Soybean,Yellow,"Santos, Thomas and Herrera",Exporter,Bavaria,Direct,2024-06-15,545.1,0.78,425.18,44.74,369.72,10.72,18.08,0.79,-0.01
7126,2302,Soybean,Yellow,Powell Group,Wholesaler,Hesse,Direct,2024-09-23,1866.6,0.64,1194.62,48.14,1057.42,89.06,9.16,0.66,-0.02
7127,14612,Barley,Hulled,Thomas-Malone,Exporter,Saxony,Cooperative,2024-05-12,815.8,1.08,881.06,27.73,786.62,66.71,19.66,1.05,0.03
7128,7799,Barley,Hulled,Richardson-Wright,Retailer,Hesse,Direct,2025-02-10,857.8,0.49,420.32,10.91,309.44,99.97,11.99,0.53,-0.04
7129,7919,Soybean,Yellow,"Jones, Smith and Raymond",Exporter,Bavaria,Direct,2025-02-08,1633.9,0.35,571.86,47.98,430.9,92.98,20.92,0.32,0.03
7130,3610,Corn,Sweet,Payne-Ellis,Retailer,Saxony,Direct,2025-05-02,287.4,1.49,428.23,27.18,342.02,59.03,24.0,1.39,0.1
7131,12521,Potato,Red,Newton and Sons,Retailer,Saxony,Cooperative,2025-04-15,1401.0,0.49,686.49,40.85,634.34,11.3,9.13,0.52,-0.03
7132,5012,Potato,Red,Nunez Ltd,Wholesaler,Bavaria,Direct,2024-09-06,834.9,0.33,275.52,41.2,145.31,89.01,5.02,0.36,-0.03
7133,13101,Corn,Dent,Austin-Owens,Wholesaler,Lower Saxony,Direct,2025-02-05,668.5,1.41,942.58,0.72,866.89,74.97,12.96,1.31,0.1
7134,9336,Barley,Hulled,Oneal-Buckley,Retailer,Saxony,Online,2024-07-13,1114.9,1.51,1683.5,16.67,1598.97,67.86,12.78,1.43,0.08
7135,951,Wheat,Emmer,Flores-Sims,Retailer,Brandenburg,Cooperative,2024-12-04,876.2,1.1,963.82,25.62,865.59,72.61,7.03,1.08,0.02
7136,7096,Soybean,Yellow,Stephens PLC,Retailer,Brandenburg,Online,2024-11-14,637.0,1.02,649.74,30.55,549.02,70.17,16.36,1.06,-0.04
7137,11244,Wheat,Emmer,Ellis PLC,Retailer,Hesse,Online,2025-04-18,1932.4,1.12,2164.29,23.35,2073.52,67.42,22.33,1.12,0.0
7138,2385,Wheat,Emmer,"Pierce, Miller and Castro",Wholesaler,Saxony,Cooperative,2024-12-19,602.6,0.28,168.73,28.4,92.13,48.2,12.54,0.3,-0.02
7139,2320,Wheat,Durum,Porter-Hines,Wholesaler,Hesse,Direct,2025-04-18,1824.0,0.55,1003.2,25.72,904.0,73.48,21.2,0.56,-0.01
7140,14785,Corn,Sweet,Thompson and Sons,Exporter,Saxony,Cooperative,2025-02-02,522.4,1.29,673.9,49.11,594.87,29.92,22.36,1.39,-0.1
7141,12443,Corn,Sweet,Brooks-Phillips,Exporter,Saxony,Cooperative,2024-05-15,271.6,0.3,81.48,38.56,-1.94,44.86,5.37,0.33,-0.03
7142,10359,Barley,Hulled,Dean-Hampton,Wholesaler,Bavaria,Online,2025-04-11,1269.2,0.95,1205.74,40.72,1107.34,57.68,10.55,0.91,0.04
7143,7794,Corn,Dent,Valdez-Knapp,Retailer,Lower Saxony,Direct,2025-02-20,1934.8,0.83,1605.88,1.46,1512.39,92.03,20.44,0.9,-0.07
7144,11990,Soybean,Yellow,Herman-Alexander,Wholesaler,Saxony,Cooperative,2024-07-20,401.3,1.07,429.39,16.35,327.59,85.45,18.5,1.03,0.04
7145,2223,Barley,Hulled,"Vega, Bishop and Morrison",Retailer,Hesse,Direct,2025-04-23,1416.2,0.72,1019.66,49.94,879.56,90.16,12.43,0.67,0.05
7146,14537,Soybean,Black,"Roberts, Perry and Campbell",Wholesaler,Hesse,Direct,2025-02-13,1578.6,0.65,1026.09,28.76,947.8,49.53,8.67,0.62,0.03
7147,11820,Barley,Hulled,Mclaughlin PLC,Exporter,Bavaria,Cooperative,2025-05-05,471.2,0.43,202.62,3.77,170.54,28.31,14.11,0.4,0.03
7148,8044,Barley,Hulled,"Howard, Hansen and Massey",Retailer,Saxony,Cooperative,2024-04-12,337.2,0.69,232.67,14.29,135.71,82.67,24.51,0.69,0.0
7149,3498,Corn,Dent,Hendrix and Sons,Exporter,Saxony,Cooperative,2025-03-27,409.9,1.05,430.4,46.62,311.03,72.75,12.19,1.13,-0.08
7150,2550,Barley,Hulless,"Griffin, Berry and Watson",Retailer,Bavaria,Cooperative,2023-11-11,370.8,1.23,456.08,16.29,405.16,34.63,10.29,1.33,-0.1
7151,12455,Potato,Red,Sims Group,Wholesaler,Saxony,Online,2025-04-14,1398.4,1.27,1775.97,48.76,1682.91,44.3,11.52,1.38,-0.11
7152,3485,Potato,Russet,"Clark, Williams and Perez",Wholesaler,Hesse,Direct,2025-05-05,1294.8,0.97,1255.96,11.09,1164.62,80.25,12.07,1.02,-0.05
7153,6661,Potato,Russet,Knight-Wright,Retailer,Hesse,Direct,2024-08-21,566.7,0.73,413.69,28.11,310.48,75.1,5.27,0.68,0.05
7154,12140,Wheat,Durum,Martin Ltd,Retailer,Brandenburg,Cooperative,2025-03-09,1768.3,0.29,512.81,9.51,434.03,69.27,8.85,0.3,-0.01
7155,1737,Corn,Dent,Vazquez-Dorsey,Exporter,Hesse,Online,2024-07-03,512.5,1.6,820.0,21.76,742.68,55.56,12.24,1.49,0.11
7156,12895,Wheat,Emmer,"Smith, Wright and Olsen",Exporter,Hesse,Cooperative,2023-11-08,231.7,0.79,183.04,7.86,162.65,12.53,13.38,0.83,-0.04
7157,11632,Corn,Sweet,Chase-Williams,Retailer,Brandenburg,Direct,2024-08-25,1941.5,0.85,1650.28,26.31,1527.65,96.32,15.43,0.92,-0.07
7158,9517,Barley,Hulless,Smith and Sons,Retailer,Saxony,Direct,2025-01-28,1977.4,0.46,909.6,31.07,799.8,78.73,20.74,0.5,-0.04
7159,7617,Wheat,Durum,Jones-Wagner,Exporter,Hesse,Cooperative,2023-12-01,1686.3,1.22,2057.29,44.87,1921.77,90.65,12.39,1.33,-0.11
7160,5688,Wheat,Durum,Bryant-Gardner,Exporter,Lower Saxony,Online,2025-05-04,649.5,0.7,454.65,16.04,371.26,67.35,14.1,0.75,-0.05
7161,8128,Soybean,Yellow,Charles Inc,Exporter,Hesse,Cooperative,2025-05-04,242.2,1.07,259.15,33.34,171.53,54.28,19.79,1.03,0.04
7162,1452,Barley,Hulless,Brewer and Sons,Wholesaler,Bavaria,Online,2025-03-05,1797.2,0.86,1545.59,17.49,1486.46,41.64,13.87,0.85,0.01
7163,13666,Corn,Sweet,"Villarreal, Gaines and Roberts",Retailer,Brandenburg,Cooperative,2023-09-24,577.3,1.04,600.39,28.05,554.67,17.67,8.45,1.11,-0.07
7164,12794,Barley,Hulless,"Barry, Williams and Mitchell",Wholesaler,Lower Saxony,Online,2024-11-02,1386.4,1.35,1871.64,43.41,1800.16,28.07,5.49,1.25,0.1
7165,2747,Wheat,Durum,Fisher-Norton,Wholesaler,Saxony,Online,2025-02-23,1552.6,0.52,807.35,32.28,699.59,75.48,16.29,0.5,0.02
7166,6584,Potato,Russet,Bishop LLC,Wholesaler,Brandenburg,Direct,2025-02-13,915.6,1.49,1364.24,26.41,1284.79,53.04,21.45,1.42,0.07
7167,4609,Corn,Dent,"Zimmerman, Smith and Harvey",Wholesaler,Brandenburg,Direct,2024-12-30,1513.9,1.49,2255.71,25.12,2184.56,46.03,6.84,1.48,0.01
7168,14652,Corn,Dent,Armstrong-Martin,Exporter,Saxony,Cooperative,2024-09-15,1966.7,0.77,1514.36,10.83,1424.56,78.97,15.65,0.82,-0.05
7169,12095,Wheat,Emmer,"Price, Rice and Thomas",Exporter,Bavaria,Online,2025-03-23,427.1,1.5,640.65,34.06,572.49,34.1,17.74,1.46,0.04
7170,5541,Potato,Russet,Aguirre Ltd,Wholesaler,Hesse,Direct,2025-05-05,207.7,1.23,255.47,19.49,211.91,24.07,11.61,1.22,0.01
7171,5843,Soybean,Yellow,"Adams, Clark and Riley",Wholesaler,Bavaria,Cooperative,2024-08-25,1713.1,1.27,2175.64,23.65,2076.73,75.26,20.06,1.33,-0.06
7172,9982,Potato,Russet,Morales Group,Wholesaler,Hesse,Cooperative,2024-07-04,1653.5,0.84,1388.94,29.54,1298.93,60.47,20.09,0.88,-0.04
7173,11470,Corn,Sweet,Roberts-Hess,Retailer,Hesse,Cooperative,2025-05-05,592.3,1.25,740.38,19.03,655.31,66.04,13.11,1.28,-0.03
7174,2060,Wheat,Durum,"Case, Day and Cook",Exporter,Brandenburg,Online,2025-01-02,1727.5,1.45,2504.88,34.68,2454.25,15.95,20.85,1.39,0.06
7175,6211,Barley,Hulled,Hardin-Gray,Wholesaler,Brandenburg,Cooperative,2024-11-01,1523.6,0.92,1401.71,42.66,1315.62,43.43,20.46,0.86,0.06
7176,6277,Potato,Red,"Barton, Walker and Fisher",Retailer,Saxony,Cooperative,2025-05-05,1871.7,1.21,2264.76,2.0,2239.69,23.07,12.42,1.13,0.08
7177,1434,Soybean,Black,"Jones, Harris and Vega",Retailer,Brandenburg,Direct,2025-04-15,1353.1,1.2,1623.72,20.28,1529.01,74.43,14.29,1.2,0.0
7178,1838,Soybean,Black,"Booth, Baxter and Fowler",Retailer,Hesse,Online,2025-05-05,1262.2,0.57,719.45,33.9,661.87,23.68,24.99,0.57,0.0
7179,8786,Corn,Sweet,"Turner, Rice and Deleon",Retailer,Lower Saxony,Online,2024-11-19,219.1,0.33,72.3,49.81,-35.34,57.83,22.68,0.36,-0.03
7180,8027,Potato,Red,Vance-Webb,Wholesaler,Lower Saxony,Online,2024-07-25,1954.5,0.54,1055.43,16.25,978.3,60.88,14.58,0.6,-0.06
7181,12432,Barley,Hulled,"Morris, Elliott and Rios",Exporter,Brandenburg,Direct,2025-05-05,1891.0,0.48,907.68,6.12,846.2,55.36,18.33,0.48,0.0
7182,8359,Soybean,Black,Smith-Chen,Wholesaler,Hesse,Online,2024-12-04,328.2,0.4,131.28,43.75,74.41,13.12,11.16,0.44,-0.04
7183,10178,Wheat,Durum,Joseph Inc,Wholesaler,Brandenburg,Direct,2025-05-02,404.6,0.48,194.21,18.84,148.07,27.3,10.81,0.5,-0.02
7184,14055,Corn,Sweet,"White, Hansen and Bennett",Wholesaler,Bavaria,Direct,2025-04-11,1099.9,0.68,747.93,10.3,694.04,43.59,5.66,0.66,0.02
7185,4069,Potato,Russet,Daniels LLC,Exporter,Brandenburg,Cooperative,2025-05-02,1241.3,1.54,1911.6,33.91,1865.76,11.93,24.52,1.43,0.11
7186,14096,Potato,Red,Roy PLC,Wholesaler,Bavaria,Cooperative,2025-05-05,704.9,0.78,549.82,8.66,501.86,39.3,24.14,0.82,-0.04
7187,12603,Potato,Red,"Vaughan, Higgins and Rubio",Wholesaler,Lower Saxony,Direct,2025-05-02,821.0,1.25,1026.25,5.93,983.71,36.61,17.76,1.3,-0.05
7188,2297,Corn,Sweet,Conner-Young,Retailer,Brandenburg,Direct,2025-02-10,633.2,0.83,525.56,48.11,412.51,64.94,7.25,0.91,-0.08
7189,6022,Potato,Red,Morrow-Green,Wholesaler,Bavaria,Cooperative,2025-01-25,326.3,0.61,199.04,20.36,145.81,32.87,21.5,0.56,0.05
7190,10195,Potato,Red,"Beck, Dunn and Wilson",Wholesaler,Saxony,Direct,2024-12-19,626.0,0.61,381.86,44.1,244.66,93.1,21.56,0.6,0.01
7191,9501,Wheat,Durum,"Garcia, Rowland and White",Exporter,Lower Saxony,Cooperative,2024-07-15,1833.3,1.36,2493.29,12.29,2437.77,43.23,15.21,1.24,0.12
7192,12703,Barley,Hulless,White LLC,Retailer,Hesse,Direct,2024-10-30,490.1,0.9,441.09,37.17,348.67,55.25,11.98,0.88,0.02
7193,11832,Corn,Dent,Clark and Sons,Wholesaler,Brandenburg,Online,2024-05-05,1610.9,1.11,1788.1,36.43,1680.83,70.84,16.44,1.14,-0.03
7194,8138,Barley,Hulled,"Park, Valencia and Richards",Retailer,Saxony,Online,2025-03-27,527.2,1.06,558.83,11.03,531.5,16.3,21.9,1.12,-0.06
7195,12994,Corn,Dent,Farley-Avila,Wholesaler,Saxony,Cooperative,2025-04-08,1314.8,0.28,368.14,44.21,310.69,13.24,9.96,0.3,-0.02
7196,2099,Potato,Red,Stanley PLC,Retailer,Brandenburg,Online,2024-10-28,574.0,1.59,912.66,46.6,808.96,57.1,12.68,1.5,0.09
7197,3516,Wheat,Durum,Johnson-Fisher,Exporter,Bavaria,Cooperative,2024-12-19,1315.8,1.46,1921.07,17.22,1837.55,66.3,24.23,1.46,0.0
7198,1830,Corn,Dent,Howe-Richardson,Retailer,Lower Saxony,Online,2025-04-25,1178.4,1.13,1331.59,18.62,1234.21,78.76,8.41,1.1,0.03
7199,199,Corn,Sweet,"Hurley, Clark and Watson",Wholesaler,Bavaria,Online,2025-01-14,1262.1,0.4,504.84,39.22,446.76,18.86,19.68,0.39,0.01
7200,11615,Soybean,Yellow,Allen and Sons,Exporter,Bavaria,Direct,2024-10-04,1033.8,0.5,516.9,17.34,418.73,80.83,22.9,0.51,-0.01
7201,512,Wheat,Emmer,Horn-Jenkins,Exporter,Hesse,Online,2025-05-05,1661.1,0.37,614.61,44.34,483.44,86.83,23.42,0.36,0.01
7202,8928,Soybean,Yellow,"Davis, Wyatt and Turner",Wholesaler,Hesse,Direct,2025-03-28,1336.2,0.98,1309.48,40.63,1184.48,84.37,22.24,0.95,0.03
7203,675,Barley,Hulless,Gray Inc,Exporter,Bavaria,Direct,2024-08-13,1128.1,0.78,879.92,46.41,776.44,57.07,10.03,0.77,0.01
7204,14914,Wheat,Durum,Oconnell-Mcdonald,Wholesaler,Saxony,Direct,2025-05-04,1746.8,0.61,1065.55,41.94,1001.13,22.48,23.1,0.65,-0.04
7205,11912,Soybean,Yellow,Mahoney Ltd,Wholesaler,Brandenburg,Direct,2025-01-23,1160.8,1.05,1218.84,36.91,1169.31,12.62,8.56,1.04,0.01
7206,1911,Wheat,Emmer,"Mayo, Reese and Mitchell",Retailer,Bavaria,Direct,2025-01-23,697.2,1.27,885.44,16.29,855.61,13.54,20.54,1.21,0.06
7207,3151,Wheat,Durum,Cunningham-Jennings,Retailer,Lower Saxony,Cooperative,2025-05-05,1430.9,0.71,1015.94,23.09,962.07,30.78,19.13,0.73,-0.02
7208,725,Potato,Russet,Roberts PLC,Exporter,Hesse,Cooperative,2024-08-06,1880.7,1.0,1880.7,31.84,1799.55,49.31,13.53,1.03,-0.03
7209,8788,Soybean,Black,Sanchez and Sons,Retailer,Lower Saxony,Cooperative,2025-05-05,1138.1,0.36,409.72,8.09,316.81,84.82,23.66,0.37,-0.01
7210,523,Corn,Dent,"Palmer, Cook and Flores",Wholesaler,Saxony,Direct,2025-01-27,1301.4,0.84,1093.18,33.68,975.41,84.09,21.68,0.8,0.04
7211,1219,Corn,Dent,Simpson-Herrera,Wholesaler,Bavaria,Direct,2025-05-03,1963.5,0.45,883.58,0.11,867.16,16.31,10.32,0.46,-0.01
7212,4040,Wheat,Durum,"Evans, Steele and Rivera",Exporter,Brandenburg,Online,2024-04-26,784.8,0.8,627.84,22.39,585.82,19.63,10.07,0.83,-0.03
7213,1273,Wheat,Durum,"Jennings, Graham and Olson",Retailer,Brandenburg,Direct,2025-05-05,916.2,1.05,962.01,16.02,907.38,38.61,19.13,1.15,-0.1
7214,6412,Corn,Dent,"Allen, Coffey and Villa",Exporter,Brandenburg,Direct,2024-10-06,1657.1,1.2,1988.52,26.5,1942.44,19.58,10.03,1.18,0.02
7215,11808,Soybean,Yellow,Castro-Russell,Exporter,Hesse,Online,2025-02-16,1743.2,1.15,2004.68,31.6,1954.83,18.25,12.38,1.15,0.0
7216,8962,Corn,Sweet,Rollins Group,Wholesaler,Saxony,Online,2024-06-15,601.3,1.36,817.77,2.58,733.48,81.71,19.46,1.27,0.09
7217,6299,Soybean,Black,Valdez PLC,Wholesaler,Brandenburg,Online,2024-11-12,397.4,1.22,484.83,11.88,380.45,92.5,19.38,1.11,0.11
7218,14579,Soybean,Black,Murphy-Rogers,Wholesaler,Lower Saxony,Direct,2024-11-29,1952.3,0.76,1483.75,48.34,1384.33,51.08,12.7,0.73,0.03
7219,7020,Soybean,Yellow,Johnson-Cook,Wholesaler,Saxony,Cooperative,2025-03-14,1009.2,0.54,544.97,19.9,477.7,47.37,23.27,0.59,-0.05
7220,5118,Corn,Dent,"Arnold, Brown and Valdez",Wholesaler,Bavaria,Direct,2025-04-17,1109.6,0.6,665.76,34.82,574.48,56.46,7.47,0.57,0.03
7221,11991,Potato,Red,Estes Inc,Retailer,Brandenburg,Cooperative,2024-10-25,1816.6,0.96,1743.94,20.08,1637.48,86.38,19.65,0.99,-0.03
7222,707,Soybean,Yellow,Yu-Lopez,Exporter,Brandenburg,Online,2025-03-30,1776.2,0.66,1172.29,44.74,1079.29,48.26,5.3,0.73,-0.07
7223,2988,Soybean,Black,Scott Ltd,Retailer,Bavaria,Online,2025-01-26,867.9,0.96,833.18,46.37,707.07,79.74,12.39,0.99,-0.03
7224,8269,Corn,Dent,Kim LLC,Exporter,Saxony,Cooperative,2023-11-21,1197.9,1.42,1701.02,27.78,1595.62,77.62,6.6,1.46,-0.04
7225,14095,Barley,Hulless,Love LLC,Exporter,Lower Saxony,Cooperative,2025-03-04,355.8,1.33,473.21,48.52,413.44,11.25,7.79,1.41,-0.08
7226,2517,Soybean,Yellow,"James, Franco and Ruiz",Wholesaler,Saxony,Online,2025-02-14,1832.2,1.08,1978.78,2.31,1943.7,32.77,16.96,1.13,-0.05
7227,9584,Barley,Hulled,Cameron Ltd,Retailer,Hesse,Online,2025-03-08,1217.3,1.44,1752.91,4.59,1659.39,88.93,19.23,1.43,0.01
7228,14688,Potato,Russet,"Hunt, Martinez and Perkins",Wholesaler,Bavaria,Direct,2025-05-05,1237.3,1.48,1831.2,4.12,1737.71,89.37,21.4,1.43,0.05
7229,9999,Wheat,Durum,Farrell LLC,Retailer,Hesse,Cooperative,2025-02-09,1090.7,1.45,1581.52,6.4,1523.15,51.97,14.37,1.32,0.13
7230,896,Soybean,Yellow,Baker Ltd,Exporter,Hesse,Online,2025-05-05,689.3,1.21,834.05,4.93,806.25,22.87,7.11,1.27,-0.06
7231,7291,Barley,Hulled,Moreno Group,Retailer,Saxony,Online,2025-02-16,1334.0,1.07,1427.38,43.34,1292.2,91.84,11.03,1.02,0.05
7232,5770,Barley,Hulled,Palmer-Williams,Retailer,Saxony,Direct,2024-04-16,1151.6,0.7,806.12,34.79,716.07,55.26,6.28,0.73,-0.03
7233,8703,Potato,Russet,Nguyen-Green,Wholesaler,Brandenburg,Online,2025-03-17,794.2,1.54,1223.07,49.93,1138.12,35.02,23.43,1.5,0.04
7234,4700,Barley,Hulled,"Horne, Hale and Schneider",Retailer,Saxony,Direct,2024-09-15,981.6,0.48,471.17,12.7,413.94,44.53,15.38,0.52,-0.04
7235,3822,Potato,Russet,Hansen Ltd,Exporter,Bavaria,Online,2023-11-30,1626.9,0.91,1480.48,0.64,1412.87,66.97,17.8,0.91,0.0
7236,13190,Soybean,Black,Weber-Lopez,Wholesaler,Hesse,Online,2024-12-24,1670.4,1.02,1703.81,6.33,1626.04,71.44,11.52,0.95,0.07
7237,457,Corn,Dent,Duncan Ltd,Retailer,Hesse,Cooperative,2025-03-18,1039.9,0.5,519.95,36.44,416.93,66.58,22.03,0.51,-0.01
7238,6748,Corn,Sweet,Perry-Scott,Wholesaler,Bavaria,Cooperative,2025-04-27,936.4,1.29,1207.96,40.27,1116.13,51.56,8.71,1.23,0.06
7239,8660,Soybean,Black,Carey-Pitts,Retailer,Bavaria,Direct,2025-04-26,1504.3,0.98,1474.21,29.97,1408.38,35.86,12.02,0.91,0.07
7240,830,Barley,Hulless,"Bennett, Tate and Stanley",Exporter,Lower Saxony,Direct,2025-04-25,435.8,0.43,187.39,8.59,84.42,94.38,17.56,0.43,0.0
7241,10733,Soybean,Black,Banks and Sons,Exporter,Brandenburg,Direct,2024-01-13,1807.7,1.03,1861.93,48.95,1801.96,11.02,20.46,1.09,-0.06
7242,8308,Soybean,Black,Perez-Cooper,Wholesaler,Lower Saxony,Direct,2025-02-28,1394.8,1.14,1590.07,23.4,1468.59,98.08,24.94,1.13,0.01
7243,9284,Soybean,Black,"Baker, Riddle and Hardin",Retailer,Brandenburg,Online,2024-12-19,965.9,0.8,772.72,15.66,744.46,12.6,23.23,0.88,-0.08
7244,13508,Potato,Russet,Thompson-Thomas,Retailer,Hesse,Online,2024-11-21,1870.8,0.43,804.44,45.67,662.75,96.02,15.88,0.46,-0.03
7245,5804,Wheat,Durum,"Day, Larson and Bennett",Retailer,Hesse,Cooperative,2024-08-28,1287.2,1.06,1364.43,17.41,1250.32,96.7,8.77,1.14,-0.08
7246,1687,Potato,Russet,"Martinez, Vargas and Swanson",Exporter,Bavaria,Cooperative,2025-04-15,1912.5,0.96,1836.0,10.12,1753.76,72.12,9.07,0.98,-0.02
7247,662,Potato,Russet,Myers and Sons,Wholesaler,Brandenburg,Cooperative,2025-03-02,1471.7,1.01,1486.42,28.33,1359.64,98.45,23.82,1.05,-0.04
7248,4093,Wheat,Emmer,Reyes-Delgado,Retailer,Lower Saxony,Direct,2025-03-08,1164.3,0.8,931.44,15.48,816.14,99.82,8.1,0.82,-0.02
7249,6009,Wheat,Durum,"Davis, Douglas and Jacobs",Exporter,Bavaria,Online,2024-12-13,1660.2,0.84,1394.57,14.71,1300.72,79.14,16.03,0.88,-0.04
7250,12215,Potato,Red,Wolfe-Mckinney,Exporter,Bavaria,Direct,2024-07-15,1295.1,1.44,1864.94,39.98,1725.42,99.54,20.31,1.5,-0.06
7251,2673,Wheat,Durum,"Riley, Baldwin and Davis",Exporter,Saxony,Direct,2025-01-24,386.0,0.91,351.26,13.91,312.17,25.18,20.19,0.92,-0.01
7252,3213,Corn,Sweet,"Walker, Wright and Serrano",Exporter,Lower Saxony,Direct,2025-05-05,736.8,0.69,508.39,28.04,406.8,73.55,10.84,0.64,0.05
7253,13736,Wheat,Durum,"Palmer, Cole and Graham",Exporter,Brandenburg,Direct,2024-05-28,1806.1,1.09,1968.65,9.55,1916.33,42.77,12.37,1.18,-0.09
7254,37,Soybean,Black,Olson PLC,Exporter,Lower Saxony,Online,2025-05-05,1398.3,0.84,1174.57,2.73,1086.34,85.5,6.9,0.82,0.02
7255,11050,Wheat,Emmer,Blake and Sons,Wholesaler,Bavaria,Direct,2025-02-21,295.1,1.15,339.36,7.37,234.91,97.08,10.69,1.08,0.07
7256,13068,Corn,Dent,Santos PLC,Exporter,Brandenburg,Direct,2025-03-03,1654.5,1.32,2183.94,17.79,2111.22,54.93,12.81,1.21,0.11
7257,3494,Soybean,Yellow,Keith-Rasmussen,Exporter,Lower Saxony,Cooperative,2024-06-21,394.3,0.74,291.78,19.71,191.5,80.57,17.86,0.76,-0.02
7258,9348,Wheat,Emmer,Silva Inc,Exporter,Lower Saxony,Online,2025-04-22,1721.1,1.18,2030.9,1.02,1936.64,93.24,17.9,1.3,-0.12
7259,2580,Potato,Russet,Clark and Sons,Wholesaler,Brandenburg,Cooperative,2025-02-16,782.0,0.52,406.64,3.58,351.23,51.83,10.48,0.51,0.01
7260,1978,Potato,Russet,Palmer-Freeman,Exporter,Lower Saxony,Direct,2025-05-05,1907.2,0.77,1468.54,27.52,1406.09,34.93,24.79,0.82,-0.05
7261,319,Wheat,Emmer,Cunningham Ltd,Exporter,Hesse,Direct,2024-04-27,231.7,0.41,95.0,38.61,-3.15,59.54,10.5,0.4,0.01
7262,4197,Corn,Dent,Martinez-Rogers,Exporter,Saxony,Direct,2025-03-19,267.7,0.8,214.16,34.09,105.78,74.29,6.62,0.82,-0.02
7263,715,Corn,Sweet,"Mcdowell, Maldonado and Jones",Exporter,Lower Saxony,Cooperative,2024-06-01,1025.0,0.91,932.75,16.07,847.97,68.71,5.68,0.85,0.06
7264,8697,Potato,Russet,"Miles, Brown and Hernandez",Wholesaler,Brandenburg,Cooperative,2025-03-10,1085.3,1.45,1573.68,19.05,1484.81,69.82,24.67,1.5,-0.05
7265,2127,Wheat,Emmer,Reed Group,Exporter,Lower Saxony,Online,2024-12-05,607.5,1.16,704.7,10.35,672.18,22.17,22.08,1.07,0.09
7266,6388,Corn,Dent,Barnes-Barry,Retailer,Lower Saxony,Cooperative,2025-05-05,1295.9,1.24,1606.92,38.88,1493.71,74.33,5.46,1.29,-0.05
7267,8555,Corn,Dent,"Allen, Garcia and Huber",Retailer,Hesse,Online,2024-06-06,708.9,1.09,772.7,29.38,719.45,23.87,16.03,1.13,-0.04
7268,6209,Potato,Red,Nichols Group,Wholesaler,Hesse,Online,2025-05-05,1578.4,0.44,694.5,14.32,662.91,17.27,5.64,0.4,0.04
7269,14790,Soybean,Yellow,Carlson-Bishop,Wholesaler,Brandenburg,Cooperative,2024-06-26,1379.7,0.42,579.47,19.01,500.91,59.55,22.02,0.45,-0.03
7270,12129,Potato,Red,Miller-Miller,Wholesaler,Saxony,Direct,2025-01-21,1116.0,1.33,1484.28,30.84,1357.01,96.43,7.91,1.39,-0.06
7271,1936,Potato,Russet,"Barry, Martinez and Boyd",Wholesaler,Lower Saxony,Online,2024-07-29,501.7,0.88,441.5,24.08,358.22,59.2,23.13,0.91,-0.03
7272,544,Wheat,Emmer,"Salazar, Lambert and Romero",Wholesaler,Lower Saxony,Cooperative,2024-09-19,1891.1,0.61,1153.57,4.22,1052.91,96.44,10.89,0.6,0.01
7273,14373,Barley,Hulled,"Schwartz, Yates and Davis",Retailer,Lower Saxony,Cooperative,2024-10-09,1867.1,0.77,1437.67,16.61,1409.41,11.65,13.22,0.84,-0.07
7274,7268,Corn,Dent,Calderon LLC,Exporter,Bavaria,Online,2025-04-18,1314.2,0.62,814.8,34.35,754.95,25.5,10.46,0.6,0.02
7275,10358,Corn,Dent,Paul-Snyder,Exporter,Lower Saxony,Cooperative,2025-03-19,1699.9,0.77,1308.92,19.71,1229.0,60.21,16.32,0.78,-0.01
7276,10342,Potato,Red,Guerrero Group,Exporter,Brandenburg,Direct,2025-02-14,815.8,1.27,1036.07,29.01,930.17,76.89,15.35,1.3,-0.03
7277,12108,Soybean,Black,Bradford-Nelson,Wholesaler,Saxony,Direct,2025-03-28,1606.3,1.54,2473.7,37.73,2342.81,93.16,12.38,1.44,0.1
7278,13287,Soybean,Yellow,"Farmer, Lindsey and Fields",Exporter,Saxony,Online,2025-05-05,1973.3,0.89,1756.24,49.65,1621.79,84.8,7.75,0.87,0.02
7279,9845,Corn,Sweet,Sandoval-Knox,Exporter,Bavaria,Online,2025-02-12,1609.9,0.75,1207.43,43.54,1130.25,33.64,20.86,0.69,0.06
7280,13113,Wheat,Emmer,Dixon LLC,Retailer,Saxony,Direct,2025-03-20,814.3,0.66,537.44,36.28,404.28,96.88,7.18,0.63,0.03
7281,4120,Wheat,Emmer,Reyes PLC,Wholesaler,Lower Saxony,Cooperative,2025-01-24,1552.7,1.45,2251.42,26.01,2176.71,48.7,12.46,1.48,-0.03
7282,1620,Potato,Russet,Murphy-Garcia,Retailer,Brandenburg,Direct,2025-02-17,1986.7,0.37,735.08,20.0,656.07,59.01,23.31,0.4,-0.03
7283,14663,Barley,Hulled,Salas Group,Retailer,Bavaria,Online,2024-11-18,1543.4,0.42,648.23,21.13,563.52,63.58,17.48,0.39,0.03
7284,6541,Barley,Hulless,Long-Walker,Wholesaler,Saxony,Online,2024-11-25,1246.3,1.39,1732.36,17.2,1625.12,90.04,15.79,1.33,0.06
7285,9982,Potato,Russet,Parks-Sharp,Wholesaler,Saxony,Direct,2024-09-08,1046.2,0.95,993.89,28.95,919.32,45.62,9.23,0.88,0.07
7286,3355,Wheat,Durum,Parker-Gutierrez,Exporter,Brandenburg,Direct,2025-04-27,1287.9,0.96,1236.38,41.53,1153.2,41.65,20.57,1.04,-0.08
7287,1710,Wheat,Emmer,Levy-Cooper,Retailer,Hesse,Cooperative,2025-04-10,405.4,0.46,186.48,6.89,157.5,22.09,16.79,0.51,-0.05
7288,2846,Corn,Sweet,Martinez-Brown,Retailer,Bavaria,Cooperative,2024-08-17,1765.2,1.0,1765.2,45.93,1695.98,23.29,16.6,1.02,-0.02
7289,4740,Potato,Russet,Hubbard and Sons,Wholesaler,Hesse,Online,2024-10-13,1963.6,0.71,1394.16,22.37,1357.07,14.72,20.66,0.73,-0.02
7290,371,Corn,Dent,"Winters, House and Barrera",Exporter,Brandenburg,Direct,2025-04-04,1585.3,0.42,665.83,26.31,577.54,61.98,10.19,0.41,0.01
7291,10410,Barley,Hulless,Bauer Inc,Exporter,Brandenburg,Cooperative,2025-04-28,1330.8,0.8,1064.64,29.26,984.12,51.26,17.28,0.85,-0.05
7292,6871,Corn,Dent,Wade and Sons,Exporter,Lower Saxony,Direct,2024-12-16,1034.8,1.02,1055.5,27.22,951.61,76.67,15.01,1.13,-0.11
7293,2032,Corn,Sweet,Lynch-Krueger,Retailer,Hesse,Online,2025-03-13,961.7,1.19,1144.42,37.46,1070.94,36.02,8.52,1.18,0.01
7294,6027,Potato,Russet,"Jackson, Hunter and Jones",Wholesaler,Brandenburg,Cooperative,2025-03-19,1112.0,1.24,1378.88,32.76,1270.23,75.89,7.57,1.34,-0.1
7295,9357,Soybean,Black,Espinoza and Sons,Exporter,Brandenburg,Direct,2025-02-11,739.5,0.37,273.62,37.68,181.67,54.27,24.86,0.38,-0.01
7296,8596,Potato,Russet,Ward-Perez,Exporter,Brandenburg,Direct,2024-12-25,648.3,0.53,343.6,31.4,263.56,48.64,5.96,0.54,-0.01
7297,5673,Soybean,Yellow,Boone Inc,Exporter,Hesse,Online,2025-05-05,609.0,0.74,450.66,44.34,327.12,79.2,17.52,0.76,-0.02
7298,13313,Wheat,Emmer,Fischer Group,Wholesaler,Saxony,Cooperative,2025-02-22,774.9,0.55,426.2,4.68,397.94,23.58,18.39,0.53,0.02
7299,10202,Wheat,Durum,Boone-Bruce,Exporter,Bavaria,Cooperative,2025-04-30,1689.3,0.6,1013.58,42.3,926.86,44.42,11.37,0.66,-0.06
7300,13546,Barley,Hulless,"Trevino, Juarez and Michael",Wholesaler,Hesse,Cooperative,2025-05-05,558.8,1.09,609.09,24.75,554.36,29.98,5.03,1.17,-0.08
7301,10482,Corn,Dent,Moody-Burns,Exporter,Hesse,Online,2025-04-16,293.9,1.02,299.78,7.56,233.18,59.04,23.87,1.09,-0.07
7302,11930,Potato,Red,Ford-Pope,Retailer,Saxony,Online,2025-05-03,1483.6,0.57,845.65,6.13,812.37,27.15,7.2,0.56,0.01
7303,14013,Soybean,Black,"Lee, Williams and Johnson",Retailer,Lower Saxony,Cooperative,2024-11-02,205.9,0.48,98.83,28.07,35.63,35.13,9.32,0.51,-0.03
7304,8305,Corn,Sweet,Morris-Harris,Wholesaler,Hesse,Direct,2025-03-20,1500.6,1.54,2310.92,1.1,2264.5,45.32,20.83,1.41,0.13
7305,13728,Wheat,Emmer,Ray PLC,Wholesaler,Hesse,Direct,2025-01-29,573.1,0.57,326.67,20.41,209.35,96.91,5.77,0.61,-0.04
7306,12374,Barley,Hulled,Jones Ltd,Retailer,Saxony,Cooperative,2025-04-23,1228.7,1.27,1560.45,12.81,1512.7,34.94,6.51,1.23,0.04
7307,14610,Wheat,Durum,"Williams, Nguyen and Martinez",Exporter,Hesse,Cooperative,2025-04-01,1822.9,1.01,1841.13,4.23,1753.52,83.38,14.19,1.0,0.01
7308,3999,Barley,Hulless,Jenkins LLC,Retailer,Lower Saxony,Online,2025-03-12,1017.3,0.78,793.49,48.75,681.63,63.11,13.98,0.77,0.01
7309,13240,Corn,Dent,"Knight, Smith and Bailey",Retailer,Bavaria,Online,2025-02-05,310.7,1.38,428.77,49.2,315.02,64.55,9.67,1.41,-0.03
7310,334,Wheat,Durum,"Norris, Conner and Clay",Exporter,Hesse,Online,2025-05-05,1772.8,0.83,1471.42,3.89,1432.31,35.22,8.24,0.87,-0.04
7311,14528,Soybean,Yellow,Bender LLC,Wholesaler,Hesse,Direct,2025-04-12,570.2,0.98,558.8,15.77,530.05,12.98,18.27,0.99,-0.01
7312,5470,Corn,Dent,Montgomery and Sons,Retailer,Hesse,Online,2025-03-23,1448.0,0.43,622.64,2.24,542.08,78.32,13.92,0.4,0.03
7313,13763,Potato,Russet,"Hall, Ryan and Glenn",Retailer,Brandenburg,Direct,2024-11-09,1864.8,1.19,2219.11,10.11,2154.41,54.59,22.58,1.29,-0.1
7314,3183,Potato,Red,"Mccoy, Sharp and Graham",Exporter,Lower Saxony,Cooperative,2024-05-28,1734.2,0.78,1352.68,25.89,1249.38,77.41,19.47,0.81,-0.03
7315,5159,Soybean,Yellow,Payne and Sons,Retailer,Hesse,Cooperative,2025-05-05,1640.0,1.08,1771.2,6.73,1739.73,24.74,21.3,1.14,-0.06
7316,14257,Soybean,Yellow,Estrada-Griffin,Retailer,Bavaria,Online,2024-09-10,785.8,0.57,447.91,30.9,400.92,16.09,5.66,0.52,0.05
7317,12688,Potato,Russet,"Sellers, Manning and Spence",Retailer,Bavaria,Cooperative,2025-01-28,1406.9,0.53,745.66,19.65,654.88,71.13,6.67,0.49,0.04
7318,9262,Corn,Sweet,"Tate, Edwards and Daniel",Retailer,Brandenburg,Online,2025-05-05,1463.0,1.17,1711.71,12.49,1612.91,86.31,17.23,1.17,0.0
7319,6916,Wheat,Durum,Hall-Mendoza,Retailer,Hesse,Direct,2025-04-06,644.8,1.5,967.2,35.68,911.44,20.08,20.65,1.43,0.07
7320,2097,Barley,Hulless,Farmer-Fernandez,Retailer,Lower Saxony,Online,2025-01-09,1724.3,1.34,2310.56,25.87,2257.92,26.77,9.32,1.28,0.06
7321,6718,Wheat,Emmer,"Johnson, Walter and Martin",Exporter,Brandenburg,Online,2023-11-17,695.6,1.15,799.94,21.64,753.33,24.97,21.19,1.16,-0.01
7322,2666,Barley,Hulless,"Jenkins, Raymond and Frazier",Wholesaler,Saxony,Online,2025-04-08,556.2,1.37,761.99,7.94,694.16,59.89,13.36,1.48,-0.11
7323,3622,Wheat,Emmer,Sims PLC,Wholesaler,Saxony,Online,2025-01-18,201.7,1.59,320.7,41.62,213.16,65.92,17.05,1.47,0.12
7324,675,Barley,Hulless,"Jones, Carney and Richardson",Retailer,Brandenburg,Direct,2025-01-09,1499.5,0.76,1139.62,19.98,1057.72,61.92,20.27,0.77,-0.01
7325,9599,Soybean,Black,"Ashley, Santiago and Allen",Exporter,Lower Saxony,Online,2024-05-07,823.6,1.33,1095.39,27.8,994.87,72.72,8.4,1.25,0.08
7326,12826,Barley,Hulled,"Rice, Lopez and Johnson",Wholesaler,Bavaria,Direct,2025-05-05,1187.7,0.38,451.33,46.58,336.79,67.96,24.16,0.39,-0.01
7327,11677,Potato,Red,"Morris, Hammond and Morales",Wholesaler,Bavaria,Direct,2025-03-23,1467.4,0.72,1056.53,35.45,945.01,76.07,14.9,0.71,0.01
7328,10820,Soybean,Black,Reese-Lamb,Wholesaler,Bavaria,Online,2025-01-01,1960.0,0.96,1881.6,42.78,1797.63,41.19,17.12,0.99,-0.03
7329,14886,Wheat,Emmer,Burke and Sons,Wholesaler,Saxony,Cooperative,2024-11-08,322.2,0.38,122.44,47.66,61.12,13.66,17.71,0.37,0.01
7330,134,Soybean,Yellow,Pratt PLC,Retailer,Hesse,Direct,2025-05-05,1739.8,0.56,974.29,13.89,908.76,51.64,22.03,0.6,-0.04
7331,5313,Potato,Red,Tucker-Cooper,Exporter,Saxony,Direct,2025-02-04,1122.6,0.82,920.53,29.9,867.79,22.84,7.65,0.87,-0.05
7332,3027,Potato,Red,Fletcher-Mccann,Retailer,Lower Saxony,Cooperative,2024-06-15,387.3,1.2,464.76,6.68,362.69,95.39,5.61,1.13,0.07
7333,7631,Soybean,Black,"Johnson, Fernandez and Barry",Wholesaler,Lower Saxony,Direct,2025-02-24,1988.5,1.24,2465.74,36.54,2381.13,48.07,12.37,1.36,-0.12
7334,5364,Wheat,Durum,Gibson-Wilson,Retailer,Saxony,Direct,2025-04-01,1564.9,0.57,891.99,1.54,794.73,95.72,10.57,0.6,-0.03
7335,8747,Wheat,Durum,Rojas-Carney,Exporter,Bavaria,Direct,2024-06-11,346.4,0.37,128.17,40.82,59.16,28.19,12.53,0.35,0.02
7336,4368,Barley,Hulless,Harris-Gardner,Wholesaler,Brandenburg,Cooperative,2025-05-05,551.9,0.74,408.41,47.31,271.74,89.36,7.94,0.77,-0.03
7337,14129,Soybean,Yellow,"Salazar, Garcia and Harris",Retailer,Bavaria,Online,2025-05-04,1447.2,0.79,1143.29,48.36,1028.31,66.62,24.27,0.86,-0.07
7338,11524,Potato,Red,"Bennett, Perry and Sims",Wholesaler,Saxony,Online,2025-04-21,1303.8,1.08,1408.1,40.79,1269.02,98.29,24.65,0.99,0.09
7339,1190,Potato,Red,"Cox, Hendrix and Kent",Exporter,Saxony,Cooperative,2024-09-06,764.5,1.32,1009.14,24.88,886.49,97.77,6.16,1.34,-0.02
7340,2985,Barley,Hulless,Tran-Kelly,Wholesaler,Lower Saxony,Direct,2024-12-11,400.2,1.3,520.26,24.24,465.19,30.83,17.57,1.29,0.01
7341,7210,Corn,Dent,"Duran, Castillo and Klein",Wholesaler,Brandenburg,Direct,2025-03-02,1504.8,1.24,1865.95,10.1,1789.62,66.23,23.54,1.19,0.05
7342,10192,Wheat,Durum,Klein-Richards,Retailer,Bavaria,Online,2025-02-11,961.2,0.51,490.21,44.32,362.89,83.0,19.36,0.56,-0.05
7343,1812,Wheat,Durum,Washington PLC,Wholesaler,Lower Saxony,Online,2024-10-09,1508.6,1.36,2051.7,43.21,1958.7,49.79,11.38,1.34,0.02
7344,3653,Wheat,Emmer,"Sweeney, Burke and Reed",Exporter,Bavaria,Online,2025-05-05,1073.6,1.14,1223.9,44.24,1145.97,33.69,24.77,1.13,0.01
7345,3537,Corn,Dent,Brown-Clark,Exporter,Lower Saxony,Cooperative,2025-05-05,1001.7,1.13,1131.92,36.79,1044.32,50.81,23.43,1.16,-0.03
7346,1722,Soybean,Black,"Long, Salas and Williams",Exporter,Saxony,Direct,2025-02-06,1833.4,1.58,2896.77,29.74,2852.96,14.07,15.96,1.46,0.12
7347,1389,Potato,Russet,"Moore, Long and Spears",Wholesaler,Lower Saxony,Direct,2024-04-28,1399.0,0.59,825.41,14.53,715.14,95.74,9.55,0.6,-0.01
7348,9012,Soybean,Yellow,Weiss-Zuniga,Wholesaler,Saxony,Cooperative,2025-05-05,1984.6,0.75,1488.45,21.68,1415.68,51.09,12.38,0.69,0.06
7349,3237,Potato,Russet,Mcgee PLC,Exporter,Saxony,Online,2025-04-15,1995.7,0.65,1297.21,11.35,1245.71,40.15,20.03,0.61,0.04
7350,7091,Soybean,Yellow,Whitehead-Olson,Wholesaler,Bavaria,Cooperative,2025-03-22,371.1,1.13,419.34,30.73,295.9,92.71,11.1,1.14,-0.01
7351,7851,Barley,Hulled,Lang Inc,Exporter,Brandenburg,Online,2025-03-25,1386.2,1.14,1580.27,40.16,1499.29,40.82,8.18,1.16,-0.02
7352,1498,Potato,Red,Bennett Inc,Retailer,Bavaria,Direct,2024-09-29,303.3,1.52,461.02,49.7,325.04,86.28,11.29,1.49,0.03
7353,6519,Soybean,Yellow,"Smith, Hanson and Fernandez",Exporter,Hesse,Cooperative,2024-12-28,515.2,0.8,412.16,10.83,380.01,21.32,23.88,0.77,0.03
7354,10018,Potato,Russet,"Soto, Norris and Stevens",Retailer,Saxony,Online,2024-01-20,658.6,1.0,658.6,17.54,586.93,54.13,10.34,1.07,-0.07
7355,14080,Potato,Russet,Patel-Gonzalez,Wholesaler,Bavaria,Online,2024-09-10,1360.3,0.88,1197.06,24.75,1148.26,24.05,13.57,0.81,0.07
7356,13598,Barley,Hulled,Santos and Sons,Retailer,Brandenburg,Direct,2023-10-06,1842.3,1.22,2247.61,28.22,2196.3,23.09,11.78,1.22,0.0
7357,10343,Wheat,Durum,Kelly-Gonzalez,Exporter,Brandenburg,Direct,2025-05-05,1938.5,0.72,1395.72,14.88,1312.12,68.72,20.06,0.68,0.04
7358,575,Potato,Red,"Mcclure, Mann and Frey",Retailer,Lower Saxony,Cooperative,2025-05-05,341.9,0.92,314.55,16.74,275.3,22.51,14.02,0.86,0.06
7359,2879,Wheat,Emmer,Rodriguez Group,Exporter,Brandenburg,Direct,2024-02-16,342.4,0.5,171.2,37.4,64.63,69.17,9.18,0.51,-0.01
7360,1707,Potato,Red,Hamilton-Blake,Wholesaler,Brandenburg,Cooperative,2023-11-19,853.6,1.18,1007.25,41.46,936.61,29.18,23.03,1.3,-0.12
7361,577,Potato,Russet,Wilson-James,Retailer,Lower Saxony,Direct,2025-05-05,1555.9,1.08,1680.37,43.69,1548.01,88.67,11.32,1.19,-0.11
7362,4350,Potato,Russet,Carr Ltd,Exporter,Bavaria,Cooperative,2025-05-01,1092.9,1.0,1092.9,7.43,1046.64,38.83,14.52,1.06,-0.06
7363,2816,Wheat,Durum,"Anderson, Moore and Smith",Wholesaler,Saxony,Cooperative,2025-03-07,802.8,0.4,321.12,20.4,200.75,99.97,15.87,0.41,-0.01
7364,5878,Soybean,Yellow,Wright Group,Exporter,Lower Saxony,Direct,2023-12-02,1950.0,0.55,1072.5,14.1,1019.65,38.75,17.64,0.56,-0.01
7365,14083,Soybean,Yellow,"Miller, Nash and Douglas",Wholesaler,Saxony,Online,2025-02-13,640.4,0.93,595.57,46.5,464.28,84.79,7.45,1.01,-0.08
7366,14289,Corn,Dent,Craig Inc,Wholesaler,Hesse,Cooperative,2025-04-10,1435.7,0.33,473.78,11.45,433.21,29.12,22.82,0.32,0.01
7367,3782,Wheat,Durum,"Jacobs, Porter and Phillips",Wholesaler,Saxony,Online,2025-01-04,878.8,1.01,887.59,2.37,799.9,85.32,5.67,0.94,0.07
7368,7818,Barley,Hulled,Hayes PLC,Exporter,Lower Saxony,Online,2024-07-15,963.6,1.09,1050.32,13.49,981.62,55.21,23.03,1.07,0.02
7369,1862,Soybean,Yellow,Kerr-Hickman,Wholesaler,Hesse,Online,2024-10-30,1992.3,1.52,3028.3,22.69,2965.6,40.01,15.97,1.48,0.04
7370,11205,Soybean,Black,"Crosby, Warner and Morris",Wholesaler,Lower Saxony,Direct,2025-05-05,1087.0,0.89,967.43,14.16,873.8,79.47,23.8,0.83,0.06
7371,3054,Barley,Hulless,"Moore, Crane and Cohen",Exporter,Lower Saxony,Direct,2025-01-02,848.0,0.47,398.56,23.46,293.93,81.17,6.34,0.46,0.01
7372,11076,Potato,Russet,Boyd and Sons,Exporter,Hesse,Direct,2025-05-04,1447.3,0.32,463.14,30.81,346.57,85.76,9.13,0.34,-0.02
7373,7122,Potato,Russet,"Wagner, Conner and Wong",Retailer,Brandenburg,Direct,2025-01-12,1136.7,1.26,1432.24,17.16,1325.2,89.88,17.62,1.31,-0.05
7374,10647,Barley,Hulless,"Schaefer, Suarez and Rosales",Retailer,Bavaria,Cooperative,2025-05-05,1427.3,0.51,727.92,42.89,652.65,32.38,10.48,0.47,0.04
7375,2638,Corn,Sweet,"Miller, Ruiz and Collins",Wholesaler,Bavaria,Cooperative,2024-08-10,1592.7,0.68,1083.04,8.19,977.67,97.18,7.45,0.75,-0.07
7376,14349,Potato,Red,Velez-Navarro,Wholesaler,Lower Saxony,Cooperative,2025-05-05,1715.0,1.33,2280.95,28.97,2161.97,90.01,11.47,1.23,0.1
7377,12380,Potato,Russet,Carter LLC,Wholesaler,Saxony,Online,2025-02-02,633.4,1.55,981.77,16.31,885.65,79.81,14.68,1.43,0.12
7378,1989,Potato,Russet,Barnes-Giles,Exporter,Bavaria,Online,2024-04-24,768.8,1.11,853.37,8.64,758.2,86.53,17.52,1.13,-0.02
7379,3583,Barley,Hulled,Good LLC,Wholesaler,Lower Saxony,Cooperative,2024-04-07,959.6,0.93,892.43,43.19,786.48,62.76,6.27,0.87,0.06
7380,6687,Soybean,Yellow,Torres-Dennis,Wholesaler,Hesse,Direct,2024-09-16,249.9,0.46,114.95,47.85,22.02,45.08,7.28,0.49,-0.03
7381,11199,Potato,Red,"Ray, Gray and Collier",Retailer,Saxony,Direct,2024-12-31,572.0,0.88,503.36,13.04,410.88,79.44,10.38,0.97,-0.09
7382,12078,Potato,Red,Smith-Smith,Wholesaler,Bavaria,Direct,2024-10-25,322.9,1.19,384.25,7.5,359.03,17.72,19.37,1.14,0.05
7383,8364,Wheat,Emmer,Shaw-Gutierrez,Retailer,Bavaria,Online,2025-01-12,1635.1,0.44,719.44,11.8,676.1,31.54,5.04,0.45,-0.01
7384,11579,Potato,Red,Wallace-Fernandez,Wholesaler,Lower Saxony,Online,2025-01-18,382.2,1.57,600.05,46.77,537.67,15.61,19.33,1.44,0.13
7385,8840,Barley,Hulled,"Beltran, Brooks and Ray",Exporter,Bavaria,Online,2025-05-05,1245.7,1.34,1669.24,40.21,1608.86,20.17,17.1,1.26,0.08
7386,14268,Wheat,Emmer,Love Ltd,Exporter,Lower Saxony,Online,2025-05-05,1323.8,0.61,807.52,47.95,663.32,96.25,14.76,0.63,-0.02
7387,12127,Wheat,Durum,Brown and Sons,Exporter,Brandenburg,Cooperative,2025-02-07,1783.1,0.37,659.75,9.42,592.4,57.93,20.46,0.38,-0.01
7388,10188,Barley,Hulled,"Mcguire, Thompson and Barry",Retailer,Lower Saxony,Direct,2024-07-10,205.9,0.62,127.66,39.52,78.11,10.03,8.39,0.63,-0.01
7389,3186,Barley,Hulled,Lewis-Pierce,Exporter,Bavaria,Cooperative,2025-05-05,438.9,0.51,223.84,29.55,101.42,92.87,19.83,0.5,0.01
7390,4461,Potato,Russet,Sullivan and Sons,Retailer,Brandenburg,Direct,2024-06-27,1540.7,0.58,893.61,9.22,808.35,76.04,9.01,0.57,0.01
7391,13236,Corn,Dent,Petty Ltd,Exporter,Saxony,Direct,2025-05-05,1665.4,0.68,1132.47,3.56,1054.07,74.84,14.42,0.65,0.03
7392,10905,Wheat,Durum,Benson-Harper,Exporter,Hesse,Cooperative,2024-08-28,1829.8,0.78,1427.24,29.14,1377.7,20.4,13.71,0.79,-0.01
7393,13935,Barley,Hulled,Peck LLC,Retailer,Brandenburg,Direct,2025-03-18,1943.5,1.45,2818.08,5.54,2767.44,45.1,18.48,1.5,-0.05
7394,9613,Potato,Red,Oconnell Inc,Wholesaler,Saxony,Direct,2025-02-24,1153.3,1.22,1407.03,21.04,1353.33,32.66,7.92,1.3,-0.08
7395,6788,Wheat,Durum,"Mason, Flores and Downs",Retailer,Hesse,Online,2025-03-18,238.6,0.52,124.07,36.35,29.58,58.14,5.75,0.49,0.03
7396,10104,Potato,Russet,Rogers-Hinton,Retailer,Brandenburg,Direct,2025-04-24,613.4,0.3,184.02,11.69,87.75,84.58,12.17,0.31,-0.01
7397,10065,Potato,Red,"Russo, Schultz and Brown",Exporter,Brandenburg,Online,2025-05-05,401.0,0.41,164.41,11.11,103.89,49.41,16.56,0.42,-0.01
7398,6588,Potato,Red,Salas-Martin,Wholesaler,Brandenburg,Cooperative,2025-05-05,269.7,1.17,315.55,2.35,218.77,94.43,11.04,1.21,-0.04
7399,190,Corn,Dent,"Mullen, Walker and Jarvis",Retailer,Lower Saxony,Direct,2024-06-17,1152.3,0.51,587.67,28.6,534.1,24.97,10.67,0.55,-0.04
7400,10401,Potato,Russet,Yang-Perez,Exporter,Brandenburg,Direct,2025-04-02,1312.3,0.37,485.55,28.84,415.59,41.12,11.98,0.38,-0.01
7401,2564,Wheat,Durum,Stewart-Trujillo,Exporter,Bavaria,Online,2024-03-28,1781.8,0.8,1425.44,22.29,1363.3,39.85,8.45,0.8,0.0
7402,13330,Soybean,Black,Patterson-Richardson,Exporter,Brandenburg,Cooperative,2024-09-08,710.3,1.45,1029.94,41.38,947.97,40.59,7.31,1.37,0.08
7403,10215,Potato,Russet,"Moore, Baker and Turner",Retailer,Bavaria,Direct,2025-03-31,841.3,1.22,1026.39,37.54,921.73,67.12,12.62,1.35,-0.13
7404,1692,Wheat,Emmer,Washington Ltd,Retailer,Lower Saxony,Online,2024-11-08,1178.7,1.2,1414.44,28.38,1364.82,21.24,23.91,1.21,-0.01
7405,2034,Barley,Hulless,Turner-Pierce,Retailer,Brandenburg,Cooperative,2025-04-07,652.4,0.96,626.3,11.29,547.26,67.75,5.02,0.9,0.06
7406,2545,Wheat,Durum,Mclaughlin PLC,Retailer,Lower Saxony,Direct,2025-01-30,654.7,1.19,779.09,28.0,685.24,65.85,20.5,1.28,-0.09
7407,884,Wheat,Emmer,Graham-Blankenship,Retailer,Lower Saxony,Direct,2024-09-26,1129.5,0.5,564.75,12.74,482.89,69.12,12.66,0.49,0.01
7408,4063,Potato,Red,"Byrd, Carter and Valenzuela",Wholesaler,Brandenburg,Online,2025-05-05,1796.9,1.28,2300.03,20.71,2255.43,23.89,14.05,1.24,0.04
7409,9919,Barley,Hulled,"Murphy, Leonard and Brown",Retailer,Lower Saxony,Direct,2025-03-21,1382.4,1.27,1755.65,13.31,1686.58,55.76,24.84,1.25,0.02
7410,931,Corn,Dent,"Stout, Adams and Moore",Retailer,Lower Saxony,Cooperative,2025-03-08,450.5,0.56,252.28,36.87,174.87,40.54,5.85,0.61,-0.05
7411,9852,Soybean,Yellow,Newton-Johnson,Wholesaler,Saxony,Online,2025-03-02,1948.5,1.49,2903.26,0.94,2856.15,46.17,20.45,1.4,0.09
7412,7465,Wheat,Emmer,Fox PLC,Exporter,Saxony,Cooperative,2024-12-27,1429.4,0.57,814.76,18.99,781.38,14.39,14.32,0.52,0.05
7413,10529,Corn,Dent,White and Sons,Retailer,Saxony,Cooperative,2025-04-23,1944.9,1.38,2683.96,12.78,2583.59,87.59,5.96,1.35,0.03
7414,14133,Potato,Red,Bolton LLC,Wholesaler,Saxony,Direct,2025-05-05,1265.8,0.44,556.95,10.13,514.96,31.86,7.79,0.42,0.02
7415,9628,Corn,Dent,"Medina, King and Patterson",Exporter,Lower Saxony,Cooperative,2024-12-13,1347.4,1.15,1549.51,15.16,1458.61,75.74,6.3,1.23,-0.08
7416,3773,Wheat,Emmer,Rosario-Jackson,Retailer,Hesse,Direct,2025-05-05,1671.0,0.69,1152.99,6.03,1065.61,81.35,17.19,0.68,0.01
7417,633,Wheat,Durum,Thompson Group,Exporter,Saxony,Direct,2025-01-26,825.1,1.29,1064.38,9.64,1005.51,49.23,23.94,1.32,-0.03
7418,558,Potato,Russet,Berry Group,Wholesaler,Brandenburg,Online,2025-04-15,750.2,0.82,615.16,34.75,534.38,46.03,23.7,0.8,0.02
7419,10403,Barley,Hulled,Wilson Ltd,Wholesaler,Bavaria,Online,2025-01-20,893.5,1.24,1107.94,43.98,1035.73,28.23,18.2,1.32,-0.08
7420,10586,Barley,Hulled,Gonzalez-Parker,Wholesaler,Brandenburg,Online,2025-01-17,1381.4,0.55,759.77,49.62,693.21,16.94,13.69,0.51,0.04
7421,688,Potato,Russet,Pierce-Quinn,Retailer,Brandenburg,Cooperative,2025-04-22,1466.9,0.66,968.15,23.45,897.43,47.27,11.88,0.64,0.02
7422,7254,Potato,Russet,Gross-Brown,Retailer,Lower Saxony,Online,2024-05-23,1260.5,0.48,605.04,32.98,507.99,64.07,19.81,0.48,0.0
7423,7394,Wheat,Durum,Arnold-Lucas,Retailer,Bavaria,Online,2025-05-05,1297.9,0.64,830.66,7.75,798.73,24.18,16.69,0.71,-0.07
7424,5705,Potato,Red,Rodriguez PLC,Retailer,Hesse,Cooperative,2024-11-13,1369.7,0.62,849.21,10.37,769.55,69.29,21.71,0.64,-0.02
7425,8710,Corn,Sweet,Lozano-Cruz,Retailer,Bavaria,Cooperative,2024-10-27,1619.5,1.15,1862.42,25.75,1797.33,39.34,21.76,1.09,0.06
7426,11916,Soybean,Black,Morris Inc,Wholesaler,Lower Saxony,Online,2025-04-21,1073.0,1.05,1126.65,42.56,1004.58,79.51,9.44,1.1,-0.05
7427,12862,Potato,Red,"Thompson, Young and Crawford",Retailer,Saxony,Cooperative,2024-08-21,1444.2,1.37,1978.55,21.88,1935.57,21.1,8.94,1.38,-0.01
7428,6202,Corn,Dent,Williams-Clay,Retailer,Lower Saxony,Direct,2025-05-05,1602.5,1.11,1778.78,23.08,1684.28,71.42,14.54,1.23,-0.12
7429,2122,Potato,Russet,"Russell, Choi and Knapp",Wholesaler,Bavaria,Online,2025-05-05,1905.1,1.19,2267.07,37.82,2178.82,50.43,14.56,1.13,0.06
7430,2181,Wheat,Durum,Price-Frye,Wholesaler,Saxony,Cooperative,2025-05-01,587.7,1.03,605.33,29.06,511.86,64.41,8.13,1.09,-0.06
7431,14248,Corn,Sweet,Schneider-Jones,Retailer,Saxony,Cooperative,2025-02-04,1194.3,0.57,680.75,29.2,582.3,69.25,9.05,0.61,-0.04
7432,2452,Barley,Hulless,Jones-Schneider,Retailer,Hesse,Cooperative,2024-09-27,516.6,1.3,671.58,4.01,649.59,17.98,17.36,1.25,0.05
7433,11191,Barley,Hulled,Rivera-Woods,Wholesaler,Lower Saxony,Direct,2025-04-24,1138.9,0.4,455.56,12.46,373.55,69.55,19.69,0.37,0.03
7434,896,Soybean,Yellow,"Powell, Webb and Dillon",Wholesaler,Saxony,Cooperative,2025-05-05,1619.2,1.34,2169.73,36.73,2089.11,43.89,9.48,1.27,0.07
7435,12926,Soybean,Black,Jordan LLC,Wholesaler,Hesse,Cooperative,2025-02-09,1890.2,1.09,2060.32,24.6,1997.32,38.4,8.45,1.09,0.0
7436,14403,Soybean,Black,Harding-Hampton,Exporter,Bavaria,Online,2025-05-05,1704.0,0.6,1022.4,12.0,993.0,17.4,23.75,0.61,-0.01
7437,6099,Corn,Sweet,Mccoy LLC,Exporter,Hesse,Online,2024-07-08,773.4,0.35,270.69,43.57,198.33,28.79,20.66,0.35,0.0
7438,4166,Potato,Russet,"Jordan, Morales and Hunter",Wholesaler,Hesse,Cooperative,2024-10-26,1826.7,0.46,840.28,39.43,784.34,16.51,21.25,0.49,-0.03
7439,11983,Soybean,Black,Moore-Martinez,Exporter,Lower Saxony,Direct,2024-09-19,623.1,1.09,679.18,17.06,607.97,54.15,18.8,1.18,-0.09
7440,6143,Corn,Dent,Walton-Smith,Exporter,Hesse,Cooperative,2025-05-05,392.9,1.02,400.76,8.15,339.33,53.28,17.33,1.04,-0.02
7441,9552,Corn,Dent,Richardson Group,Retailer,Brandenburg,Direct,2025-02-13,482.7,0.43,207.56,42.09,138.38,27.09,20.85,0.48,-0.05
7442,9105,Wheat,Emmer,Wilson Ltd,Wholesaler,Saxony,Cooperative,2025-02-27,1884.4,1.53,2883.13,14.7,2830.56,37.87,23.19,1.4,0.13
7443,8835,Corn,Sweet,Wagner-Francis,Retailer,Saxony,Cooperative,2025-05-05,1551.1,0.8,1240.88,11.77,1195.74,33.37,8.38,0.74,0.06
7444,10110,Soybean,Black,Perez Inc,Exporter,Bavaria,Direct,2025-01-23,499.0,0.94,469.06,10.12,413.73,45.21,8.18,0.89,0.05
7445,10732,Wheat,Durum,Rangel PLC,Retailer,Saxony,Cooperative,2025-04-30,1158.4,1.04,1204.74,46.06,1068.28,90.4,12.66,0.98,0.06
7446,7541,Barley,Hulless,"Smith, Fields and Howe",Wholesaler,Lower Saxony,Cooperative,2025-03-08,819.9,1.17,959.28,18.38,855.98,84.92,11.24,1.25,-0.08
7447,14749,Corn,Sweet,"Fisher, Gray and Gates",Exporter,Bavaria,Cooperative,2025-01-12,738.6,0.93,686.9,12.32,616.16,58.42,19.05,0.98,-0.05
7448,6762,Barley,Hulless,Edwards-Wood,Exporter,Bavaria,Cooperative,2025-02-19,484.6,1.11,537.91,45.59,475.8,16.52,12.13,1.13,-0.02
7449,2930,Soybean,Black,Vasquez and Sons,Exporter,Saxony,Cooperative,2024-01-03,1429.2,0.32,457.34,41.35,346.15,69.84,10.2,0.32,0.0
7450,12830,Barley,Hulless,Morris-Butler,Exporter,Lower Saxony,Cooperative,2024-07-06,1932.0,0.85,1642.2,29.32,1583.03,29.85,6.15,0.87,-0.02
7451,3417,Potato,Red,"Garner, Price and King",Exporter,Brandenburg,Cooperative,2025-02-25,516.7,0.88,454.7,21.33,414.68,18.69,8.7,0.96,-0.08
7452,4649,Soybean,Yellow,"Davila, Humphrey and Davidson",Exporter,Brandenburg,Online,2025-04-23,1259.1,0.85,1070.23,25.98,1017.28,26.97,12.08,0.78,0.07
7453,1512,Barley,Hulled,"Conner, Wells and Garcia",Exporter,Bavaria,Online,2024-10-27,643.5,0.88,566.28,37.72,485.73,42.83,17.54,0.89,-0.01
7454,13900,Wheat,Emmer,Cook Ltd,Wholesaler,Hesse,Cooperative,2025-05-05,978.5,0.59,577.31,49.12,494.26,33.93,13.72,0.6,-0.01
7455,3941,Soybean,Yellow,"Moran, Vasquez and Harris",Wholesaler,Saxony,Cooperative,2025-04-18,414.8,0.64,265.47,23.67,172.5,69.3,18.08,0.66,-0.02
7456,414,Soybean,Yellow,Valdez Ltd,Exporter,Lower Saxony,Online,2025-02-08,642.3,1.06,680.84,31.01,602.08,47.75,20.01,0.99,0.07
7457,3949,Wheat,Durum,"Keller, Duncan and Thomas",Wholesaler,Saxony,Online,2025-01-31,747.5,0.98,732.55,32.71,626.79,73.05,15.96,1.07,-0.09
7458,116,Barley,Hulled,Hall-Stanley,Retailer,Brandenburg,Direct,2024-12-05,245.0,0.54,132.3,5.39,93.86,33.05,20.02,0.5,0.04
7459,7286,Wheat,Emmer,Smith LLC,Wholesaler,Saxony,Cooperative,2025-05-03,1815.0,0.5,907.5,38.63,838.12,30.75,7.55,0.48,0.02
7460,10593,Wheat,Emmer,Dickson-White,Wholesaler,Saxony,Direct,2024-06-22,1026.2,0.76,779.91,24.92,668.42,86.57,21.12,0.82,-0.06
7461,5226,Potato,Russet,Martin-Bond,Retailer,Bavaria,Online,2025-03-22,1014.8,0.42,426.22,30.11,364.88,31.23,18.28,0.41,0.01
7462,2893,Soybean,Black,Wilson-Nixon,Retailer,Brandenburg,Cooperative,2025-03-29,1840.3,0.43,791.33,40.22,675.05,76.06,17.76,0.45,-0.02
7463,7506,Potato,Red,Peterson-Douglas,Exporter,Brandenburg,Cooperative,2024-11-08,1527.2,1.01,1542.47,21.48,1508.93,12.06,24.86,0.95,0.06
7464,7567,Corn,Dent,"Hamilton, Jackson and Mccarty",Wholesaler,Bavaria,Direct,2025-05-04,1101.0,1.45,1596.45,20.0,1520.21,56.24,16.63,1.32,0.13
7465,7503,Soybean,Black,Williams-Whitaker,Retailer,Lower Saxony,Cooperative,2025-05-05,1745.8,1.14,1990.21,36.83,1887.29,66.09,7.02,1.07,0.07
7466,13117,Wheat,Emmer,Kim Inc,Wholesaler,Lower Saxony,Direct,2025-02-11,237.8,0.61,145.06,47.36,29.28,68.42,5.25,0.57,0.04
7467,11697,Soybean,Black,"Dominguez, Arroyo and Gray",Wholesaler,Brandenburg,Direct,2025-05-05,1594.8,0.39,621.97,28.35,529.65,63.97,13.9,0.39,0.0
7468,2498,Potato,Red,Jordan-Martin,Retailer,Saxony,Online,2024-09-23,1703.9,0.91,1550.55,47.32,1482.07,21.16,13.3,0.98,-0.07
7469,4294,Potato,Red,Watkins Group,Wholesaler,Lower Saxony,Cooperative,2025-04-27,1687.4,1.3,2193.62,7.55,2115.52,70.55,8.03,1.43,-0.13
7470,4739,Wheat,Emmer,"Wilson, Johns and Mcpherson",Retailer,Lower Saxony,Direct,2024-11-03,1788.1,0.71,1269.55,10.57,1244.14,14.84,7.55,0.73,-0.02
7471,10109,Wheat,Durum,Smith-Tucker,Wholesaler,Lower Saxony,Cooperative,2024-09-28,557.5,0.41,228.58,42.23,94.64,91.71,22.92,0.38,0.03
7472,11399,Barley,Hulled,"Ward, Mullins and Scott",Wholesaler,Saxony,Cooperative,2025-03-28,1119.5,0.74,828.43,26.42,715.29,86.72,11.73,0.81,-0.07
7473,652,Wheat,Durum,Meyer-Davis,Exporter,Hesse,Cooperative,2024-11-25,1149.5,1.24,1425.38,35.48,1351.32,38.58,6.05,1.2,0.04
7474,7402,Potato,Red,Morrison-Brown,Wholesaler,Bavaria,Direct,2024-07-01,1366.3,1.37,1871.83,47.64,1812.99,11.2,16.18,1.41,-0.04
7475,4483,Corn,Sweet,Jackson Ltd,Wholesaler,Hesse,Online,2025-05-05,931.8,0.97,903.85,32.36,779.02,92.47,18.5,0.89,0.08
7476,692,Potato,Red,Martinez Group,Retailer,Hesse,Direct,2025-01-07,1745.1,1.37,2390.79,13.67,2287.83,89.29,13.02,1.38,-0.01
7477,11384,Corn,Dent,"Lopez, Warren and Rivera",Wholesaler,Lower Saxony,Cooperative,2025-04-19,1062.1,1.42,1508.18,23.28,1448.66,36.24,10.7,1.42,0.0
7478,5580,Soybean,Black,Hughes and Sons,Retailer,Brandenburg,Cooperative,2025-05-05,1547.9,0.95,1470.5,42.01,1350.19,78.3,14.75,1.03,-0.08
7479,3703,Wheat,Emmer,"Davidson, Sandoval and Cox",Wholesaler,Bavaria,Direct,2024-07-11,1259.9,0.51,642.55,9.2,576.37,56.98,14.26,0.5,0.01
7480,10818,Corn,Dent,Cain LLC,Retailer,Saxony,Online,2025-04-25,1396.8,0.44,614.59,2.53,564.45,47.61,9.08,0.47,-0.03
7481,7082,Wheat,Emmer,Thomas-Becker,Wholesaler,Bavaria,Online,2025-04-07,1069.2,1.41,1507.57,0.83,1413.33,93.41,21.28,1.4,0.01
7482,8851,Corn,Dent,Lloyd Group,Retailer,Bavaria,Online,2024-12-31,694.5,0.78,541.71,1.83,486.39,53.49,19.47,0.75,0.03
7483,13495,Soybean,Black,"Weaver, Moore and Howell",Exporter,Bavaria,Direct,2024-10-21,1618.8,1.38,2233.94,12.95,2167.27,53.72,9.69,1.45,-0.07
7484,10837,Corn,Dent,"Roman, Clark and Phelps",Exporter,Lower Saxony,Cooperative,2025-01-05,862.5,0.74,638.25,5.9,597.37,34.98,7.02,0.7,0.04
7485,4469,Wheat,Durum,"Guerra, Gardner and Hart",Retailer,Bavaria,Cooperative,2024-07-05,1924.7,0.82,1578.25,6.1,1508.79,63.36,18.2,0.79,0.03
7486,7465,Wheat,Emmer,Barker-Harris,Retailer,Saxony,Online,2025-01-16,688.7,0.56,385.67,45.98,274.39,65.3,22.86,0.52,0.04
7487,4779,Corn,Sweet,Lee-Lambert,Retailer,Hesse,Direct,2025-02-20,1622.9,1.39,2255.83,48.14,2140.65,67.04,22.19,1.31,0.08
7488,10348,Wheat,Durum,"Howard, Bates and Martinez",Retailer,Bavaria,Online,2025-05-02,469.8,0.98,460.4,38.47,397.62,24.31,13.37,0.89,0.09
7489,8881,Barley,Hulled,Bautista-Holt,Exporter,Saxony,Cooperative,2025-05-05,1907.8,1.05,2003.19,25.6,1916.25,61.34,7.45,1.1,-0.05
7490,3625,Barley,Hulless,"Schmidt, Mcmillan and Ho",Wholesaler,Hesse,Direct,2024-03-24,737.8,0.76,560.73,3.64,507.52,49.57,18.8,0.79,-0.03
7491,4453,Soybean,Yellow,Williams-Jones,Exporter,Brandenburg,Online,2025-05-05,1901.8,1.31,2491.36,41.36,2433.96,16.04,11.04,1.19,0.12
7492,6783,Corn,Sweet,Salazar PLC,Wholesaler,Bavaria,Cooperative,2025-01-12,1257.1,1.31,1646.8,9.26,1559.01,78.53,17.05,1.33,-0.02
7493,5815,Potato,Russet,Cruz Inc,Wholesaler,Brandenburg,Cooperative,2025-01-27,1008.0,1.39,1401.12,49.91,1309.15,42.06,14.47,1.37,0.02
7494,12151,Potato,Russet,"Becker, Roman and Jones",Retailer,Brandenburg,Cooperative,2025-03-03,890.1,0.9,801.09,10.14,731.97,58.98,15.1,0.9,0.0
7495,1315,Corn,Dent,"Brown, Stevens and Crawford",Wholesaler,Hesse,Online,2025-03-12,1589.8,1.07,1701.09,45.86,1608.56,46.67,24.45,1.08,-0.01
7496,8539,Soybean,Black,Moore-Daniels,Retailer,Hesse,Online,2024-12-19,1329.5,1.09,1449.16,25.97,1407.88,15.31,15.75,1.08,0.01
7497,11804,Potato,Red,Gordon-Pitts,Wholesaler,Bavaria,Direct,2025-05-01,1375.2,0.83,1141.42,32.96,1021.07,87.39,9.24,0.89,-0.06
7498,4743,Potato,Red,Ramos LLC,Exporter,Hesse,Cooperative,2025-03-13,1714.3,1.02,1748.59,36.98,1677.25,34.36,24.44,0.94,0.08
7499,14370,Corn,Dent,Perry-Peterson,Exporter,Lower Saxony,Direct,2025-01-27,1142.1,1.05,1199.2,25.54,1089.49,84.17,12.7,1.08,-0.03
7500,2725,Potato,Red,Carter and Sons,Exporter,Bavaria,Online,2023-11-08,1982.0,0.47,931.54,32.04,859.34,40.16,13.94,0.47,0.0
